ID_ACCIDENTE,AÑO,PROVINCIA,MES,DIA_SEMANA,HORA,ZONA,TIPO_VIA,TIPO_ACCIDENTE,CONDICION_METEO,CONDICION_ILUMINACION,TOTAL_VICTIMAS,FALLECIDOS_24H,HERIDOS_GRAVES,HERIDOS_LEVES
429,2019,Álava,3,Sábado,9,Travesía,Otro,Objeto desprendido,Buen tiempo,Pleno día,1,0,0,1
430,2019,Álava,3,Miércoles,20,Travesía,Otro,Objeto desprendido,Nieve,Se desconoce,1,0,0,1
431,2019,Álava,3,Lunes,17,Travesía,Otro,Choque obstáculo lateral,Buen tiempo,Pleno día,2,0,0,2
432,2019,Álava,3,Lunes,17,Travesía,Otro,Choque obstáculo lateral,Buen tiempo,Pleno día,1,0,0,1
433,2019,Álava,3,Lunes,22,Travesía,Otro,Colisión por alcance,Buen tiempo,Noche sin iluminación,1,0,0,1
434,2019,Álava,3,Martes,0,Travesía,Otro,Choque obstáculo calzada,Buen tiempo,Noche sin iluminación,1,0,0,1
435,2019,Álava,3,Miércoles,13,Travesía,Otro,Choque obstáculo lateral,Buen tiempo,Pleno día,2,0,0,2
436,2019,Álava,3,Jueves,22,Travesía,Otro,Atropello a peatón,Buen tiempo,Se desconoce,1,0,0,1
437,2019,Álava,3,Jueves,13,Travesía,Otro,Objeto desprendido,Buen tiempo,Pleno día,2,0,0,2
438,2019,Álava,3,Sábado,22,Travesía,Otro,Atropello a peatón,Buen tiempo,Noche sin iluminación,1,0,0,1
439,2019,Álava,1,Miércoles,9,Travesía,Otro,Objeto desprendido,Granizo,Pleno día,1,0,0,1
440,2019,Álava,3,Sábado,12,Travesía,Otro,Colisión frontolateral,Buen tiempo,Pleno día,1,0,0,1
441,2019,Álava,3,Domingo,12,Travesía,Otro,Colisión por alcance,Buen tiempo,Pleno día,5,0,0,5
442,2019,Álava,3,Domingo,13,Travesía,Otro,Objeto desprendido,Buen tiempo,Pleno día,1,0,0,1
443,2019,Álava,3,Lunes,4,Travesía,Otro,Se desconoce,Buen tiempo,Noche sin iluminación,1,0,1,0
444,2019,Álava,3,Lunes,7,Travesía,Otro,Choque obstáculo lateral,Buen tiempo,Pleno día,1,0,0,1
445,2019,Álava,3,Martes,8,Travesía,Otro,Colisión lateral,Buen tiempo,Pleno día,1,0,0,1
446,2019,Álava,3,Martes,9,Travesía,Otro,Colisión frontolateral,Buen tiempo,Pleno día,1,0,0,1
447,2019,Álava,3,Martes,11,Travesía,Otro,Colisión frontolateral,Buen tiempo,Pleno día,1,0,1,0
448,2019,Álava,3,Martes,14,Travesía,Otro,Choque obstáculo lateral,Buen tiempo,Pleno día,1,0,0,1
449,2019,Álava,3,Martes,11,Travesía,Otro,Colisión frontolateral,Buen tiempo,Pleno día,1,0,0,1
450,2019,Álava,3,Martes,8,Travesía,Otro,Colisión frontolateral,Buen tiempo,Pleno día,1,0,0,1
451,2019,Álava,3,Miércoles,11,Travesía,Otro,Choque obstáculo lateral,Buen tiempo,Pleno día,1,0,0,1
452,2019,Álava,3,Miércoles,13,Travesía,Otro,Objeto desprendido,Buen tiempo,Pleno día,2,0,0,2
453,2019,Álava,3,Miércoles,14,Travesía,Otro,Colisión frontolateral,Buen tiempo,Pleno día,1,0,0,1
454,2019,Álava,3,Miércoles,16,Travesía,Otro,Colisión frontolateral,Buen tiempo,Pleno día,1,0,0,1
455,2019,Álava,3,Jueves,12,Travesía,Otro,Colisión por alcance,Buen tiempo,Pleno día,2,0,0,2
456,2019,Álava,3,Jueves,14,Travesía,Otro,Colisión por alcance,Buen tiempo,Pleno día,1,0,0,1
457,2019,Álava,3,Jueves,15,Travesía,Otro,Choque obstáculo lateral,Buen tiempo,Pleno día,1,0,0,1
458,2019,Álava,4,Lunes,17,Travesía,Otro,Colisión frontolateral,Buen tiempo,Pleno día,1,0,0,1
459,2019,Álava,3,Jueves,17,Travesía,Otro,Objeto desprendido,Buen tiempo,Pleno día,1,0,0,1
460,2019,Álava,3,Viernes,19,Travesía,Otro,Colisión lateral,Buen tiempo,Amanecer/Anochecer,1,0,0,1
461,2019,Álava,3,Sábado,16,Travesía,Otro,Colisión frontolateral,Buen tiempo,Pleno día,1,0,0,1
462,2019,Álava,3,Sábado,17,Travesía,Otro,Colisión frontolateral,Buen tiempo,Pleno día,1,0,0,1
463,2019,Álava,3,Sábado,16,Travesía,Otro,Choque obstáculo lateral,Buen tiempo,Pleno día,1,0,0,1
464,2019,Álava,3,Sábado,19,Travesía,Otro,Colisión lateral,Buen tiempo,Pleno día,1,0,0,1
465,2019,Álava,3,Sábado,14,Travesía,Otro,Colisión por alcance,Buen tiempo,Pleno día,2,0,0,2
466,2019,Álava,3,Sábado,12,Travesía,Otro,Colisión frontolateral,Buen tiempo,Pleno día,2,0,0,2
467,2019,Álava,3,Domingo,14,Travesía,Otro,Colisión múltiple,Buen tiempo,Pleno día,2,0,0,2
468,2019,Álava,3,Domingo,8,Travesía,Otro,Objeto desprendido,Buen tiempo,Pleno día,1,0,0,1
469,2019,Álava,1,Miércoles,20,Travesía,Otro,Colisión frontolateral,Buen tiempo,Noche sin iluminación,1,0,0,1
470,2019,Álava,4,Martes,7,Travesía,Otro,Atropello a peatón,Buen tiempo,Pleno día,1,0,0,1
471,2019,Álava,4,Martes,13,Travesía,Otro,Atropello a peatón,Buen tiempo,Pleno día,1,0,0,1
472,2019,Álava,4,Martes,12,Travesía,Otro,Atropello a peatón,Buen tiempo,Pleno día,1,0,0,1
473,2019,Álava,4,Jueves,15,Travesía,Otro,Atropello a peatón,Buen tiempo,Pleno día,1,0,0,1
474,2019,Álava,4,Viernes,8,Travesía,Otro,Colisión frontolateral,Buen tiempo,Pleno día,1,0,0,1
475,2019,Álava,4,Viernes,20,Travesía,Otro,Colisión por alcance,Buen tiempo,Pleno día,3,0,0,3
476,2019,Álava,4,Sábado,14,Travesía,Otro,Colisión lateral,Buen tiempo,Pleno día,1,0,0,1
477,2019,Álava,1,Jueves,17,Travesía,Otro,Choque obstáculo lateral,Buen tiempo,Pleno día,1,0,1,0
478,2019,Álava,4,Sábado,10,Travesía,Otro,Colisión frontolateral,Buen tiempo,Pleno día,1,0,0,1
479,2019,Álava,4,Sábado,13,Travesía,Otro,Objeto desprendido,Buen tiempo,Pleno día,2,0,0,2
480,2019,Álava,4,Domingo,15,Travesía,Otro,Colisión frontolateral,Buen tiempo,Pleno día,1,0,0,1
481,2019,Álava,4,Lunes,14,Travesía,Otro,Colisión frontolateral,Granizo,Pleno día,2,0,0,2
482,2019,Álava,4,Lunes,20,Travesía,Otro,Colisión frontolateral,Buen tiempo,Noche sin iluminación,1,0,0,1
483,2019,Álava,4,Lunes,13,Travesía,Otro,Objeto desprendido,Granizo,Pleno día,1,0,0,1
484,2019,Álava,4,Martes,9,Travesía,Otro,Colisión frontolateral,Buen tiempo,Pleno día,1,0,0,1
485,2019,Álava,4,Miércoles,17,Travesía,Otro,Colisión frontolateral,Granizo,Pleno día,1,0,0,1
486,2019,Álava,4,Jueves,18,Travesía,Otro,Colisión frontolateral,Buen tiempo,Pleno día,2,0,0,2
487,2019,Álava,4,Jueves,20,Travesía,Otro,Colisión frontolateral,Buen tiempo,Pleno día,1,0,0,1
488,2019,Álava,4,Miércoles,8,Travesía,Otro,Objeto desprendido,Buen tiempo,Pleno día,1,0,0,1
489,2019,Álava,4,Viernes,18,Travesía,Otro,Objeto desprendido,Buen tiempo,Pleno día,1,0,0,1
490,2019,Álava,4,Viernes,16,Travesía,Otro,Colisión frontolateral,Buen tiempo,Pleno día,1,0,0,1
491,2019,Álava,4,Viernes,20,Travesía,Otro,Colisión por alcance,Buen tiempo,Pleno día,1,0,0,1
492,2019,Álava,4,Sábado,0,Travesía,Otro,Choque obstáculo lateral,Buen tiempo,Noche sin iluminación,2,0,2,0
493,2019,Álava,4,Sábado,14,Travesía,Otro,Colisión por alcance,Buen tiempo,Pleno día,1,0,0,1
494,2019,Álava,1,Jueves,21,Travesía,Otro,Colisión frontal,Buen tiempo,Noche sin iluminación,1,0,0,1
495,2019,Álava,4,Domingo,23,Travesía,Otro,Colisión por alcance,Buen tiempo,Noche sin iluminación,1,0,0,1
496,2019,Álava,4,Lunes,9,Travesía,Otro,Colisión por alcance,Buen tiempo,Pleno día,1,0,0,1
497,2019,Álava,1,Viernes,17,Travesía,Otro,Choque obstáculo lateral,Buen tiempo,Pleno día,1,0,0,1
498,2019,Álava,4,Martes,15,Travesía,Otro,Otro tipo,Buen tiempo,Pleno día,1,0,0,1
499,2019,Álava,4,Miércoles,10,Travesía,Otro,Colisión por alcance,Buen tiempo,Pleno día,1,0,0,1
500,2019,Álava,4,Miércoles,18,Travesía,Otro,Objeto desprendido,Buen tiempo,Pleno día,1,0,0,1
501,2019,Álava,5,Domingo,16,Travesía,Otro,Colisión frontal,Buen tiempo,Pleno día,1,0,0,1
502,2019,Álava,4,Miércoles,13,Travesía,Otro,Colisión frontolateral,Buen tiempo,Pleno día,1,0,0,1
503,2019,Álava,1,Viernes,9,Travesía,Otro,Choque obstáculo lateral,Buen tiempo,Pleno día,1,0,0,1
504,2019,Álava,4,Sábado,16,Travesía,Otro,Colisión frontolateral,Buen tiempo,Pleno día,5,0,0,5
505,2019,Álava,4,Sábado,12,Travesía,Otro,Colisión frontolateral,Buen tiempo,Pleno día,1,0,0,1
506,2019,Álava,4,Lunes,19,Travesía,Otro,Objeto desprendido,Buen tiempo,Pleno día,1,0,0,1
507,2019,Álava,4,Martes,14,Travesía,Otro,Colisión frontolateral,Buen tiempo,Pleno día,1,0,0,1
508,2019,Álava,4,Martes,16,Travesía,Otro,Objeto desprendido,Granizo,Pleno día,1,0,0,1
509,2019,Álava,1,Miércoles,14,Travesía,Otro,Colisión frontolateral,Buen tiempo,Pleno día,1,0,1,0
510,2019,Álava,4,Jueves,16,Travesía,Otro,Colisión frontolateral,Buen tiempo,Pleno día,1,0,0,1
511,2019,Álava,4,Jueves,12,Travesía,Otro,Colisión frontolateral,Buen tiempo,Pleno día,1,0,0,1
512,2019,Álava,4,Viernes,14,Travesía,Otro,Atropello a peatón,Granizo,Pleno día,1,0,0,1
513,2019,Álava,1,Viernes,17,Travesía,Otro,Objeto desprendido,Buen tiempo,Pleno día,1,0,0,1
514,2019,Álava,4,Sábado,14,Travesía,Otro,Colisión frontolateral,Buen tiempo,Pleno día,1,0,0,1
515,2019,Álava,4,Domingo,17,Travesía,Otro,Atropello a peatón,Buen tiempo,Pleno día,1,0,0,1
516,2019,Álava,4,Martes,13,Travesía,Otro,Colisión lateral,Buen tiempo,Pleno día,1,0,0,1
517,2019,Álava,4,Lunes,22,Travesía,Otro,Objeto desprendido,Buen tiempo,Noche sin iluminación,1,0,0,1
518,2019,Álava,1,Viernes,19,Travesía,Otro,Colisión múltiple,Buen tiempo,Noche sin iluminación,1,0,0,1
519,2019,Álava,5,Viernes,9,Travesía,Otro,Choque obstáculo lateral,Granizo,Pleno día,1,0,0,1
520,2019,Álava,5,Viernes,14,Travesía,Otro,Colisión frontal,Granizo,Pleno día,1,0,0,1
521,2019,Álava,5,Viernes,13,Travesía,Otro,Salida vía izquierda,Granizo,Pleno día,1,0,0,1
522,2019,Álava,5,Sábado,18,Travesía,Otro,Colisión múltiple,Buen tiempo,Pleno día,3,0,0,3
523,2019,Álava,5,Domingo,17,Travesía,Otro,Colisión frontolateral,Buen tiempo,Pleno día,1,0,0,1
524,2019,Álava,5,Domingo,21,Travesía,Otro,Se desconoce,Buen tiempo,Se desconoce,1,0,0,1
525,2019,Álava,5,Lunes,11,Travesía,Otro,Colisión por alcance,Buen tiempo,Pleno día,1,0,0,1
526,2019,Álava,1,Sábado,14,Travesía,Otro,Colisión frontolateral,Buen tiempo,Pleno día,2,0,0,2
527,2019,Álava,5,Martes,11,Travesía,Otro,Colisión frontolateral,Buen tiempo,Pleno día,1,0,0,1
528,2019,Álava,5,Martes,11,Travesía,Otro,Colisión frontolateral,Buen tiempo,Pleno día,1,0,0,1
529,2019,Álava,1,Sábado,0,Travesía,Otro,Atropello a peatón,Buen tiempo,Noche sin iluminación,1,0,0,1
530,2019,Álava,5,Miércoles,15,Travesía,Otro,Colisión lateral,Buen tiempo,Pleno día,2,0,0,2
531,2019,Álava,5,Jueves,8,Travesía,Otro,Colisión frontolateral,Buen tiempo,Pleno día,1,0,0,1
532,2019,Álava,5,Jueves,17,Travesía,Otro,Colisión frontolateral,Buen tiempo,Pleno día,1,0,0,1
533,2019,Álava,5,Jueves,23,Travesía,Otro,Colisión frontolateral,Granizo,Noche sin iluminación,1,0,0,1
534,2019,Álava,1,Miércoles,19,Travesía,Otro,Choque obstáculo lateral,Buen tiempo,Noche sin iluminación,1,0,0,1
535,2019,Álava,5,Viernes,13,Travesía,Otro,Colisión frontolateral,Buen tiempo,Pleno día,1,0,0,1
536,2019,Álava,5,Sábado,20,Travesía,Otro,Colisión frontal,Buen tiempo,Pleno día,2,0,0,2
537,2019,Álava,5,Lunes,9,Travesía,Otro,Colisión frontolateral,Buen tiempo,Pleno día,1,0,0,1
538,2019,Álava,5,Lunes,9,Travesía,Otro,Choque obstáculo lateral,Buen tiempo,Pleno día,2,0,0,2
539,2019,Álava,5,Lunes,7,Travesía,Otro,Colisión por alcance,Buen tiempo,Pleno día,1,0,0,1
540,2019,Álava,5,Lunes,16,Travesía,Otro,Objeto desprendido,Buen tiempo,Pleno día,1,0,0,1
541,2019,Álava,1,Sábado,20,Travesía,Otro,Colisión frontolateral,Buen tiempo,Pleno día,1,0,0,1
542,2019,Álava,1,Sábado,21,Travesía,Otro,Objeto desprendido,Granizo,Noche sin iluminación,1,0,0,1
543,2019,Álava,5,Miércoles,18,Travesía,Otro,Colisión frontolateral,Buen tiempo,Pleno día,1,0,0,1
544,2019,Álava,5,Miércoles,13,Travesía,Otro,Colisión frontolateral,Buen tiempo,Pleno día,1,0,0,1
545,2019,Álava,5,Miércoles,19,Travesía,Otro,Objeto desprendido,Buen tiempo,Pleno día,1,0,0,1
546,2019,Álava,5,Jueves,10,Travesía,Otro,Colisión lateral,Buen tiempo,Pleno día,1,0,0,1
547,2019,Álava,5,Jueves,23,Travesía,Otro,Colisión frontolateral,Nieve,Noche sin iluminación,1,0,0,1
548,2019,Álava,5,Viernes,19,Travesía,Otro,Atropello a peatón,Buen tiempo,Pleno día,1,0,0,1
549,2019,Álava,5,Sábado,19,Travesía,Otro,Colisión frontolateral,Granizo,Pleno día,1,0,0,1
550,2019,Álava,5,Domingo,11,Travesía,Otro,Caída de motociclista,Granizo,Pleno día,1,0,0,1
551,2019,Álava,1,Domingo,20,Travesía,Otro,Colisión por alcance,Buen tiempo,Noche sin iluminación,2,0,0,2
552,2019,Álava,5,Lunes,17,Travesía,Otro,Colisión frontolateral,Buen tiempo,Pleno día,1,0,0,1
553,2019,Álava,5,Lunes,19,Travesía,Otro,Choque obstáculo calzada,Buen tiempo,Pleno día,1,0,0,1
554,2019,Álava,5,Martes,11,Travesía,Otro,Colisión frontolateral,Buen tiempo,Pleno día,3,0,0,3
555,2019,Álava,5,Miércoles,15,Travesía,Otro,Choque obstáculo lateral,Buen tiempo,Pleno día,2,0,0,2
556,2019,Álava,5,Miércoles,14,Travesía,Otro,Choque obstáculo lateral,Buen tiempo,Pleno día,1,0,0,1
557,2019,Álava,5,Miércoles,16,Travesía,Otro,Colisión lateral,Buen tiempo,Pleno día,1,0,0,1
558,2019,Álava,5,Miércoles,16,Travesía,Otro,Colisión frontolateral,Buen tiempo,Pleno día,2,0,0,2
559,2019,Álava,5,Jueves,12,Travesía,Otro,Choque obstáculo lateral,Buen tiempo,Pleno día,1,0,1,0
560,2019,Álava,5,Sábado,3,Travesía,Otro,Atropello a peatón,Buen tiempo,Noche sin iluminación,2,0,0,2
561,2019,Álava,5,Jueves,19,Travesía,Otro,Colisión frontolateral,Buen tiempo,Pleno día,1,0,0,1
562,2019,Álava,5,Lunes,17,Travesía,Otro,Colisión frontolateral,Buen tiempo,Pleno día,1,0,0,1
563,2019,Álava,5,Lunes,7,Travesía,Otro,Colisión frontolateral,Buen tiempo,Pleno día,1,0,0,1
564,2019,Álava,5,Lunes,13,Travesía,Otro,Colisión por alcance,Buen tiempo,Pleno día,1,0,0,1
565,2019,Álava,5,Martes,22,Travesía,Otro,Colisión lateral,Buen tiempo,Noche sin iluminación,1,0,0,1
566,2019,Álava,5,Miércoles,10,Travesía,Otro,Objeto desprendido,Granizo,Pleno día,1,0,0,1
567,2019,Álava,5,Jueves,8,Travesía,Otro,Colisión frontolateral,Buen tiempo,Pleno día,1,0,0,1
568,2019,Álava,5,Jueves,18,Travesía,Otro,Colisión frontolateral,Buen tiempo,Pleno día,1,0,0,1
569,2019,Álava,1,Lunes,13,Travesía,Otro,Colisión múltiple,Buen tiempo,Pleno día,2,0,0,2
570,2019,Álava,5,Miércoles,20,Travesía,Otro,Objeto desprendido,Buen tiempo,Pleno día,1,0,0,1
571,2019,Álava,5,Viernes,22,Travesía,Otro,Choque obstáculo calzada,Buen tiempo,Noche sin iluminación,1,0,0,1
572,2019,Álava,5,Viernes,17,Travesía,Otro,Colisión frontal,Buen tiempo,Pleno día,2,0,0,2
573,2019,Álava,6,Sábado,13,Travesía,Otro,Colisión frontolateral,Buen tiempo,Pleno día,1,0,1,0
574,2019,Álava,6,Sábado,16,Travesía,Otro,Colisión frontolateral,Buen tiempo,Pleno día,1,0,0,1
575,2019,Álava,6,Lunes,14,Travesía,Otro,Colisión por alcance,Buen tiempo,Pleno día,2,0,0,2
576,2019,Álava,1,Martes,14,Travesía,Otro,Colisión frontolateral,Buen tiempo,Pleno día,5,0,0,5
577,2019,Álava,6,Martes,13,Travesía,Otro,Colisión frontolateral,Buen tiempo,Pleno día,1,0,0,1
578,2019,Álava,6,Martes,11,Travesía,Otro,Colisión frontolateral,Buen tiempo,Pleno día,1,0,1,0
579,2019,Álava,6,Martes,9,Travesía,Otro,Colisión frontolateral,Buen tiempo,Pleno día,1,0,0,1
580,2019,Álava,6,Miércoles,6,Travesía,Otro,Choque obstáculo lateral,Granizo,Noche sin iluminación,1,0,0,1
581,2019,Álava,6,Miércoles,20,Travesía,Otro,Choque obstáculo calzada,Buen tiempo,Pleno día,1,0,0,1
582,2019,Álava,6,Jueves,12,Travesía,Otro,Colisión lateral,Buen tiempo,Pleno día,1,0,0,1
583,2019,Álava,6,Jueves,13,Travesía,Otro,Colisión frontolateral,Buen tiempo,Pleno día,1,0,0,1
584,2019,Álava,6,Jueves,14,Travesía,Otro,Atropello a peatón,Buen tiempo,Pleno día,1,0,0,1
585,2019,Álava,6,Viernes,10,Travesía,Otro,Choque obstáculo lateral,Buen tiempo,Pleno día,1,0,0,1
586,2019,Álava,6,Martes,11,Travesía,Otro,Colisión frontolateral,Buen tiempo,Pleno día,1,0,0,1
587,2019,Álava,6,Viernes,22,Travesía,Otro,Colisión frontolateral,Buen tiempo,Noche sin iluminación,1,0,0,1
588,2019,Álava,6,Sábado,18,Travesía,Otro,Choque obstáculo lateral,Buen tiempo,Pleno día,1,0,0,1
589,2019,Álava,6,Domingo,14,Travesía,Otro,Choque obstáculo lateral,Buen tiempo,Pleno día,1,0,0,1
590,2019,Álava,6,Domingo,14,Travesía,Otro,Caída de ocupante,Buen tiempo,Pleno día,1,0,0,1
591,2019,Álava,6,Domingo,8,Travesía,Otro,Colisión lateral,Buen tiempo,Pleno día,1,0,0,1
592,2019,Álava,6,Lunes,13,Travesía,Otro,Choque obstáculo lateral,Buen tiempo,Pleno día,1,0,0,1
593,2019,Álava,1,Miércoles,5,Travesía,Otro,Choque obstáculo lateral,Buen tiempo,Noche sin iluminación,1,0,0,1
594,2019,Álava,6,Martes,11,Travesía,Otro,Colisión por alcance,Buen tiempo,Pleno día,1,0,0,1
595,2019,Álava,6,Martes,20,Travesía,Otro,Choque obstáculo calzada,Buen tiempo,Pleno día,1,0,1,0
596,2019,Álava,6,Miércoles,13,Travesía,Otro,Colisión frontolateral,Buen tiempo,Pleno día,1,0,0,1
597,2019,Álava,6,Miércoles,15,Travesía,Otro,Colisión frontolateral,Buen tiempo,Pleno día,1,0,0,1
598,2019,Álava,6,Miércoles,19,Travesía,Otro,Atropello a peatón,Buen tiempo,Pleno día,1,0,0,1
599,2019,Álava,6,Miércoles,21,Travesía,Otro,Colisión frontolateral,Buen tiempo,Pleno día,1,0,0,1
600,2019,Álava,6,Viernes,13,Travesía,Otro,Choque obstáculo lateral,Buen tiempo,Pleno día,1,0,0,1
601,2019,Álava,6,Domingo,19,Travesía,Otro,Colisión frontal,Buen tiempo,Pleno día,1,0,0,1
602,2019,Álava,6,Lunes,10,Travesía,Otro,Colisión frontolateral,Buen tiempo,Pleno día,1,0,0,1
603,2019,Álava,6,Lunes,16,Travesía,Otro,Colisión frontolateral,Buen tiempo,Pleno día,1,0,0,1
604,2019,Álava,6,Lunes,16,Travesía,Otro,Colisión frontal,Buen tiempo,Pleno día,2,0,0,2
605,2019,Álava,6,Lunes,19,Travesía,Otro,Atropello a peatón,Buen tiempo,Pleno día,1,0,0,1
606,2019,Álava,6,Lunes,18,Travesía,Otro,Objeto desprendido,Buen tiempo,Pleno día,1,0,0,1
607,2019,Álava,6,Lunes,13,Travesía,Otro,Objeto desprendido,Buen tiempo,Pleno día,1,0,0,1
608,2019,Álava,6,Martes,7,Travesía,Otro,Choque obstáculo lateral,Buen tiempo,Pleno día,1,0,1,0
609,2019,Álava,6,Martes,13,Travesía,Otro,Choque obstáculo lateral,Buen tiempo,Pleno día,1,0,1,0
610,2019,Álava,6,Miércoles,20,Travesía,Otro,Objeto desprendido,Buen tiempo,Pleno día,1,0,0,1
611,2019,Álava,6,Miércoles,8,Travesía,Otro,Colisión por alcance,Buen tiempo,Pleno día,1,0,0,1
612,2019,Álava,6,Miércoles,9,Travesía,Otro,Choque obstáculo lateral,Buen tiempo,Pleno día,1,0,0,1
613,2019,Álava,6,Miércoles,21,Travesía,Otro,Atropello a peatón,Buen tiempo,Pleno día,1,0,0,1
614,2019,Álava,6,Jueves,9,Travesía,Otro,Choque obstáculo lateral,Buen tiempo,Pleno día,1,0,0,1
615,2019,Álava,6,Jueves,7,Travesía,Otro,Colisión frontolateral,Buen tiempo,Pleno día,1,0,0,1
616,2019,Álava,6,Sábado,10,Travesía,Otro,Choque obstáculo calzada,Buen tiempo,Pleno día,1,0,0,1
617,2019,Álava,6,Sábado,14,Travesía,Otro,Colisión por alcance,Buen tiempo,Pleno día,1,0,0,1
618,2019,Álava,6,Jueves,21,Travesía,Otro,Objeto desprendido,Buen tiempo,Amanecer/Anochecer,1,0,0,1
619,2019,Álava,6,Domingo,18,Travesía,Otro,Choque obstáculo mediana,Buen tiempo,Pleno día,1,0,0,1
620,2019,Álava,1,Miércoles,21,Travesía,Otro,Colisión por alcance,Buen tiempo,Noche sin iluminación,2,0,0,2
621,2019,Álava,6,Domingo,20,Travesía,Otro,Colisión por alcance,Buen tiempo,Pleno día,1,0,0,1
622,2019,Álava,3,Miércoles,20,Travesía,Otro,Choque obstáculo lateral,Buen tiempo,Noche sin iluminación,1,0,0,1
623,2019,Álava,6,Lunes,9,Travesía,Otro,Objeto desprendido,Buen tiempo,Pleno día,3,0,0,3
624,2019,Álava,6,Lunes,9,Travesía,Otro,Objeto desprendido,Buen tiempo,Pleno día,1,0,0,1
625,2019,Álava,6,Lunes,17,Travesía,Otro,Objeto desprendido,Buen tiempo,Pleno día,1,0,0,1
626,2019,Álava,6,Lunes,13,Travesía,Otro,Colisión por alcance,Buen tiempo,Pleno día,1,0,0,1
627,2019,Álava,1,Jueves,15,Travesía,Otro,Colisión frontolateral,Buen tiempo,Pleno día,1,0,0,1
628,2019,Álava,6,Martes,7,Travesía,Otro,Colisión múltiple,Buen tiempo,Pleno día,1,0,0,1
629,2019,Álava,1,Jueves,19,Travesía,Otro,Colisión por alcance,Buen tiempo,Noche sin iluminación,1,0,0,1
630,2019,Álava,6,Miércoles,11,Travesía,Otro,Choque obstáculo lateral,Buen tiempo,Pleno día,2,0,0,2
631,2019,Álava,6,Miércoles,14,Travesía,Otro,Objeto desprendido,Buen tiempo,Pleno día,1,0,0,1
632,2019,Álava,6,Miércoles,22,Travesía,Otro,Colisión lateral,Buen tiempo,Noche sin iluminación,1,0,0,1
633,2019,Álava,6,Miércoles,16,Travesía,Otro,Objeto desprendido,Buen tiempo,Pleno día,1,0,0,1
634,2019,Álava,1,Viernes,8,Travesía,Otro,Choque obstáculo lateral,Buen tiempo,Amanecer/Anochecer,1,0,1,0
635,2019,Álava,6,Jueves,10,Travesía,Otro,Colisión por alcance,Buen tiempo,Pleno día,3,0,0,3
636,2019,Álava,6,Viernes,0,Travesía,Otro,Choque obstáculo lateral,Buen tiempo,Noche sin iluminación,1,0,0,1
637,2019,Álava,6,Jueves,22,Travesía,Otro,Colisión por alcance,Buen tiempo,Noche sin iluminación,1,0,0,1
638,2019,Álava,6,Jueves,7,Travesía,Otro,Objeto desprendido,Buen tiempo,Pleno día,1,0,0,1
639,2019,Álava,6,Viernes,8,Travesía,Otro,Choque obstáculo lateral,Buen tiempo,Pleno día,2,0,0,2
640,2019,Álava,6,Viernes,14,Travesía,Otro,Objeto desprendido,Buen tiempo,Pleno día,1,0,0,1
641,2019,Álava,6,Viernes,8,Travesía,Otro,Choque obstáculo lateral,Buen tiempo,Pleno día,1,0,0,1
642,2019,Álava,6,Viernes,12,Travesía,Otro,Choque obstáculo lateral,Buen tiempo,Pleno día,1,0,0,1
643,2019,Álava,6,Viernes,11,Travesía,Otro,Choque obstáculo calzada,Buen tiempo,Pleno día,1,0,0,1
644,2019,Álava,1,Viernes,15,Travesía,Otro,Colisión frontolateral,Buen tiempo,Pleno día,1,0,0,1
645,2019,Álava,7,Martes,9,Travesía,Otro,Colisión frontolateral,Buen tiempo,Pleno día,1,0,0,1
646,2019,Álava,7,Martes,18,Travesía,Otro,Colisión frontolateral,Buen tiempo,Pleno día,1,0,0,1
647,2019,Álava,7,Martes,19,Travesía,Otro,Colisión lateral,Buen tiempo,Pleno día,1,0,0,1
648,2019,Álava,7,Martes,18,Travesía,Otro,Colisión frontolateral,Buen tiempo,Pleno día,1,0,0,1
649,2019,Álava,7,Martes,15,Travesía,Otro,Colisión frontolateral,Buen tiempo,Pleno día,2,0,0,2
650,2019,Álava,7,Miércoles,11,Travesía,Otro,Choque obstáculo lateral,Buen tiempo,Pleno día,3,0,1,2
651,2019,Álava,7,Miércoles,14,Travesía,Otro,Colisión por alcance,Granizo,Pleno día,1,0,0,1
652,2019,Álava,7,Miércoles,19,Travesía,Otro,Colisión frontolateral,Granizo,Pleno día,1,0,0,1
653,2019,Álava,7,Jueves,11,Travesía,Otro,Choque obstáculo lateral,Buen tiempo,Pleno día,1,0,1,0
654,2019,Álava,7,Jueves,13,Travesía,Otro,Colisión frontolateral,Buen tiempo,Pleno día,2,0,0,2
655,2019,Álava,7,Jueves,18,Travesía,Otro,Colisión por alcance,Buen tiempo,Pleno día,2,0,0,2
656,2019,Álava,7,Viernes,17,Travesía,Otro,Colisión frontolateral,Buen tiempo,Pleno día,1,0,0,1
657,2019,Álava,7,Sábado,13,Travesía,Otro,Objeto desprendido,Buen tiempo,Pleno día,1,0,0,1
658,2019,Álava,7,Miércoles,18,Travesía,Otro,Choque obstáculo calzada,Buen tiempo,Pleno día,1,0,0,1
659,2019,Álava,7,Martes,10,Travesía,Otro,Objeto desprendido,Buen tiempo,Pleno día,1,0,0,1
660,2019,Álava,1,Viernes,23,Travesía,Otro,Colisión frontolateral,Granizo,Noche sin iluminación,1,0,0,1
661,2019,Álava,7,Martes,19,Travesía,Otro,Objeto desprendido,Buen tiempo,Pleno día,1,0,0,1
662,2019,Álava,7,Miércoles,9,Travesía,Otro,Choque obstáculo lateral,Buen tiempo,Pleno día,1,0,0,1
663,2019,Álava,7,Miércoles,17,Travesía,Otro,Colisión lateral,Buen tiempo,Pleno día,1,0,0,1
664,2019,Álava,7,Miércoles,17,Travesía,Otro,Objeto desprendido,Buen tiempo,Pleno día,1,0,0,1
665,2019,Álava,1,Miércoles,9,Travesía,Otro,Atropello a peatón,Buen tiempo,Pleno día,1,0,0,1
666,2019,Álava,7,Jueves,8,Travesía,Otro,Colisión por alcance,Buen tiempo,Pleno día,1,0,0,1
667,2019,Álava,7,Jueves,15,Travesía,Otro,Colisión lateral,Buen tiempo,Pleno día,2,0,0,2
668,2019,Álava,7,Viernes,18,Travesía,Otro,Colisión frontolateral,Buen tiempo,Pleno día,1,0,0,1