ID_ACCIDENTE,AÑO,PROVINCIA,MES,DIA_SEMANA,HORA,ZONA,TIPO_VIA,TIPO_ACCIDENTE,CONDICION_METEO,CONDICION_ILUMINACION,TOTAL_VICTIMAS,FALLECIDOS_24H,HERIDOS_GRAVES,HERIDOS_LEVES
669,2019,Álava,7,Viernes,19,Travesía,Otro,Colisión lateral,Buen tiempo,Pleno día,1,0,0,1
670,2019,Álava,7,Sábado,19,Travesía,Otro,Colisión por alcance,Buen tiempo,Pleno día,1,0,0,1
671,2019,Álava,7,Domingo,13,Travesía,Otro,Colisión frontolateral,Buen tiempo,Pleno día,1,0,0,1
672,2019,Álava,7,Domingo,21,Travesía,Otro,Objeto desprendido,Buen tiempo,Pleno día,1,0,0,1
673,2019,Álava,7,Domingo,17,Travesía,Otro,Objeto desprendido,Buen tiempo,Pleno día,1,0,0,1
674,2019,Álava,7,Lunes,8,Travesía,Otro,Colisión frontolateral,Buen tiempo,Pleno día,1,0,0,1
675,2019,Álava,7,Lunes,10,Travesía,Otro,Colisión frontolateral,Buen tiempo,Pleno día,2,0,0,2
676,2019,Álava,7,Lunes,18,Travesía,Otro,Colisión frontolateral,Buen tiempo,Pleno día,1,0,0,1
677,2019,Álava,7,Lunes,18,Travesía,Otro,Choque obstáculo lateral,Buen tiempo,Pleno día,1,0,0,1
678,2019,Álava,7,Lunes,22,Travesía,Otro,Colisión frontolateral,Buen tiempo,Noche sin iluminación,4,0,0,4
679,2019,Álava,7,Lunes,18,Travesía,Otro,Colisión frontolateral,Buen tiempo,Pleno día,1,0,0,1
680,2019,Álava,7,Martes,5,Travesía,Otro,Choque obstáculo calzada,Buen tiempo,Noche sin iluminación,1,0,0,1
681,2019,Álava,7,Martes,11,Travesía,Otro,Colisión frontolateral,Buen tiempo,Pleno día,1,0,0,1
682,2019,Álava,7,Martes,17,Travesía,Otro,Colisión por alcance,Buen tiempo,Pleno día,1,0,0,1
683,2019,Álava,7,Martes,19,Travesía,Otro,Colisión frontolateral,Buen tiempo,Pleno día,1,0,0,1
684,2019,Álava,7,Martes,18,Travesía,Otro,Colisión frontolateral,Buen tiempo,Pleno día,1,0,0,1
685,2019,Álava,7,Martes,19,Travesía,Otro,Choque obstáculo lateral,Buen tiempo,Pleno día,1,0,0,1
686,2019,Álava,7,Miércoles,12,Travesía,Otro,Choque obstáculo lateral,Buen tiempo,Pleno día,1,0,1,0
687,2019,Álava,7,Miércoles,17,Travesía,Otro,Colisión frontolateral,Buen tiempo,Pleno día,1,0,0,1
688,2019,Álava,7,Miércoles,16,Travesía,Otro,Salida vía izquierda,Buen tiempo,Pleno día,1,0,0,1
689,2019,Álava,7,Jueves,18,Travesía,Otro,Colisión frontolateral,Buen tiempo,Pleno día,1,0,0,1
690,2019,Álava,1,Domingo,21,Travesía,Otro,Choque obstáculo lateral,Nieve,Noche sin iluminación,1,0,0,1
691,2019,Álava,1,Domingo,21,Travesía,Otro,Colisión frontolateral,Buen tiempo,Noche sin iluminación,2,0,0,2
692,2019,Álava,7,Viernes,15,Travesía,Otro,Colisión frontolateral,Buen tiempo,Pleno día,1,0,0,1
693,2019,Álava,7,Viernes,13,Travesía,Otro,Colisión frontolateral,Buen tiempo,Pleno día,1,0,0,1
694,2019,Álava,7,Sábado,13,Travesía,Otro,Colisión por alcance,Buen tiempo,Pleno día,1,0,0,1
695,2019,Álava,7,Sábado,3,Travesía,Otro,Objeto desprendido,Buen tiempo,Noche sin iluminación,1,0,0,1
696,2019,Álava,7,Domingo,19,Travesía,Otro,Objeto desprendido,Buen tiempo,Pleno día,1,0,1,0
697,2019,Álava,7,Domingo,18,Travesía,Otro,Se desconoce,Buen tiempo,Pleno día,1,0,0,1
698,2019,Álava,7,Lunes,11,Travesía,Otro,Colisión lateral,Buen tiempo,Pleno día,1,0,0,1
699,2019,Álava,7,Lunes,19,Travesía,Otro,Colisión frontolateral,Buen tiempo,Pleno día,1,0,0,1
700,2019,Álava,7,Martes,7,Travesía,Otro,Colisión por alcance,Buen tiempo,Pleno día,1,0,0,1
701,2019,Álava,7,Martes,17,Travesía,Otro,Objeto desprendido,Buen tiempo,Pleno día,1,0,0,1
702,2019,Álava,7,Miércoles,12,Travesía,Otro,Objeto desprendido,Buen tiempo,Pleno día,1,0,0,1
703,2019,Álava,7,Miércoles,15,Travesía,Otro,Colisión frontolateral,Buen tiempo,Pleno día,1,0,0,1
704,2019,Álava,7,Miércoles,13,Travesía,Otro,Colisión frontolateral,Buen tiempo,Pleno día,1,0,0,1
705,2019,Álava,7,Jueves,0,Travesía,Otro,Objeto desprendido,Buen tiempo,Noche sin iluminación,1,0,0,1
706,2019,Álava,7,Jueves,19,Travesía,Otro,Colisión frontolateral,Buen tiempo,Pleno día,3,0,0,3
707,2019,Álava,7,Jueves,15,Travesía,Otro,Choque obstáculo lateral,Buen tiempo,Pleno día,1,0,0,1
708,2019,Álava,7,Jueves,22,Travesía,Otro,Colisión frontolateral,Granizo,Noche sin iluminación,1,0,0,1
709,2019,Álava,7,Sábado,13,Travesía,Otro,Colisión por alcance,Buen tiempo,Pleno día,1,0,0,1
710,2019,Álava,7,Domingo,10,Travesía,Otro,Choque obstáculo calzada,Buen tiempo,Pleno día,1,0,0,1
711,2019,Álava,7,Martes,7,Travesía,Otro,Colisión por alcance,Buen tiempo,Pleno día,1,0,0,1
712,2019,Álava,7,Miércoles,11,Travesía,Otro,Objeto desprendido,Buen tiempo,Pleno día,1,0,0,1
713,2019,Álava,7,Miércoles,12,Travesía,Otro,Colisión frontolateral,Buen tiempo,Pleno día,1,0,0,1
714,2019,Álava,7,Miércoles,19,Travesía,Otro,Objeto desprendido,Buen tiempo,Pleno día,1,0,0,1
715,2019,Álava,7,Miércoles,21,Travesía,Otro,Choque obstáculo lateral,Buen tiempo,Amanecer/Anochecer,1,0,0,1
716,2019,Álava,7,Miércoles,23,Travesía,Otro,Colisión frontolateral,Buen tiempo,Noche sin iluminación,1,0,0,1
717,2019,Álava,8,Jueves,16,Travesía,Otro,Colisión frontolateral,Buen tiempo,Pleno día,1,0,0,1
718,2019,Álava,8,Jueves,13,Travesía,Otro,Colisión frontolateral,Buen tiempo,Pleno día,1,0,0,1
719,2019,Álava,8,Viernes,13,Travesía,Otro,Choque obstáculo lateral,Buen tiempo,Pleno día,1,0,0,1
720,2019,Álava,8,Viernes,14,Travesía,Otro,Choque obstáculo lateral,Buen tiempo,Pleno día,1,0,1,0
721,2019,Álava,1,Martes,15,Travesía,Otro,Colisión lateral,Nieve,Pleno día,1,0,0,1
722,2019,Álava,8,Sábado,22,Travesía,Otro,Colisión frontolateral,Buen tiempo,Noche sin iluminación,1,0,0,1
723,2019,Álava,1,Martes,18,Travesía,Otro,Colisión lateral,Nieve,Noche sin iluminación,1,0,0,1
724,2019,Álava,8,Jueves,18,Travesía,Otro,Atropello a peatón,Buen tiempo,Pleno día,1,0,0,1
725,2019,Álava,8,Jueves,8,Travesía,Otro,Choque obstáculo lateral,Buen tiempo,Pleno día,1,0,1,0
726,2019,Álava,9,Martes,8,Travesía,Otro,Colisión múltiple,Buen tiempo,Pleno día,2,0,0,2
727,2019,Álava,8,Jueves,8,Travesía,Otro,Choque obstáculo calzada,Buen tiempo,Pleno día,1,0,0,1
728,2019,Álava,8,Viernes,20,Travesía,Otro,Colisión frontolateral,Buen tiempo,Pleno día,1,0,0,1
729,2019,Álava,8,Viernes,12,Travesía,Otro,Objeto desprendido,Buen tiempo,Pleno día,1,0,0,1
730,2019,Álava,8,Lunes,15,Travesía,Otro,Atropello a peatón,Buen tiempo,Pleno día,1,0,0,1
731,2019,Álava,8,Martes,17,Travesía,Otro,Colisión por alcance,Buen tiempo,Pleno día,1,0,0,1
732,2019,Álava,5,Viernes,20,Travesía,Otro,Objeto desprendido,Buen tiempo,Pleno día,1,0,0,1
733,2019,Álava,8,Sábado,19,Travesía,Otro,Colisión frontolateral,Buen tiempo,Pleno día,1,0,0,1
734,2019,Álava,8,Lunes,7,Travesía,Otro,Colisión frontolateral,Buen tiempo,Pleno día,1,0,0,1
735,2019,Álava,8,Miércoles,11,Travesía,Otro,Colisión frontolateral,Buen tiempo,Pleno día,1,0,0,1
736,2019,Álava,8,Viernes,12,Travesía,Otro,Se desconoce,Buen tiempo,Pleno día,1,0,0,1
737,2019,Álava,8,Sábado,16,Travesía,Otro,Colisión frontolateral,Buen tiempo,Pleno día,1,0,0,1
738,2019,Álava,1,Miércoles,19,Travesía,Otro,Choque obstáculo lateral,Nieve,Noche sin iluminación,2,0,0,2
739,2019,Álava,1,Miércoles,22,Travesía,Otro,Colisión por alcance,Buen tiempo,Noche sin iluminación,1,0,0,1
740,2019,Álava,8,Miércoles,13,Travesía,Otro,Colisión por alcance,Buen tiempo,Pleno día,1,0,0,1
741,2019,Álava,8,Miércoles,14,Travesía,Otro,Colisión por alcance,Buen tiempo,Pleno día,2,0,0,2
742,2019,Álava,8,Miércoles,16,Travesía,Otro,Colisión frontolateral,Buen tiempo,Pleno día,1,0,0,1
743,2019,Álava,8,Jueves,20,Travesía,Otro,Choque obstáculo lateral,Buen tiempo,Pleno día,1,0,0,1
744,2019,Álava,8,Viernes,14,Travesía,Otro,Se desconoce,Buen tiempo,Pleno día,1,0,0,1
745,2019,Álava,8,Viernes,9,Travesía,Otro,Colisión lateral,Buen tiempo,Pleno día,1,0,0,1
746,2019,Álava,8,Viernes,21,Travesía,Otro,Colisión frontal,Buen tiempo,Noche sin iluminación,1,0,0,1
747,2019,Álava,1,Jueves,10,Travesía,Otro,Colisión frontolateral,Buen tiempo,Pleno día,2,0,0,2
748,2019,Álava,9,Domingo,10,Travesía,Otro,Colisión frontolateral,Buen tiempo,Pleno día,1,0,0,1
749,2019,Álava,9,Lunes,0,Travesía,Otro,Colisión frontolateral,Buen tiempo,Noche sin iluminación,1,0,0,1
750,2019,Álava,9,Domingo,18,Travesía,Otro,Choque obstáculo lateral,Buen tiempo,Pleno día,1,0,0,1
751,2019,Álava,1,Miércoles,16,Travesía,Otro,Colisión frontolateral,Granizo,Pleno día,1,0,0,1
752,2019,Álava,9,Lunes,9,Travesía,Otro,Choque obstáculo lateral,Buen tiempo,Pleno día,1,0,0,1
753,2019,Álava,9,Lunes,16,Travesía,Otro,Colisión frontolateral,Buen tiempo,Pleno día,1,0,0,1
754,2019,Álava,9,Lunes,13,Travesía,Otro,Colisión por alcance,Buen tiempo,Pleno día,1,0,0,1
755,2019,Álava,9,Martes,14,Travesía,Otro,Colisión frontolateral,Buen tiempo,Pleno día,1,0,0,1
756,2019,Álava,9,Miércoles,11,Travesía,Otro,Colisión frontolateral,Buen tiempo,Pleno día,1,0,0,1
757,2019,Álava,9,Miércoles,14,Travesía,Otro,Colisión frontolateral,Buen tiempo,Pleno día,1,0,0,1
758,2019,Álava,9,Miércoles,14,Travesía,Otro,Colisión por alcance,Buen tiempo,Pleno día,1,0,0,1
759,2019,Álava,9,Miércoles,19,Travesía,Otro,Colisión frontolateral,Buen tiempo,Pleno día,3,0,0,3
760,2019,Álava,1,Jueves,15,Travesía,Otro,Colisión frontolateral,Buen tiempo,Pleno día,2,0,0,2
761,2019,Álava,9,Jueves,10,Travesía,Otro,Choque obstáculo lateral,Buen tiempo,Pleno día,1,0,0,1
762,2019,Álava,9,Jueves,11,Travesía,Otro,Choque obstáculo lateral,Buen tiempo,Pleno día,1,0,0,1
763,2019,Álava,9,Jueves,11,Travesía,Otro,Objeto desprendido,Buen tiempo,Pleno día,1,0,0,1
764,2019,Álava,9,Jueves,12,Travesía,Otro,Choque obstáculo lateral,Buen tiempo,Pleno día,1,0,0,1
765,2019,Álava,9,Viernes,17,Travesía,Otro,Choque obstáculo lateral,Buen tiempo,Pleno día,2,0,1,1
766,2019,Álava,9,Sábado,8,Travesía,Otro,Colisión frontolateral,Buen tiempo,Pleno día,1,0,0,1
767,2019,Álava,1,Jueves,12,Travesía,Otro,Salida vía izquierda,Granizo,Pleno día,2,0,0,2
768,2019,Álava,9,Lunes,13,Travesía,Otro,Colisión frontal,Buen tiempo,Pleno día,1,0,0,1
769,2019,Álava,9,Lunes,15,Travesía,Otro,Choque obstáculo lateral,Buen tiempo,Pleno día,1,0,0,1
770,2019,Álava,9,Lunes,16,Travesía,Otro,Colisión frontolateral,Buen tiempo,Pleno día,1,0,0,1
771,2019,Álava,9,Martes,7,Travesía,Otro,Colisión frontolateral,Buen tiempo,Pleno día,1,0,0,1
772,2019,Álava,9,Martes,15,Travesía,Otro,Colisión frontolateral,Buen tiempo,Pleno día,1,0,0,1
773,2019,Álava,9,Miércoles,13,Travesía,Otro,Colisión frontolateral,Buen tiempo,Pleno día,1,0,0,1
774,2019,Álava,9,Miércoles,20,Travesía,Otro,Colisión frontolateral,Buen tiempo,Amanecer/Anochecer,1,0,0,1
775,2019,Álava,9,Jueves,16,Travesía,Otro,Colisión frontolateral,Buen tiempo,Pleno día,1,0,0,1
776,2019,Álava,1,Jueves,18,Travesía,Otro,Colisión por alcance,Buen tiempo,Amanecer/Anochecer,4,0,0,4
777,2019,Álava,9,Jueves,17,Travesía,Otro,Objeto desprendido,Buen tiempo,Pleno día,1,0,0,1
778,2019,Álava,9,Viernes,21,Travesía,Otro,Colisión por alcance,Buen tiempo,Noche sin iluminación,1,1,0,0
779,2019,Álava,9,Domingo,17,Travesía,Otro,Colisión por alcance,Buen tiempo,Pleno día,4,0,0,4
780,2019,Álava,9,Domingo,14,Travesía,Otro,Choque obstáculo lateral,Buen tiempo,Pleno día,2,0,0,2
781,2019,Álava,9,Domingo,21,Travesía,Otro,Colisión frontolateral,Granizo,Noche sin iluminación,1,0,0,1
782,2019,Álava,9,Domingo,21,Travesía,Otro,Colisión por alcance,Buen tiempo,Noche sin iluminación,1,0,0,1
783,2019,Álava,9,Lunes,19,Travesía,Otro,Choque obstáculo lateral,Buen tiempo,Pleno día,1,0,0,1
784,2019,Álava,9,Martes,8,Travesía,Otro,Choque obstáculo lateral,Buen tiempo,Pleno día,1,0,0,1
785,2019,Álava,9,Martes,9,Travesía,Otro,Objeto desprendido,Buen tiempo,Pleno día,1,0,0,1
786,2019,Álava,9,Miércoles,10,Travesía,Otro,Colisión por alcance,Buen tiempo,Pleno día,1,0,0,1
787,2019,Álava,9,Miércoles,14,Travesía,Otro,Colisión frontolateral,Buen tiempo,Pleno día,1,0,1,0
788,2019,Álava,9,Jueves,12,Travesía,Otro,Choque obstáculo lateral,Buen tiempo,Pleno día,1,0,0,1
789,2019,Álava,9,Viernes,13,Travesía,Otro,Colisión lateral,Buen tiempo,Pleno día,1,0,0,1
790,2019,Álava,9,Viernes,15,Travesía,Otro,Choque obstáculo calzada,Buen tiempo,Pleno día,1,0,0,1
791,2019,Álava,9,Viernes,17,Travesía,Otro,Choque obstáculo calzada,Buen tiempo,Pleno día,1,0,0,1
792,2019,Álava,9,Miércoles,10,Travesía,Otro,Colisión frontolateral,Buen tiempo,Pleno día,1,0,0,1
793,2019,Álava,9,Miércoles,13,Travesía,Otro,Atropello a peatón,Buen tiempo,Pleno día,1,0,0,1
794,2019,Álava,9,Miércoles,8,Travesía,Otro,Salida vía izquierda,Buen tiempo,Pleno día,1,0,0,1
795,2019,Álava,9,Miércoles,9,Travesía,Otro,Colisión frontolateral,Buen tiempo,Pleno día,1,0,0,1
796,2019,Álava,9,Miércoles,15,Travesía,Otro,Colisión por alcance,Buen tiempo,Pleno día,1,0,0,1
797,2019,Álava,9,Jueves,14,Travesía,Otro,Colisión frontal,Buen tiempo,Pleno día,1,0,0,1
798,2019,Álava,9,Jueves,17,Travesía,Otro,Colisión frontolateral,Buen tiempo,Pleno día,1,0,1,0
799,2019,Álava,9,Jueves,16,Travesía,Otro,Colisión por alcance,Buen tiempo,Pleno día,1,0,0,1
800,2019,Álava,9,Martes,7,Travesía,Otro,Colisión lateral,Buen tiempo,Noche sin iluminación,1,0,0,1
801,2019,Álava,9,Viernes,21,Travesía,Otro,Choque obstáculo lateral,Buen tiempo,Noche sin iluminación,1,0,0,1
802,2019,Álava,9,Viernes,13,Travesía,Otro,Colisión frontal,Buen tiempo,Pleno día,2,0,0,2
803,2019,Álava,9,Viernes,17,Travesía,Otro,Choque obstáculo lateral,Buen tiempo,Pleno día,1,0,0,1
804,2019,Álava,1,Jueves,20,Travesía,Otro,Colisión frontolateral,Buen tiempo,Noche sin iluminación,1,0,0,1
805,2019,Álava,9,Sábado,21,Travesía,Otro,Colisión frontal,Buen tiempo,Noche sin iluminación,1,0,1,0
806,2019,Álava,9,Lunes,9,Travesía,Otro,Objeto desprendido,Buen tiempo,Pleno día,2,0,0,2
807,2019,Álava,9,Lunes,17,Travesía,Otro,Choque obstáculo lateral,Buen tiempo,Pleno día,1,0,0,1
808,2019,Álava,9,Lunes,17,Travesía,Otro,Colisión frontolateral,Buen tiempo,Pleno día,1,0,0,1
809,2019,Álava,10,Martes,17,Travesía,Otro,Colisión frontolateral,Buen tiempo,Pleno día,1,0,0,1
810,2019,Álava,10,Martes,20,Travesía,Otro,Objeto desprendido,Buen tiempo,Noche sin iluminación,1,0,0,1
811,2019,Álava,10,Martes,9,Travesía,Otro,Colisión por alcance,Buen tiempo,Pleno día,1,0,0,1
812,2019,Álava,10,Miércoles,10,Travesía,Otro,Colisión frontolateral,Buen tiempo,Pleno día,1,0,0,1
813,2019,Álava,10,Miércoles,11,Travesía,Otro,Colisión frontal,Buen tiempo,Pleno día,2,0,0,2
814,2019,Álava,10,Miércoles,13,Travesía,Otro,Atropello a ciclista,Buen tiempo,Pleno día,1,0,0,1
815,2019,Álava,10,Miércoles,14,Travesía,Otro,Atropello a peatón,Buen tiempo,Pleno día,1,0,0,1
816,2019,Álava,10,Jueves,8,Travesía,Otro,Colisión frontolateral,Buen tiempo,Amanecer/Anochecer,1,0,0,1
817,2019,Álava,10,Jueves,13,Travesía,Otro,Colisión lateral,Buen tiempo,Pleno día,1,0,0,1
818,2019,Álava,10,Jueves,14,Travesía,Otro,Colisión frontolateral,Buen tiempo,Pleno día,1,0,0,1
819,2019,Álava,10,Jueves,16,Travesía,Otro,Choque obstáculo lateral,Buen tiempo,Pleno día,1,0,0,1
820,2019,Álava,10,Jueves,17,Travesía,Otro,Colisión frontolateral,Buen tiempo,Pleno día,1,0,0,1
821,2019,Álava,10,Viernes,10,Travesía,Otro,Colisión frontolateral,Buen tiempo,Pleno día,1,0,0,1
822,2019,Álava,10,Viernes,14,Travesía,Otro,Colisión por alcance,Buen tiempo,Pleno día,1,0,0,1
823,2019,Álava,10,Sábado,21,Travesía,Otro,Colisión frontolateral,Buen tiempo,Noche sin iluminación,1,0,0,1
824,2019,Álava,10,Sábado,20,Travesía,Otro,Atropello a peatón,Buen tiempo,Pleno día,1,0,0,1
825,2019,Álava,10,Domingo,17,Travesía,Otro,Choque obstáculo calzada,Buen tiempo,Pleno día,1,0,0,1
826,2019,Álava,10,Lunes,15,Travesía,Otro,Choque obstáculo lateral,Buen tiempo,Pleno día,1,0,0,1
827,2019,Álava,10,Lunes,16,Travesía,Otro,Objeto desprendido,Buen tiempo,Pleno día,1,0,0,1
828,2019,Álava,10,Lunes,18,Travesía,Otro,Objeto desprendido,Buen tiempo,Pleno día,1,0,0,1
829,2019,Álava,10,Martes,15,Travesía,Otro,Colisión frontolateral,Buen tiempo,Pleno día,1,0,0,1
830,2019,Álava,10,Martes,18,Travesía,Otro,Choque obstáculo lateral,Buen tiempo,Pleno día,1,0,1,0
831,2019,Álava,10,Martes,14,Travesía,Otro,Atropello a peatón,Buen tiempo,Pleno día,1,0,0,1
832,2019,Álava,10,Martes,16,Travesía,Otro,Colisión frontolateral,Buen tiempo,Pleno día,1,0,0,1
833,2019,Álava,10,Martes,20,Travesía,Otro,Atropello a peatón,Buen tiempo,Pleno día,1,0,1,0
834,2019,Álava,10,Martes,21,Travesía,Otro,Objeto desprendido,Buen tiempo,Noche sin iluminación,1,0,0,1
835,2019,Álava,10,Jueves,18,Travesía,Otro,Colisión frontolateral,Buen tiempo,Pleno día,2,0,0,2
836,2019,Álava,10,Jueves,14,Travesía,Otro,Objeto desprendido,Buen tiempo,Pleno día,1,0,0,1
837,2019,Álava,10,Viernes,12,Travesía,Otro,Colisión por alcance,Buen tiempo,Pleno día,1,0,0,1
838,2019,Álava,10,Viernes,15,Travesía,Otro,Colisión frontolateral,Buen tiempo,Pleno día,1,0,0,1
839,2019,Álava,10,Martes,21,Travesía,Otro,Colisión frontolateral,Buen tiempo,Noche sin iluminación,1,0,0,1
840,2019,Álava,1,Lunes,8,Travesía,Otro,Colisión frontolateral,Nieve,Noche sin iluminación,1,0,0,1
841,2019,Álava,10,Miércoles,8,Travesía,Otro,Choque obstáculo lateral,Buen tiempo,Pleno día,1,0,0,1
842,2019,Álava,10,Miércoles,14,Travesía,Otro,Colisión múltiple,Buen tiempo,Pleno día,1,0,0,1
843,2019,Álava,10,Miércoles,17,Travesía,Otro,Choque obstáculo lateral,Buen tiempo,Pleno día,1,0,0,1
844,2019,Álava,10,Jueves,18,Travesía,Otro,Choque obstáculo lateral,Buen tiempo,Pleno día,1,1,0,0
845,2019,Álava,10,Jueves,9,Travesía,Otro,Colisión frontolateral,Buen tiempo,Pleno día,1,0,0,1
846,2019,Álava,10,Jueves,8,Travesía,Otro,Colisión por alcance,Buen tiempo,Pleno día,1,0,0,1
847,2019,Álava,10,Sábado,0,Travesía,Otro,Colisión por alcance,Buen tiempo,Noche sin iluminación,1,0,0,1
848,2019,Álava,10,Sábado,13,Travesía,Otro,Choque obstáculo lateral,Buen tiempo,Pleno día,1,0,0,1
849,2019,Álava,10,Sábado,20,Travesía,Otro,Caída de motociclista,Nieve,Noche sin iluminación,1,0,0,1
850,2019,Álava,1,Lunes,5,Travesía,Otro,Colisión por alcance,Granizo,Noche sin iluminación,1,0,0,1
851,2019,Álava,10,Domingo,1,Travesía,Otro,Objeto desprendido,Granizo,Noche sin iluminación,1,0,0,1
852,2019,Álava,10,Lunes,1,Travesía,Otro,Choque obstáculo calzada,Buen tiempo,Noche sin iluminación,1,0,0,1
853,2019,Álava,10,Lunes,15,Travesía,Otro,Colisión frontolateral,Buen tiempo,Pleno día,1,0,0,1
854,2019,Álava,10,Martes,8,Travesía,Otro,Choque obstáculo calzada,Buen tiempo,Noche sin iluminación,1,0,0,1
855,2019,Álava,10,Miércoles,20,Travesía,Otro,Choque obstáculo lateral,Nieve,Noche sin iluminación,1,0,1,0
856,2019,Álava,10,Miércoles,20,Travesía,Otro,Colisión frontolateral,Granizo,Noche sin iluminación,1,0,0,1
857,2019,Álava,10,Miércoles,22,Travesía,Otro,Choque obstáculo lateral,Nieve,Noche sin iluminación,2,0,0,2
858,2019,Álava,10,Miércoles,22,Travesía,Otro,Colisión frontolateral,Nieve,Noche sin iluminación,1,0,0,1
859,2019,Álava,10,Jueves,13,Travesía,Otro,Colisión por alcance,Granizo,Pleno día,1,0,0,1
860,2019,Álava,10,Jueves,17,Travesía,Otro,Colisión lateral,Buen tiempo,Pleno día,2,0,0,2
861,2019,Álava,10,Jueves,8,Travesía,Otro,Colisión lateral,Granizo,Amanecer/Anochecer,1,0,0,1
862,2019,Álava,10,Jueves,19,Travesía,Otro,Choque obstáculo lateral,Buen tiempo,Pleno día,1,0,0,1
863,2019,Álava,10,Viernes,18,Travesía,Otro,Colisión frontolateral,Buen tiempo,Pleno día,2,0,0,2
864,2019,Álava,10,Sábado,15,Travesía,Otro,Colisión frontolateral,Buen tiempo,Pleno día,2,0,0,2
865,2019,Álava,10,Sábado,20,Travesía,Otro,Objeto desprendido,Granizo,Noche sin iluminación,1,0,0,1
866,2019,Álava,1,Lunes,16,Travesía,Otro,Objeto desprendido,Granizo,Pleno día,1,0,0,1
867,2019,Álava,10,Domingo,21,Travesía,Otro,Colisión frontolateral,Buen tiempo,Noche sin iluminación,1,0,0,1
868,2019,Álava,10,Martes,17,Travesía,Otro,Choque obstáculo lateral,Buen tiempo,Pleno día,1,0,0,1
869,2019,Álava,10,Martes,12,Travesía,Otro,Colisión frontolateral,Buen tiempo,Pleno día,1,0,0,1
870,2019,Álava,10,Martes,8,Travesía,Otro,Objeto desprendido,Buen tiempo,Pleno día,1,0,0,1
871,2019,Álava,10,Martes,9,Travesía,Otro,Choque obstáculo lateral,Buen tiempo,Pleno día,1,0,0,1
872,2019,Álava,10,Miércoles,8,Travesía,Otro,Colisión frontolateral,Buen tiempo,Pleno día,1,0,0,1
873,2019,Álava,10,Miércoles,20,Travesía,Otro,Choque obstáculo lateral,Granizo,Noche sin iluminación,2,0,0,2
874,2019,Álava,10,Miércoles,10,Travesía,Otro,Colisión frontal,Buen tiempo,Pleno día,2,0,0,2
875,2019,Álava,11,Viernes,14,Travesía,Otro,Objeto desprendido,Buen tiempo,Pleno día,1,0,0,1
876,2019,Álava,1,Martes,19,Travesía,Otro,Colisión por alcance,Granizo,Noche sin iluminación,6,0,0,6
877,2019,Álava,11,Viernes,10,Travesía,Otro,Colisión frontal,Buen tiempo,Pleno día,1,0,0,1
878,2019,Álava,11,Sábado,12,Travesía,Otro,Objeto desprendido,Buen tiempo,Pleno día,1,0,0,1
879,2019,Álava,11,Sábado,11,Travesía,Otro,Colisión frontolateral,Buen tiempo,Pleno día,1,0,0,1
880,2019,Álava,11,Domingo,20,Travesía,Otro,Colisión lateral,Nieve,Noche sin iluminación,1,0,0,1
881,2019,Álava,11,Lunes,9,Travesía,Otro,Atropello a peatón,Buen tiempo,Pleno día,1,0,0,1
882,2019,Álava,11,Lunes,11,Travesía,Otro,Objeto desprendido,Granizo,Pleno día,1,0,0,1
883,2019,Álava,1,Martes,22,Travesía,Otro,Colisión lateral,Nieve,Noche sin iluminación,1,0,0,1
884,2019,Álava,11,Lunes,16,Travesía,Otro,Objeto desprendido,Buen tiempo,Pleno día,1,0,0,1
885,2019,Álava,1,Martes,7,Travesía,Otro,Choque obstáculo calzada,Buen tiempo,Noche sin iluminación,1,0,0,1
886,2019,Álava,11,Miércoles,8,Travesía,Otro,Objeto desprendido,Buen tiempo,Noche sin iluminación,1,0,0,1
887,2019,Álava,11,Jueves,8,Travesía,Otro,Colisión frontolateral,Buen tiempo,Pleno día,1,0,0,1
888,2019,Álava,11,Jueves,18,Travesía,Otro,Colisión frontolateral,Buen tiempo,Noche sin iluminación,1,0,0,1
889,2019,Álava,11,Jueves,17,Travesía,Otro,Colisión por alcance,Granizo,Amanecer/Anochecer,1,0,1,0
890,2019,Álava,11,Jueves,17,Travesía,Otro,Colisión frontolateral,Nieve,Pleno día,1,0,0,1
891,2019,Álava,11,Jueves,11,Travesía,Otro,Colisión frontolateral,Buen tiempo,Pleno día,1,0,0,1
892,2019,Álava,11,Viernes,18,Travesía,Otro,Colisión por alcance,Granizo,Noche sin iluminación,2,0,0,2
893,2019,Álava,11,Viernes,20,Travesía,Otro,Choque obstáculo lateral,Nieve,Noche sin iluminación,1,0,0,1
894,2019,Álava,11,Viernes,21,Travesía,Otro,Colisión frontolateral,Granizo,Noche sin iluminación,1,0,0,1
895,2019,Álava,11,Viernes,14,Travesía,Otro,Colisión frontal,Granizo,Pleno día,1,0,0,1
896,2019,Álava,11,Sábado,18,Travesía,Otro,Choque obstáculo lateral,Nieve,Noche sin iluminación,1,0,1,0
897,2019,Álava,1,Jueves,22,Travesía,Otro,Colisión frontolateral,Buen tiempo,Noche sin iluminación,1,0,0,1
898,2019,Álava,11,Sábado,14,Travesía,Otro,Colisión por alcance,Granizo,Pleno día,1,0,0,1
899,2019,Álava,11,Sábado,20,Travesía,Otro,Colisión por alcance,Granizo,Noche sin iluminación,2,0,0,2
900,2019,Álava,11,Sábado,23,Travesía,Otro,Salida vía izquierda,Nieve,Noche sin iluminación,1,0,0,1
901,2019,Álava,11,Domingo,11,Travesía,Otro,Colisión frontolateral,Buen tiempo,Pleno día,1,0,0,1
902,2019,Álava,11,Domingo,21,Travesía,Otro,Colisión frontolateral,Nieve,Noche sin iluminación,1,0,0,1
903,2019,Álava,11,Lunes,17,Travesía,Otro,Colisión por alcance,Buen tiempo,Pleno día,1,0,0,1
904,2019,Álava,11,Martes,15,Travesía,Otro,Colisión frontolateral,Buen tiempo,Pleno día,1,0,0,1