ID_ACCIDENTE,AÑO,PROVINCIA,MES,DIA_SEMANA,HORA,ZONA,TIPO_VIA,TIPO_ACCIDENTE,CONDICION_METEO,CONDICION_ILUMINACION,TOTAL_VICTIMAS,FALLECIDOS_24H,HERIDOS_GRAVES,HERIDOS_LEVES
905,2019,Álava,11,Martes,15,Travesía,Otro,Choque obstáculo lateral,Buen tiempo,Pleno día,1,0,0,1
906,2019,Álava,11,Martes,21,Travesía,Otro,Colisión por alcance,Buen tiempo,Noche sin iluminación,1,0,0,1
907,2019,Álava,11,Viernes,18,Travesía,Otro,Choque obstáculo lateral,Granizo,Noche sin iluminación,2,0,0,2
908,2019,Álava,11,Viernes,21,Travesía,Otro,Colisión por alcance,Granizo,Noche sin iluminación,1,0,0,1
909,2019,Álava,11,Sábado,13,Travesía,Otro,Choque obstáculo lateral,Granizo,Pleno día,1,0,0,1
910,2019,Álava,11,Lunes,19,Travesía,Otro,Choque obstáculo lateral,Buen tiempo,Noche sin iluminación,1,0,0,1
911,2019,Álava,11,Lunes,19,Travesía,Otro,Colisión frontolateral,Buen tiempo,Pleno día,1,0,0,1
912,2019,Álava,11,Lunes,13,Travesía,Otro,Colisión frontolateral,Nieve,Pleno día,1,0,0,1
913,2019,Álava,11,Martes,18,Travesía,Otro,Colisión frontolateral,Buen tiempo,Pleno día,1,0,1,0
914,2019,Álava,11,Miércoles,11,Travesía,Otro,Objeto desprendido,Buen tiempo,Pleno día,1,0,0,1
915,2019,Álava,11,Miércoles,14,Travesía,Otro,Colisión frontolateral,Buen tiempo,Pleno día,1,0,1,0
916,2019,Álava,11,Miércoles,18,Travesía,Otro,Choque obstáculo lateral,Buen tiempo,Noche sin iluminación,1,0,0,1
917,2019,Álava,1,Miércoles,17,Travesía,Otro,Objeto desprendido,Granizo,Pleno día,1,0,0,1
918,2019,Álava,11,Jueves,14,Travesía,Otro,Choque obstáculo lateral,Buen tiempo,Pleno día,1,0,0,1
919,2019,Álava,11,Viernes,9,Travesía,Otro,Choque obstáculo calzada,Granizo,Pleno día,1,0,0,1
920,2019,Álava,11,Domingo,18,Travesía,Otro,Choque obstáculo lateral,Buen tiempo,Noche sin iluminación,2,0,0,2
921,2019,Álava,11,Lunes,13,Travesía,Otro,Colisión frontolateral,Buen tiempo,Pleno día,1,0,0,1
922,2019,Álava,11,Lunes,7,Travesía,Otro,Objeto desprendido,Buen tiempo,Noche sin iluminación,1,0,0,1
923,2019,Álava,11,Martes,19,Travesía,Otro,Choque obstáculo lateral,Granizo,Noche sin iluminación,1,0,0,1
924,2019,Álava,11,Martes,19,Travesía,Otro,Atropello a peatón,Otro,Noche sin iluminación,1,0,0,1
925,2019,Álava,1,Jueves,18,Travesía,Otro,Colisión frontolateral,Granizo,Noche sin iluminación,1,0,0,1
926,2019,Álava,11,Miércoles,14,Travesía,Otro,Colisión frontolateral,Buen tiempo,Pleno día,1,0,0,1
927,2019,Álava,11,Miércoles,14,Travesía,Otro,Choque obstáculo lateral,Buen tiempo,Pleno día,1,0,0,1
928,2019,Álava,11,Viernes,15,Travesía,Otro,Colisión frontolateral,Buen tiempo,Pleno día,2,0,1,1
929,2019,Álava,11,Viernes,7,Travesía,Otro,Colisión lateral,Buen tiempo,Pleno día,1,0,0,1
930,2019,Álava,11,Viernes,21,Travesía,Otro,Colisión por alcance,Buen tiempo,Noche sin iluminación,1,0,0,1
931,2019,Álava,11,Viernes,21,Travesía,Otro,Colisión frontolateral,Buen tiempo,Noche sin iluminación,1,0,0,1
932,2019,Álava,12,Domingo,7,Travesía,Otro,Colisión frontolateral,Buen tiempo,Noche sin iluminación,1,0,0,1
933,2019,Álava,12,Lunes,11,Travesía,Otro,Colisión frontolateral,Buen tiempo,Pleno día,1,0,1,0
934,2019,Álava,12,Lunes,14,Travesía,Otro,Colisión frontolateral,Buen tiempo,Pleno día,2,0,0,2
935,2019,Álava,12,Lunes,14,Travesía,Otro,Choque obstáculo lateral,Granizo,Pleno día,1,0,0,1
936,2019,Álava,12,Lunes,20,Travesía,Otro,Colisión frontolateral,Granizo,Noche sin iluminación,1,0,0,1
937,2019,Álava,12,Martes,14,Travesía,Otro,Colisión frontolateral,Buen tiempo,Pleno día,2,0,0,2
938,2019,Álava,12,Martes,21,Travesía,Otro,Colisión frontolateral,Buen tiempo,Noche sin iluminación,1,0,0,1
939,2019,Álava,12,Miércoles,13,Travesía,Otro,Choque obstáculo lateral,Buen tiempo,Pleno día,1,0,0,1
940,2019,Álava,12,Viernes,17,Travesía,Otro,Choque obstáculo calzada,Buen tiempo,Pleno día,1,0,0,1
941,2019,Álava,2,Viernes,20,Travesía,Otro,Colisión frontolateral,Buen tiempo,Noche sin iluminación,2,0,0,2
942,2019,Álava,12,Lunes,12,Travesía,Otro,Colisión lateral,Buen tiempo,Pleno día,1,0,0,1
943,2019,Álava,12,Martes,7,Travesía,Otro,Colisión frontolateral,Buen tiempo,Pleno día,1,0,0,1
944,2019,Álava,12,Martes,9,Travesía,Otro,Colisión múltiple,Buen tiempo,Pleno día,1,0,0,1
945,2019,Álava,12,Martes,13,Travesía,Otro,Colisión frontal,Buen tiempo,Pleno día,1,0,0,1
946,2019,Álava,12,Jueves,10,Travesía,Otro,Choque obstáculo lateral,Buen tiempo,Pleno día,1,0,1,0
947,2019,Álava,12,Jueves,12,Travesía,Otro,Colisión frontolateral,Granizo,Pleno día,1,0,0,1
948,2019,Álava,12,Jueves,17,Travesía,Otro,Choque obstáculo lateral,Nieve,Pleno día,1,0,1,0
949,2019,Álava,12,Jueves,10,Travesía,Otro,Colisión frontolateral,Granizo,Pleno día,2,0,0,2
950,2019,Álava,12,Viernes,17,Travesía,Otro,Colisión por alcance,Buen tiempo,Pleno día,1,0,0,1
951,2019,Álava,12,Viernes,8,Travesía,Otro,Choque obstáculo lateral,Granizo,Noche sin iluminación,1,0,0,1
952,2019,Álava,12,Sábado,20,Travesía,Otro,Colisión frontolateral,Buen tiempo,Noche sin iluminación,1,0,0,1
953,2019,Álava,12,Domingo,1,Travesía,Otro,Colisión frontolateral,Buen tiempo,Noche sin iluminación,1,0,0,1
954,2019,Álava,12,Lunes,20,Travesía,Otro,Otro tipo,Otro,Noche sin iluminación,1,0,0,1
955,2019,Álava,12,Martes,8,Travesía,Otro,Colisión frontolateral,Buen tiempo,Pleno día,2,0,0,2
956,2019,Álava,12,Martes,19,Travesía,Otro,Colisión por alcance,Buen tiempo,Pleno día,3,0,0,3
957,2019,Álava,10,Lunes,8,Travesía,Otro,Colisión frontolateral,Buen tiempo,Pleno día,1,0,0,1
958,2019,Álava,12,Miércoles,12,Travesía,Otro,Colisión frontolateral,Buen tiempo,Pleno día,1,0,0,1
959,2019,Álava,12,Martes,16,Travesía,Otro,Colisión frontolateral,Buen tiempo,Pleno día,1,0,0,1
960,2019,Álava,12,Miércoles,16,Travesía,Otro,Colisión múltiple,Buen tiempo,Pleno día,1,0,0,1
961,2019,Álava,12,Jueves,17,Travesía,Otro,Choque obstáculo lateral,Granizo,Pleno día,1,0,0,1
962,2019,Álava,12,Jueves,21,Travesía,Otro,Colisión por alcance,Granizo,Noche sin iluminación,1,0,0,1
963,2019,Álava,12,Jueves,10,Travesía,Otro,Choque obstáculo lateral,Buen tiempo,Pleno día,1,0,1,0
964,2019,Álava,2,Sábado,21,Travesía,Otro,Choque obstáculo lateral,Viento fuerte,Noche sin iluminación,1,0,0,1
965,2019,Álava,12,Viernes,11,Travesía,Otro,Choque obstáculo lateral,Buen tiempo,Pleno día,1,0,0,1
966,2019,Álava,12,Viernes,19,Travesía,Otro,Choque obstáculo lateral,Nieve,Noche sin iluminación,1,0,0,1
967,2019,Álava,12,Viernes,14,Travesía,Otro,Colisión por alcance,Granizo,Pleno día,1,0,0,1
968,2019,Álava,12,Viernes,20,Travesía,Otro,Choque obstáculo lateral,Nieve,Pleno día,1,0,0,1
969,2019,Álava,12,Sábado,13,Travesía,Otro,Objeto desprendido,Buen tiempo,Pleno día,1,0,0,1
970,2019,Álava,12,Domingo,19,Travesía,Otro,Colisión múltiple,Otro,Noche sin iluminación,3,0,0,3
971,2019,Álava,2,Domingo,6,Travesía,Otro,Se desconoce,Viento fuerte,Noche sin iluminación,1,0,0,1
972,2019,Álava,12,Lunes,17,Travesía,Otro,Choque obstáculo lateral,Buen tiempo,Pleno día,1,0,0,1
973,2019,Álava,12,Lunes,20,Travesía,Otro,Objeto desprendido,Buen tiempo,Noche sin iluminación,3,0,0,3
974,2019,Álava,12,Lunes,20,Travesía,Otro,Colisión por alcance,Buen tiempo,Noche sin iluminación,1,0,0,1
975,2019,Álava,12,Martes,21,Travesía,Otro,Choque obstáculo lateral,Buen tiempo,Noche sin iluminación,2,0,1,1
976,2019,Álava,12,Martes,14,Travesía,Otro,Colisión frontal,Buen tiempo,Pleno día,1,0,0,1
977,2019,Álava,12,Miércoles,7,Travesía,Otro,Salida vía izquierda,Buen tiempo,Noche sin iluminación,1,0,0,1
978,2019,Álava,12,Domingo,18,Travesía,Otro,Choque obstáculo lateral,Buen tiempo,Noche sin iluminación,1,0,0,1
979,2019,Álava,12,Martes,14,Travesía,Otro,Colisión frontolateral,Buen tiempo,Pleno día,1,0,0,1
980,2019,Álava,2,Lunes,5,Travesía,Otro,Choque obstáculo lateral,Buen tiempo,Noche sin iluminación,1,0,0,1
981,2019,Álava,2,Lunes,6,Travesía,Otro,Colisión frontal,Buen tiempo,Pleno día,1,0,0,1
982,2019,Álava,2,Viernes,16,Travesía,Otro,Objeto desprendido,Buen tiempo,Pleno día,1,0,0,1
983,2019,Álava,2,Lunes,6,Travesía,Otro,Objeto desprendido,Buen tiempo,Pleno día,1,0,0,1
984,2019,Álava,2,Lunes,8,Travesía,Otro,Atropello a peatón,Otro,Noche sin iluminación,1,0,0,1
985,2019,Álava,2,Lunes,8,Travesía,Otro,Atropello a peatón,Otro,Noche sin iluminación,1,0,0,1
986,2019,Álava,2,Viernes,20,Travesía,Otro,Objeto desprendido,Buen tiempo,Noche sin iluminación,1,0,0,1
987,2019,Álava,2,Lunes,15,Travesía,Otro,Colisión frontolateral,Buen tiempo,Pleno día,1,0,0,1
988,2019,Álava,2,Miércoles,8,Travesía,Otro,Colisión frontolateral,Buen tiempo,Noche sin iluminación,1,0,0,1
989,2019,Álava,2,Miércoles,16,Travesía,Otro,Choque obstáculo lateral,Buen tiempo,Pleno día,1,0,0,1
990,2019,Álava,2,Miércoles,22,Travesía,Otro,Colisión frontolateral,Buen tiempo,Noche sin iluminación,1,0,0,1
991,2019,Álava,2,Viernes,10,Travesía,Otro,Colisión frontolateral,Buen tiempo,Pleno día,2,0,0,2
992,2019,Álava,2,Viernes,22,Travesía,Otro,Choque obstáculo lateral,Buen tiempo,Noche sin iluminación,1,0,0,1
993,2019,Álava,2,Domingo,20,Travesía,Otro,Atropello a peatón,Granizo,Noche sin iluminación,1,0,0,1
994,2019,Álava,2,Lunes,8,Travesía,Otro,Colisión por alcance,Buen tiempo,Pleno día,1,0,0,1
995,2019,Álava,2,Lunes,18,Travesía,Otro,Choque obstáculo lateral,Buen tiempo,Noche sin iluminación,1,0,0,1
996,2019,Álava,2,Martes,11,Travesía,Otro,Choque obstáculo lateral,Buen tiempo,Pleno día,1,0,0,1
997,2019,Álava,2,Martes,14,Travesía,Otro,Colisión frontolateral,Buen tiempo,Pleno día,1,0,0,1
998,2019,Álava,2,Jueves,15,Travesía,Otro,Choque obstáculo lateral,Buen tiempo,Pleno día,2,0,0,2
999,2019,Álava,1,Sábado,21,Travesía,Otro,Objeto desprendido,Buen tiempo,Noche sin iluminación,1,0,0,1
1000,2019,Álava,2,Viernes,16,Travesía,Otro,Colisión por alcance,Buen tiempo,Pleno día,2,0,0,2
1001,2019,Álava,2,Sábado,21,Travesía,Otro,Colisión frontolateral,Buen tiempo,Noche sin iluminación,1,0,0,1
1002,2019,Álava,2,Domingo,1,Travesía,Otro,Choque obstáculo calzada,Buen tiempo,Noche sin iluminación,1,0,0,1
1003,2019,Álava,2,Sábado,23,Travesía,Otro,Choque obstáculo lateral,Buen tiempo,Noche sin iluminación,1,0,1,0
1004,2019,Álava,1,Domingo,14,Travesía,Otro,Colisión por alcance,Buen tiempo,Pleno día,1,0,0,1
1005,2019,Álava,2,Lunes,12,Travesía,Otro,Choque obstáculo calzada,Buen tiempo,Pleno día,1,0,0,1
1006,2019,Álava,2,Martes,17,Travesía,Otro,Colisión múltiple,Buen tiempo,Pleno día,1,0,0,1
1007,2019,Álava,2,Miércoles,14,Travesía,Otro,Colisión por alcance,Buen tiempo,Pleno día,1,0,1,0
1008,2019,Álava,2,Viernes,20,Travesía,Otro,Choque obstáculo lateral,Buen tiempo,Pleno día,1,0,0,1
1009,2019,Álava,2,Domingo,13,Travesía,Otro,Choque obstáculo lateral,Buen tiempo,Pleno día,1,0,0,1
1010,2019,Álava,2,Lunes,7,Travesía,Otro,Choque obstáculo lateral,Buen tiempo,Pleno día,1,0,0,1
1011,2019,Álava,2,Lunes,7,Travesía,Otro,Colisión frontolateral,Buen tiempo,Pleno día,1,0,0,1
1012,2019,Álava,2,Lunes,10,Travesía,Otro,Colisión frontolateral,Buen tiempo,Pleno día,1,0,0,1
1013,2019,Álava,1,Lunes,14,Travesía,Otro,Choque obstáculo lateral,Buen tiempo,Pleno día,1,0,0,1
1014,2019,Álava,2,Martes,15,Travesía,Otro,Atropello a ciclista,Buen tiempo,Pleno día,1,0,0,1
1015,2019,Álava,2,Martes,18,Travesía,Otro,Choque obstáculo lateral,Buen tiempo,Pleno día,1,0,1,0
1016,2019,Álava,2,Miércoles,10,Travesía,Otro,Choque obstáculo calzada,Buen tiempo,Pleno día,1,0,0,1
1017,2019,Álava,2,Miércoles,11,Travesía,Otro,Colisión por alcance,Buen tiempo,Pleno día,1,0,0,1
1018,2019,Álava,2,Miércoles,18,Travesía,Otro,Colisión frontolateral,Buen tiempo,Pleno día,1,0,0,1
1019,2019,Álava,2,Miércoles,20,Travesía,Otro,Colisión frontolateral,Buen tiempo,Noche sin iluminación,1,0,0,1
1020,2019,Álava,2,Miércoles,17,Travesía,Otro,Atropello a peatón,Buen tiempo,Pleno día,1,0,0,1
1021,2019,Álava,2,Miércoles,15,Travesía,Otro,Colisión frontolateral,Buen tiempo,Pleno día,1,0,0,1
1022,2019,Álava,2,Martes,17,Travesía,Otro,Objeto desprendido,Buen tiempo,Pleno día,1,0,0,1
1023,2019,Álava,2,Martes,16,Travesía,Otro,Choque obstáculo lateral,Buen tiempo,Pleno día,1,0,0,1
1024,2019,Álava,3,Viernes,7,Travesía,Otro,Colisión frontolateral,Buen tiempo,Pleno día,1,0,0,1
1025,2019,Álava,3,Sábado,13,Travesía,Otro,Choque obstáculo calzada,Buen tiempo,Pleno día,1,0,1,0
1026,2019,Álava,3,Lunes,16,Travesía,Otro,Objeto desprendido,Buen tiempo,Pleno día,1,0,0,1
1027,2019,Álava,3,Lunes,9,Travesía,Otro,Colisión por alcance,Buen tiempo,Pleno día,1,0,0,1
1028,2019,Álava,3,Lunes,12,Travesía,Otro,Choque obstáculo lateral,Buen tiempo,Pleno día,2,0,0,2
1029,2019,Álava,3,Martes,9,Travesía,Otro,Colisión por alcance,Buen tiempo,Pleno día,1,0,0,1
1030,2019,Albacete,1,Miércoles,19,Travesía,Otro,Choque obstáculo lateral,Buen tiempo,Noche sin iluminación,1,0,0,1
1031,2019,Albacete,1,Viernes,11,Travesía,Otro,Animal en calzada,Buen tiempo,Pleno día,1,0,0,1
1032,2019,Albacete,1,Miércoles,1,Travesía,Otro,Colisión frontolateral,Buen tiempo,Noche sin iluminación,1,0,0,1
1033,2019,Albacete,1,Martes,7,Travesía,Otro,Colisión frontolateral,Buen tiempo,Noche con iluminación,1,0,0,1
1034,2019,Albacete,1,Sábado,9,Travesía,Otro,Choque obstáculo lateral,Buen tiempo,Pleno día,1,0,0,1
1035,2019,Albacete,1,Lunes,17,Travesía,Otro,Colisión frontolateral,Buen tiempo,Pleno día,1,0,0,1
1036,2019,Albacete,1,Martes,7,Travesía,Otro,Colisión frontolateral,Buen tiempo,Noche sin iluminación,1,0,0,1
1037,2019,Albacete,1,Martes,18,Travesía,Otro,Objeto desprendido,Buen tiempo,Noche con iluminación,1,0,0,1
1038,2019,Albacete,1,Miércoles,23,Travesía,Otro,Colisión frontolateral,Buen tiempo,Noche sin iluminación,4,0,0,4
1039,2019,Albacete,1,Jueves,17,Travesía,Otro,Choque obstáculo lateral,Buen tiempo,Amanecer/Anochecer,1,0,0,1
1040,2019,Albacete,1,Sábado,15,Travesía,Otro,Colisión frontolateral,Buen tiempo,Pleno día,1,0,1,0
1041,2019,Albacete,1,Lunes,15,Travesía,Otro,Colisión lateral,Buen tiempo,Pleno día,1,0,0,1
1042,2019,Albacete,1,Jueves,15,Travesía,Otro,Colisión lateral,Buen tiempo,Pleno día,1,0,0,1
1043,2019,Albacete,1,Lunes,18,Travesía,Otro,Colisión frontolateral,Buen tiempo,Noche sin iluminación,2,0,0,2
1044,2019,Albacete,1,Lunes,7,Travesía,Otro,Colisión por alcance,Buen tiempo,Noche sin iluminación,1,0,1,0
1045,2019,Albacete,1,Lunes,0,Travesía,Otro,Choque obstáculo lateral,Buen tiempo,Noche sin iluminación,1,0,0,1
1046,2019,Albacete,1,Jueves,14,Travesía,Otro,Colisión frontal,Buen tiempo,Pleno día,1,0,0,1
1047,2019,Albacete,1,Sábado,14,Zona interurbana,Calle,Caída de ocupante,Buen tiempo,Pleno día,1,0,0,1
1048,2019,Albacete,1,Domingo,14,Travesía,Otro,Objeto desprendido,Buen tiempo,Pleno día,1,0,0,1
1049,2019,Albacete,1,Domingo,22,Travesía,Otro,Colisión frontolateral,Buen tiempo,Noche sin iluminación,1,0,0,1
1050,2019,Albacete,1,Jueves,6,Travesía,Otro,Animal en calzada,Lluvia,Noche sin iluminación,1,0,0,1
1051,2019,Albacete,1,Lunes,9,Travesía,Otro,Colisión por alcance,Buen tiempo,Pleno día,1,0,0,1
1052,2019,Albacete,1,Domingo,11,Travesía,Travesía,Salida vía izquierda,Granizo,Pleno día,3,0,0,3
1053,2019,Albacete,1,Lunes,8,Travesía,Otro,Choque obstáculo lateral,Buen tiempo,Pleno día,1,0,0,1
1054,2019,Albacete,1,Martes,18,Travesía,Otro,Choque obstáculo lateral,Granizo,Noche sin iluminación,1,0,0,1
1055,2019,Albacete,1,Martes,21,Travesía,Otro,Animal en calzada,Buen tiempo,Noche sin iluminación,1,0,0,1
1056,2019,Albacete,1,Martes,19,Travesía,Otro,Animal en calzada,Granizo,Noche sin iluminación,1,0,0,1
1057,2019,Albacete,1,Sábado,9,Travesía,Otro,Choque obstáculo lateral,Buen tiempo,Pleno día,1,0,0,1
1058,2019,Albacete,1,Viernes,9,Travesía,Otro,Objeto desprendido,Buen tiempo,Pleno día,1,0,0,1
1059,2019,Albacete,1,Martes,17,Travesía,Otro,Colisión frontolateral,Buen tiempo,Pleno día,1,0,0,1
1060,2019,Albacete,1,Miércoles,8,Travesía,Otro,Objeto desprendido,Lluvia,Pleno día,1,0,0,1
1061,2019,Albacete,1,Domingo,23,Travesía,Otro,Colisión por alcance,Buen tiempo,Noche sin iluminación,2,0,0,2
1062,2019,Albacete,1,Sábado,9,Travesía,Otro,Objeto desprendido,Buen tiempo,Pleno día,1,0,0,1
1063,2019,Albacete,1,Viernes,15,Travesía,Otro,Animal en calzada,Buen tiempo,Pleno día,1,0,0,1
1064,2019,Albacete,2,Viernes,22,Travesía,Otro,Animal en calzada,Lluvia,Noche sin iluminación,1,0,0,1
1065,2019,Albacete,2,Sábado,7,Zona interurbana,Vía urbana,Colisión frontal,Buen tiempo,Se desconoce,5,1,4,0
1066,2019,Albacete,2,Sábado,19,Travesía,Otro,Choque obstáculo lateral,Buen tiempo,Noche sin iluminación,2,0,0,2
1067,2019,Albacete,2,Sábado,20,Travesía,Otro,Colisión lateral,Buen tiempo,Noche sin iluminación,1,0,0,1
1068,2019,Albacete,1,Domingo,2,Travesía,Otro,Colisión frontal,Buen tiempo,Noche sin iluminación,2,0,0,2
1069,2019,Albacete,1,Viernes,17,Travesía,Otro,Choque obstáculo calzada,Buen tiempo,Pleno día,1,0,0,1
1070,2019,Albacete,2,Lunes,15,Travesía,Otro,Colisión frontal,Buen tiempo,Pleno día,1,0,0,1
1071,2019,Albacete,2,Domingo,20,Travesía,Otro,Colisión lateral,Buen tiempo,Noche sin iluminación,3,0,0,3
1072,2019,Albacete,2,Lunes,21,Travesía,Otro,Se desconoce,Buen tiempo,Se desconoce,1,0,0,1
1073,2019,Albacete,1,Jueves,6,Travesía,Otro,Salida vía izquierda,Buen tiempo,Noche sin iluminación,1,0,0,1
1074,2019,Albacete,2,Martes,13,Travesía,Otro,Choque obstáculo lateral,Buen tiempo,Pleno día,1,0,0,1
1075,2019,Albacete,2,Sábado,21,Travesía,Otro,Choque obstáculo lateral,Otro,Noche sin iluminación,1,0,0,1
1076,2019,Albacete,2,Domingo,14,Travesía,Otro,Choque obstáculo lateral,Lluvia,Pleno día,1,0,0,1
1077,2019,Albacete,2,Miércoles,12,Travesía,Otro,Choque obstáculo lateral,Buen tiempo,Pleno día,1,0,0,1
1078,2019,Albacete,2,Lunes,10,Travesía,Otro,Colisión por alcance,Buen tiempo,Pleno día,1,0,0,1
1079,2019,Albacete,1,Miércoles,14,Travesía,Otro,Animal en calzada,Buen tiempo,Pleno día,1,0,1,0
1080,2019,Albacete,2,Jueves,19,Travesía,Otro,Colisión por alcance,Buen tiempo,Noche sin iluminación,3,0,0,3
1081,2019,Albacete,2,Jueves,14,Travesía,Otro,Choque obstáculo lateral,Buen tiempo,Pleno día,1,0,0,1
1082,2019,Albacete,2,Lunes,1,Travesía,Otro,Choque obstáculo lateral,Buen tiempo,Noche sin iluminación,1,0,1,0
1083,2019,Albacete,2,Martes,19,Travesía,Otro,Choque obstáculo lateral,Buen tiempo,Noche sin iluminación,1,0,1,0
1084,2019,Albacete,2,Jueves,15,Travesía,Otro,Colisión frontolateral,Buen tiempo,Pleno día,1,0,0,1
1085,2019,Albacete,2,Martes,15,Travesía,Otro,Colisión frontolateral,Buen tiempo,Pleno día,1,0,0,1
1086,2019,Albacete,2,Jueves,11,Travesía,Otro,Choque obstáculo lateral,Buen tiempo,Pleno día,1,0,0,1
1087,2019,Albacete,2,Domingo,6,Travesía,Otro,Choque obstáculo lateral,Buen tiempo,Noche sin iluminación,1,0,0,1
1088,2019,Albacete,2,Domingo,13,Travesía,Otro,Colisión por alcance,Buen tiempo,Pleno día,1,0,0,1
1089,2019,Albacete,2,Miércoles,22,Travesía,Otro,Animal en calzada,Buen tiempo,Pleno día,1,0,0,1
1090,2019,Albacete,2,Miércoles,8,Travesía,Otro,Objeto desprendido,Buen tiempo,Pleno día,1,0,0,1
1091,2019,Albacete,2,Jueves,15,Travesía,Otro,Animal en calzada,Buen tiempo,Pleno día,1,0,0,1
1092,2019,Albacete,2,Sábado,0,Travesía,Otro,Colisión frontolateral,Buen tiempo,Noche sin iluminación,1,0,0,1
1093,2019,Albacete,2,Lunes,23,Travesía,Otro,Colisión frontolateral,Buen tiempo,Noche sin iluminación,1,0,0,1
1094,2019,Albacete,2,Martes,12,Travesía,Otro,Colisión frontolateral,Buen tiempo,Pleno día,1,0,0,1
1095,2019,Albacete,2,Domingo,9,Travesía,Otro,Colisión frontolateral,Buen tiempo,Pleno día,1,0,0,1
1096,2019,Albacete,2,Martes,15,Travesía,Otro,Colisión frontolateral,Buen tiempo,Pleno día,2,0,0,2
1097,2019,Albacete,2,Sábado,10,Travesía,Otro,Colisión frontolateral,Buen tiempo,Pleno día,1,0,0,1
1098,2019,Albacete,2,Jueves,11,Travesía,Otro,Animal en calzada,Buen tiempo,Pleno día,1,0,0,1
1099,2019,Albacete,3,Viernes,17,Zona interurbana,Vía urbana,Colisión frontal,Buen tiempo,Pleno día,2,0,1,1
1100,2019,Albacete,3,Sábado,15,Travesía,Otro,Colisión múltiple,Buen tiempo,Pleno día,1,0,0,1
1101,2019,Albacete,3,Miércoles,14,Travesía,Otro,Objeto desprendido,Buen tiempo,Pleno día,1,0,0,1
1102,2019,Albacete,2,Martes,14,Travesía,Otro,Colisión por alcance,Buen tiempo,Pleno día,1,0,0,1
1103,2019,Albacete,3,Lunes,8,Travesía,Otro,Choque obstáculo lateral,Lluvia,Pleno día,1,0,0,1
1104,2019,Albacete,3,Viernes,15,Travesía,Otro,Choque obstáculo lateral,Buen tiempo,Pleno día,1,0,0,1
1105,2019,Albacete,2,Jueves,17,Travesía,Otro,Colisión por alcance,Buen tiempo,Pleno día,3,0,0,3
1106,2019,Albacete,3,Viernes,15,Travesía,Otro,Colisión frontolateral,Buen tiempo,Pleno día,2,0,0,2
1107,2019,Albacete,2,Jueves,14,Travesía,Otro,Colisión frontolateral,Buen tiempo,Pleno día,1,0,1,0
1108,2019,Albacete,2,Miércoles,14,Travesía,Otro,Choque obstáculo lateral,Buen tiempo,Pleno día,1,0,0,1
1109,2019,Albacete,3,Lunes,15,Travesía,Otro,Colisión frontolateral,Buen tiempo,Pleno día,1,0,0,1
1110,2019,Albacete,3,Martes,10,Travesía,Otro,Choque obstáculo lateral,Buen tiempo,Pleno día,1,0,0,1
1111,2019,Albacete,3,Domingo,13,Travesía,Otro,Caída de motociclista,Buen tiempo,Pleno día,1,0,0,1
1112,2019,Albacete,3,Lunes,7,Travesía,Otro,Animal en calzada,Lluvia,Pleno día,1,0,1,0
1113,2019,Albacete,3,Jueves,11,Zona interurbana,Vía urbana,Caída de motociclista,Buen tiempo,Pleno día,1,0,0,1
1114,2019,Albacete,3,Martes,20,Travesía,Otro,Colisión frontolateral,Buen tiempo,Noche sin iluminación,1,0,0,1
1115,2019,Albacete,3,Martes,8,Travesía,Otro,Colisión frontolateral,Granizo,Pleno día,1,0,0,1
1116,2019,Albacete,3,Lunes,13,Travesía,Otro,Colisión lateral,Buen tiempo,Pleno día,1,0,0,1
1117,2019,Albacete,3,Martes,9,Travesía,Otro,Colisión frontolateral,Buen tiempo,Pleno día,2,0,0,2
1118,2019,Albacete,3,Viernes,8,Travesía,Travesía,Se desconoce,Buen tiempo,Pleno día,2,0,0,2
1119,2019,Albacete,3,Jueves,13,Zona interurbana,Camino vecinal,Atropello a peatón,Buen tiempo,Pleno día,1,0,0,1
1120,2019,Albacete,3,Sábado,11,Zona interurbana,Calle,Choque obstáculo mediana,Buen tiempo,Pleno día,1,0,0,1
1121,2019,Albacete,3,Miércoles,12,Travesía,Otro,Animal en calzada,Buen tiempo,Pleno día,1,0,1,0
1122,2019,Albacete,3,Domingo,16,Travesía,Otro,Colisión lateral,Buen tiempo,Pleno día,2,0,0,2
1123,2019,Albacete,3,Lunes,17,Travesía,Área de servicio,Animal en calzada,Buen tiempo,Pleno día,1,0,0,1
1124,2019,Albacete,3,Viernes,8,Travesía,Otro,Choque obstáculo lateral,Buen tiempo,Pleno día,1,0,0,1
1125,2019,Albacete,3,Martes,17,Travesía,Otro,Colisión lateral,Buen tiempo,Pleno día,2,0,0,2
1126,2019,Albacete,3,Martes,12,Travesía,Otro,Colisión frontolateral,Buen tiempo,Pleno día,1,0,1,0
1127,2019,Albacete,3,Domingo,12,Travesía,Otro,Colisión frontolateral,Granizo,Pleno día,2,0,0,2
1128,2019,Albacete,3,Viernes,11,Travesía,Otro,Colisión frontolateral,Buen tiempo,Pleno día,2,0,0,2
1129,2019,Albacete,3,Lunes,10,Travesía,Otro,Choque obstáculo lateral,Buen tiempo,Pleno día,1,0,0,1
1130,2019,Albacete,4,Martes,15,Zona interurbana,Vía convencional,Salida vía izquierda,Buen tiempo,Pleno día,1,0,1,0
1131,2019,Albacete,4,Martes,18,Zona interurbana,Vía urbana,Colisión frontolateral,Buen tiempo,Pleno día,1,0,0,1
1132,2019,Albacete,4,Sábado,14,Zona interurbana,Vía urbana,Objeto desprendido,Granizo,Pleno día,4,0,0,4