ID_ACCIDENTE,AÑO,PROVINCIA,MES,DIA_SEMANA,HORA,ZONA,TIPO_VIA,TIPO_ACCIDENTE,CONDICION_METEO,CONDICION_ILUMINACION,TOTAL_VICTIMAS,FALLECIDOS_24H,HERIDOS_GRAVES,HERIDOS_LEVES
1133,2019,Albacete,4,Martes,13,Travesía,Otro,Choque obstáculo lateral,Buen tiempo,Pleno día,1,0,0,1
1134,2019,Albacete,3,Lunes,23,Travesía,Otro,Animal en calzada,Buen tiempo,Noche sin iluminación,2,0,1,1
1135,2019,Albacete,4,Jueves,11,Travesía,Otro urbano,Colisión frontolateral,Lluvia,Pleno día,1,0,0,1
1136,2019,Albacete,4,Miércoles,9,Travesía,Otro,Colisión frontolateral,Buen tiempo,Pleno día,1,0,0,1
1137,2019,Albacete,4,Viernes,13,Travesía,Otro,Choque obstáculo lateral,Buen tiempo,Pleno día,2,0,0,2
1138,2019,Albacete,4,Lunes,22,Travesía,Otro,Colisión frontolateral,Buen tiempo,Noche sin iluminación,1,0,0,1
1139,2019,Albacete,4,Jueves,8,Travesía,Otro,Colisión múltiple,Buen tiempo,Pleno día,1,0,0,1
1140,2019,Albacete,4,Sábado,13,Travesía,Otro,Colisión frontolateral,Buen tiempo,Pleno día,1,0,0,1
1141,2019,Albacete,4,Viernes,14,Travesía,Otro,Choque obstáculo lateral,Buen tiempo,Pleno día,1,0,0,1
1142,2019,Albacete,4,Domingo,22,Travesía,Otro,Animal en calzada,Granizo,Noche sin iluminación,1,0,0,1
1143,2019,Albacete,2,Viernes,1,Travesía,Otro,Colisión lateral,Buen tiempo,Noche sin iluminación,1,0,0,1
1144,2019,Albacete,4,Sábado,21,Travesía,Otro,Choque obstáculo lateral,Buen tiempo,Noche con iluminación,1,0,0,1
1145,2019,Albacete,3,Miércoles,15,Travesía,Otro,Colisión por alcance,Buen tiempo,Pleno día,1,0,0,1
1146,2019,Albacete,3,Jueves,17,Travesía,Otro,Colisión frontolateral,Buen tiempo,Pleno día,1,0,0,1
1147,2019,Albacete,4,Viernes,23,Zona interurbana,Vía convencional,Atropello a ciclista,Buen tiempo,Se desconoce,1,0,1,0
1148,2019,Albacete,4,Viernes,15,Travesía,Otro,Animal en calzada,Nieve,Pleno día,1,0,0,1
1149,2019,Albacete,4,Jueves,5,Travesía,Otro,Colisión por alcance,Lluvia,Se desconoce,1,0,1,0
1150,2019,Albacete,4,Lunes,12,Zona interurbana,Vía convencional,Colisión múltiple,Buen tiempo,Pleno día,3,0,1,2
1151,2019,Albacete,3,Viernes,9,Travesía,Otro,Colisión frontolateral,Buen tiempo,Pleno día,1,0,0,1
1152,2019,Albacete,4,Viernes,8,Travesía,Otro,Colisión frontolateral,Buen tiempo,Pleno día,1,0,0,1
1153,2019,Albacete,3,Sábado,17,Travesía,Otro,Colisión frontolateral,Buen tiempo,Pleno día,1,0,0,1
1154,2019,Albacete,4,Domingo,11,Travesía,Otro,Colisión frontolateral,Lluvia,Pleno día,1,0,0,1
1155,2019,Albacete,4,Miércoles,7,Travesía,Otro,Choque obstáculo lateral,Buen tiempo,Pleno día,1,0,0,1
1156,2019,Albacete,4,Miércoles,23,Travesía,Otro,Colisión lateral,Buen tiempo,Noche sin iluminación,3,0,0,3
1157,2019,Albacete,4,Viernes,14,Travesía,Otro,Animal en calzada,Buen tiempo,Pleno día,1,0,0,1
1158,2019,Albacete,4,Lunes,16,Travesía,Otro,Animal en calzada,Buen tiempo,Pleno día,1,0,1,0
1159,2019,Albacete,4,Martes,20,Travesía,Otro,Choque obstáculo lateral,Nieve,Noche con iluminación,1,0,0,1
1160,2019,Albacete,4,Sábado,15,Travesía,Otro,Colisión frontolateral,Buen tiempo,Pleno día,1,0,0,1
1161,2019,Albacete,5,Viernes,11,Travesía,Otro,Colisión frontolateral,Buen tiempo,Pleno día,1,0,0,1
1162,2019,Albacete,5,Jueves,17,Travesía,Otro,Choque obstáculo lateral,Buen tiempo,Pleno día,1,0,0,1
1163,2019,Albacete,5,Lunes,8,Travesía,Calle peatonal,Animal en calzada,Buen tiempo,Pleno día,1,0,0,1
1164,2019,Albacete,4,Martes,11,Travesía,Otro,Colisión lateral,Buen tiempo,Pleno día,1,0,0,1
1165,2019,Albacete,5,Viernes,12,Travesía,Otro,Colisión por alcance,Buen tiempo,Pleno día,1,0,0,1
1166,2019,Albacete,5,Lunes,20,Travesía,Otro,Choque obstáculo lateral,Buen tiempo,Pleno día,1,0,0,1
1167,2019,Albacete,5,Miércoles,7,Travesía,Otro,Colisión frontolateral,Lluvia,Pleno día,1,0,0,1
1168,2019,Albacete,5,Miércoles,17,Travesía,Otro,Choque obstáculo lateral,Buen tiempo,Pleno día,1,0,0,1
1169,2019,Albacete,5,Viernes,15,Travesía,Otro,Animal en calzada,Buen tiempo,Pleno día,1,0,0,1
1170,2019,Albacete,5,Viernes,15,Travesía,Otro,Colisión por alcance,Buen tiempo,Pleno día,1,0,0,1
1171,2019,Albacete,5,Miércoles,16,Travesía,Otro,Objeto desprendido,Buen tiempo,Pleno día,1,0,0,1
1172,2019,Albacete,5,Domingo,20,Travesía,Otro,Animal en calzada,Buen tiempo,Pleno día,1,0,0,1
1173,2019,Albacete,5,Lunes,17,Travesía,Otro,Colisión frontolateral,Buen tiempo,Pleno día,2,0,0,2
1174,2019,Albacete,5,Miércoles,9,Travesía,Otro,Colisión frontolateral,Buen tiempo,Pleno día,1,0,0,1
1175,2019,Albacete,5,Lunes,19,Travesía,Otro,Choque obstáculo lateral,Buen tiempo,Pleno día,1,0,0,1
1176,2019,Albacete,5,Martes,10,Travesía,Otro,Colisión frontolateral,Buen tiempo,Pleno día,1,0,0,1
1177,2019,Albacete,5,Martes,11,Travesía,Otro,Choque obstáculo lateral,Buen tiempo,Pleno día,1,0,0,1
1178,2019,Albacete,5,Domingo,14,Travesía,Otro,Colisión por alcance,Buen tiempo,Pleno día,1,0,0,1
1179,2019,Albacete,5,Sábado,11,Travesía,Otro,Colisión lateral,Buen tiempo,Pleno día,1,0,0,1
1180,2019,Albacete,5,Viernes,9,Travesía,Otro,Colisión lateral,Buen tiempo,Pleno día,1,0,0,1
1181,2019,Albacete,5,Martes,12,Travesía,Otro,Colisión frontolateral,Buen tiempo,Pleno día,1,0,0,1
1182,2019,Albacete,5,Viernes,16,Travesía,Otro,Animal en calzada,Otro,Pleno día,1,0,0,1
1183,2019,Albacete,5,Lunes,15,Travesía,Otro,Animal en calzada,Buen tiempo,Pleno día,1,0,0,1
1184,2019,Albacete,5,Lunes,18,Travesía,Otro,Choque obstáculo lateral,Buen tiempo,Pleno día,1,0,0,1
1185,2019,Albacete,5,Miércoles,17,Travesía,Otro,Colisión por alcance,Buen tiempo,Pleno día,1,0,0,1
1186,2019,Albacete,5,Sábado,13,Travesía,Otro,Colisión frontolateral,Buen tiempo,Pleno día,1,0,0,1
1187,2019,Albacete,5,Martes,18,Travesía,Otro,Colisión frontolateral,Buen tiempo,Pleno día,1,0,0,1
1188,2019,Albacete,5,Martes,20,Travesía,Otro,Colisión frontolateral,Buen tiempo,Pleno día,1,0,0,1
1189,2019,Albacete,4,Martes,14,Travesía,Otro,Colisión por alcance,Granizo,Pleno día,2,0,0,2
1190,2019,Albacete,5,Miércoles,17,Travesía,Otro,Colisión frontolateral,Buen tiempo,Pleno día,1,0,0,1
1191,2019,Albacete,5,Martes,11,Travesía,Otro,Colisión lateral,Buen tiempo,Pleno día,1,0,0,1
1192,2019,Albacete,5,Martes,19,Travesía,Otro,Choque obstáculo lateral,Buen tiempo,Amanecer/Anochecer,2,0,0,2
1193,2019,Albacete,5,Miércoles,22,Travesía,Otro,Colisión lateral,Buen tiempo,Noche sin iluminación,1,0,1,0
1194,2019,Albacete,5,Jueves,11,Travesía,Otro,Choque obstáculo lateral,Buen tiempo,Pleno día,1,0,0,1
1195,2019,Albacete,5,Miércoles,12,Travesía,Otro,Colisión frontolateral,Buen tiempo,Pleno día,2,0,0,2
1196,2019,Albacete,5,Miércoles,8,Travesía,Otro,Colisión lateral,Buen tiempo,Pleno día,1,0,0,1
1197,2019,Albacete,6,Martes,19,Travesía,Otro,Colisión frontal,Buen tiempo,Pleno día,1,0,0,1
1198,2019,Albacete,6,Martes,10,Travesía,Otro,Choque obstáculo lateral,Buen tiempo,Pleno día,1,0,1,0
1199,2019,Albacete,5,Jueves,12,Travesía,Otro,Colisión por alcance,Buen tiempo,Pleno día,1,0,0,1
1200,2019,Albacete,6,Lunes,13,Travesía,Otro,Choque obstáculo lateral,Buen tiempo,Pleno día,1,0,0,1
1201,2019,Albacete,6,Jueves,15,Travesía,Travesía,Choque obstáculo calzada,Buen tiempo,Pleno día,1,0,0,1
1202,2019,Albacete,6,Jueves,15,Travesía,Otro,Colisión lateral,Buen tiempo,Pleno día,2,0,0,2
1203,2019,Albacete,6,Lunes,6,Zona interurbana,Vía urbana,Caída de ocupante,Buen tiempo,Amanecer/Anochecer,1,0,0,1
1204,2019,Albacete,6,Miércoles,9,Travesía,Otro,Objeto desprendido,Buen tiempo,Pleno día,1,0,0,1
1205,2019,Albacete,5,Miércoles,7,Travesía,Otro,Choque obstáculo lateral,Buen tiempo,Pleno día,1,0,0,1
1206,2019,Albacete,6,Viernes,10,Travesía,Otro,Animal en calzada,Buen tiempo,Pleno día,1,0,0,1
1207,2019,Albacete,5,Sábado,0,Travesía,Otro,Colisión lateral,Buen tiempo,Pleno día,2,0,0,2
1208,2019,Albacete,6,Domingo,19,Travesía,Otro,Colisión lateral,Buen tiempo,Pleno día,1,0,0,1
1209,2019,Albacete,6,Viernes,7,Travesía,Otro,Colisión frontolateral,Buen tiempo,Pleno día,1,0,0,1
1210,2019,Albacete,6,Martes,23,Travesía,Otro,Animal en calzada,Buen tiempo,Noche con iluminación,1,0,0,1
1211,2019,Albacete,6,Jueves,10,Travesía,Otro urbano,Colisión lateral,Buen tiempo,Pleno día,1,0,0,1
1212,2019,Albacete,6,Sábado,14,Travesía,Otro,Objeto desprendido,Buen tiempo,Pleno día,2,0,0,2
1213,2019,Albacete,6,Miércoles,12,Travesía,Otro,Choque obstáculo lateral,Buen tiempo,Pleno día,1,0,0,1
1214,2019,Albacete,4,Lunes,13,Travesía,Otro,Colisión frontal,Buen tiempo,Pleno día,1,0,0,1
1215,2019,Albacete,6,Martes,9,Travesía,Otro,Choque obstáculo lateral,Buen tiempo,Pleno día,1,0,0,1
1216,2019,Albacete,6,Miércoles,2,Travesía,Otro,Choque obstáculo calzada,Buen tiempo,Noche sin iluminación,1,0,0,1
1217,2019,Albacete,6,Miércoles,14,Zona interurbana,Vía convencional,Caída de ocupante,Buen tiempo,Pleno día,1,0,1,0
1218,2019,Albacete,6,Viernes,11,Travesía,Otro,Colisión por alcance,Buen tiempo,Pleno día,1,0,0,1
1219,2019,Albacete,6,Lunes,12,Zona interurbana,Vía convencional,Colisión por alcance,Buen tiempo,Pleno día,2,0,0,2
1220,2019,Albacete,6,Martes,11,Travesía,Otro,Colisión lateral,Buen tiempo,Pleno día,1,0,0,1
1221,2019,Albacete,6,Jueves,13,Travesía,Otro,Colisión lateral,Buen tiempo,Pleno día,1,0,0,1
1222,2019,Albacete,6,Jueves,23,Travesía,Otro,Colisión lateral,Buen tiempo,Noche sin iluminación,1,0,0,1
1223,2019,Albacete,6,Jueves,14,Travesía,Otro,Colisión frontolateral,Buen tiempo,Pleno día,2,0,0,2
1224,2019,Albacete,6,Jueves,8,Travesía,Otro,Se desconoce,Buen tiempo,Pleno día,1,0,1,0
1225,2019,Albacete,6,Viernes,17,Travesía,Otro,Colisión frontal,Buen tiempo,Pleno día,2,0,0,2
1226,2019,Albacete,6,Jueves,12,Travesía,Otro,Choque obstáculo lateral,Buen tiempo,Pleno día,1,0,0,1
1227,2019,Albacete,6,Domingo,14,Travesía,Otro,Colisión frontolateral,Buen tiempo,Pleno día,1,0,0,1
1228,2019,Albacete,4,Sábado,10,Travesía,Travesía,Choque obstáculo lateral,Buen tiempo,Noche sin iluminación,1,0,0,1
1229,2019,Albacete,6,Miércoles,13,Travesía,Otro,Objeto desprendido,Buen tiempo,Pleno día,1,0,0,1
1230,2019,Albacete,6,Miércoles,10,Travesía,Otro,Choque obstáculo lateral,Buen tiempo,Pleno día,1,0,0,1
1231,2019,Albacete,6,Jueves,10,Travesía,Otro,Colisión frontolateral,Buen tiempo,Pleno día,1,0,0,1
1232,2019,Albacete,6,Jueves,18,Travesía,Otro,Choque obstáculo lateral,Buen tiempo,Pleno día,1,0,0,1
1233,2019,Albacete,6,Miércoles,10,Travesía,Otro,Colisión frontolateral,Buen tiempo,Pleno día,1,0,0,1
1234,2019,Albacete,6,Lunes,10,Travesía,Otro,Colisión frontolateral,Buen tiempo,Pleno día,2,0,0,2
1235,2019,Albacete,6,Domingo,1,Travesía,Otro,Colisión lateral,Buen tiempo,Noche sin iluminación,1,0,0,1
1236,2019,Albacete,6,Viernes,12,Travesía,Otro,Colisión frontolateral,Buen tiempo,Pleno día,1,0,0,1
1237,2019,Albacete,6,Sábado,19,Travesía,Otro,Choque obstáculo lateral,Buen tiempo,Pleno día,1,0,0,1
1238,2019,Albacete,7,Lunes,0,Travesía,Otro,Colisión frontolateral,Buen tiempo,Noche sin iluminación,1,0,0,1
1239,2019,Albacete,7,Miércoles,11,Travesía,Otro,Choque obstáculo lateral,Buen tiempo,Pleno día,1,0,0,1
1240,2019,Albacete,7,Jueves,21,Travesía,Otro,Choque obstáculo lateral,Buen tiempo,Pleno día,1,0,0,1
1241,2019,Albacete,7,Jueves,14,Travesía,Otro,Choque obstáculo lateral,Buen tiempo,Pleno día,1,0,0,1
1242,2019,Albacete,7,Sábado,6,Travesía,Otro,Colisión frontolateral,Buen tiempo,Noche con iluminación,1,0,0,1
1243,2019,Albacete,7,Martes,22,Travesía,Otro,Objeto desprendido,Buen tiempo,Noche sin iluminación,1,0,0,1
1244,2019,Albacete,7,Domingo,10,Travesía,Otro urbano,Animal en calzada,Buen tiempo,Pleno día,1,0,0,1
1245,2019,Albacete,7,Lunes,17,Zona interurbana,Vía urbana,Atropello a peatón,Buen tiempo,Pleno día,1,0,0,1
1246,2019,Albacete,7,Martes,17,Travesía,Otro,Choque obstáculo lateral,Buen tiempo,Pleno día,1,0,0,1
1247,2019,Albacete,7,Lunes,8,Travesía,Calle peatonal,Objeto desprendido,Buen tiempo,Pleno día,1,0,1,0
1248,2019,Albacete,7,Domingo,17,Travesía,Otro,Choque obstáculo lateral,Nieve,Pleno día,2,0,0,2
1249,2019,Albacete,7,Martes,19,Travesía,Travesía,Colisión por alcance,Buen tiempo,Pleno día,1,0,0,1
1250,2019,Albacete,7,Miércoles,18,Travesía,Otro,Animal en calzada,Buen tiempo,Pleno día,1,0,0,1
1251,2019,Albacete,7,Miércoles,11,Travesía,Otro,Colisión lateral,Buen tiempo,Pleno día,1,0,0,1
1252,2019,Albacete,7,Miércoles,18,Travesía,Otro,Choque obstáculo lateral,Buen tiempo,Pleno día,2,0,0,2
1253,2019,Albacete,7,Miércoles,20,Travesía,Otro,Choque obstáculo lateral,Buen tiempo,Pleno día,1,0,0,1
1254,2019,Albacete,7,Martes,14,Travesía,Otro,Colisión frontolateral,Buen tiempo,Pleno día,2,0,0,2
1255,2019,Albacete,7,Viernes,22,Travesía,Otro,Colisión frontolateral,Buen tiempo,Noche sin iluminación,1,0,0,1
1256,2019,Albacete,7,Domingo,1,Travesía,Otro,Choque obstáculo lateral,Buen tiempo,Noche sin iluminación,1,0,0,1
1257,2019,Albacete,7,Viernes,13,Travesía,Otro,Choque obstáculo lateral,Buen tiempo,Pleno día,1,0,0,1
1258,2019,Albacete,7,Lunes,15,Travesía,Otro,Animal en calzada,Buen tiempo,Pleno día,1,0,0,1
1259,2019,Albacete,7,Lunes,12,Travesía,Otro,Colisión frontolateral,Buen tiempo,Pleno día,1,0,0,1
1260,2019,Albacete,7,Martes,7,Travesía,Otro,Colisión por alcance,Buen tiempo,Pleno día,1,0,0,1
1261,2019,Albacete,7,Lunes,18,Travesía,Otro,Colisión por alcance,Buen tiempo,Pleno día,3,0,0,3
1262,2019,Albacete,6,Lunes,15,Travesía,Otro,Choque obstáculo lateral,Buen tiempo,Pleno día,1,0,0,1
1263,2019,Albacete,7,Lunes,10,Travesía,Otro,Objeto desprendido,Buen tiempo,Pleno día,1,0,0,1
1264,2019,Albacete,7,Martes,8,Travesía,Otro,Animal en calzada,Buen tiempo,Pleno día,1,0,0,1
1265,2019,Albacete,7,Miércoles,11,Zona interurbana,Vía urbana,Se desconoce,Buen tiempo,Pleno día,1,0,0,1
1266,2019,Albacete,7,Viernes,18,Zona interurbana,Vía convencional,Colisión por alcance,Buen tiempo,Pleno día,1,0,0,1
1267,2019,Albacete,7,Viernes,23,Travesía,Otro,Choque obstáculo lateral,Buen tiempo,Noche sin iluminación,2,0,0,2
1268,2019,Albacete,7,Viernes,14,Travesía,Otro,Animal en calzada,Buen tiempo,Pleno día,1,0,1,0
1269,2019,Albacete,7,Jueves,19,Travesía,Otro,Colisión por alcance,Buen tiempo,Pleno día,1,0,0,1
1270,2019,Albacete,7,Domingo,22,Travesía,Otro,Choque obstáculo lateral,Buen tiempo,Noche sin iluminación,1,0,0,1
1271,2019,Albacete,7,Sábado,20,Travesía,Otro,Choque obstáculo calzada,Buen tiempo,Pleno día,1,0,0,1
1272,2019,Albacete,7,Miércoles,13,Travesía,Otro,Choque obstáculo lateral,Buen tiempo,Pleno día,1,0,0,1
1273,2019,Albacete,7,Domingo,22,Travesía,Otro,Colisión lateral,Buen tiempo,Noche con iluminación,1,0,0,1
1274,2019,Albacete,7,Viernes,22,Travesía,Otro,Animal en calzada,Buen tiempo,Se desconoce,1,0,0,1
1275,2019,Albacete,7,Domingo,15,Zona interurbana,Vía urbana,Caída de motociclista,Buen tiempo,Pleno día,1,0,0,1
1276,2019,Albacete,7,Domingo,19,Travesía,Otro,Choque obstáculo lateral,Buen tiempo,Pleno día,2,0,0,2
1277,2019,Albacete,7,Viernes,13,Travesía,Otro,Colisión por alcance,Buen tiempo,Pleno día,1,0,0,1
1278,2019,Albacete,7,Lunes,9,Travesía,Otro,Animal en calzada,Buen tiempo,Pleno día,1,0,0,1
1279,2019,Albacete,7,Lunes,20,Travesía,Otro,Objeto desprendido,Buen tiempo,Pleno día,1,0,0,1
1280,2019,Albacete,7,Miércoles,12,Travesía,Otro,Objeto desprendido,Buen tiempo,Pleno día,1,0,0,1
1281,2019,Albacete,6,Viernes,12,Travesía,Otro,Colisión frontolateral,Buen tiempo,Pleno día,1,0,0,1
1282,2019,Albacete,8,Sábado,9,Travesía,Otro,Choque obstáculo lateral,Buen tiempo,Pleno día,2,0,0,2
1283,2019,Albacete,7,Martes,11,Travesía,Otro,Objeto desprendido,Buen tiempo,Pleno día,1,0,0,1
1284,2019,Albacete,8,Sábado,17,Travesía,Otro,Colisión por alcance,Buen tiempo,Pleno día,1,0,0,1
1285,2019,Albacete,8,Lunes,18,Travesía,Otro,Choque obstáculo lateral,Buen tiempo,Pleno día,1,0,0,1
1286,2019,Albacete,8,Martes,20,Travesía,Otro,Colisión frontolateral,Buen tiempo,Pleno día,1,0,0,1
1287,2019,Albacete,8,Jueves,19,Travesía,Otro,Colisión por alcance,Buen tiempo,Pleno día,1,0,0,1
1288,2019,Albacete,8,Sábado,13,Zona interurbana,Vía convencional,Colisión por alcance,Buen tiempo,Pleno día,1,0,0,1
1289,2019,Albacete,8,Viernes,6,Travesía,Otro,Colisión frontolateral,Buen tiempo,Noche con iluminación,2,0,0,2
1290,2019,Albacete,8,Viernes,11,Travesía,Otro,Colisión frontolateral,Buen tiempo,Pleno día,1,0,0,1
1291,2019,Albacete,8,Martes,13,Travesía,Otro,Colisión por alcance,Buen tiempo,Pleno día,1,0,0,1
1292,2019,Albacete,8,Jueves,12,Zona interurbana,Vía convencional,Colisión por alcance,Buen tiempo,Pleno día,3,0,0,3
1293,2019,Albacete,8,Lunes,16,Zona interurbana,Vía urbana,Colisión frontolateral,Lluvia,Pleno día,2,1,1,0
1294,2019,Albacete,8,Miércoles,13,Travesía,Otro,Colisión por alcance,Granizo,Pleno día,1,0,0,1
1295,2019,Albacete,8,Jueves,13,Travesía,Otro,Choque obstáculo lateral,Buen tiempo,Pleno día,1,0,0,1
1296,2019,Albacete,8,Miércoles,14,Travesía,Otro,Colisión frontolateral,Granizo,Pleno día,1,0,0,1
1297,2019,Albacete,8,Jueves,12,Travesía,Otro,Choque obstáculo lateral,Buen tiempo,Pleno día,1,0,0,1
1298,2019,Albacete,8,Lunes,8,Travesía,Otro,Colisión por alcance,Lluvia,Pleno día,1,0,0,1
1299,2019,Albacete,8,Lunes,10,Travesía,Otro,Objeto desprendido,Lluvia,Pleno día,1,0,0,1
1300,2019,Albacete,8,Lunes,11,Travesía,Otro,Colisión frontal,Lluvia,Pleno día,1,0,0,1
1301,2019,Albacete,8,Lunes,16,Travesía,Otro,Colisión frontolateral,Buen tiempo,Pleno día,1,0,0,1
1302,2019,Albacete,8,Miércoles,5,Zona interurbana,Camino vecinal,Se desconoce,Buen tiempo,Se desconoce,5,1,1,3
1303,2019,Albacete,8,Jueves,6,Zona interurbana,Vía convencional,Colisión por alcance,Buen tiempo,Se desconoce,1,0,0,1
1304,2019,Albacete,9,Lunes,13,Travesía,Otro,Objeto desprendido,Buen tiempo,Pleno día,2,0,0,2
1305,2019,Albacete,8,Jueves,11,Travesía,Otro,Choque obstáculo lateral,Buen tiempo,Pleno día,1,0,1,0
1306,2019,Albacete,8,Jueves,11,Travesía,Otro,Se desconoce,Buen tiempo,Pleno día,1,0,1,0
1307,2019,Albacete,9,Domingo,13,Travesía,Otro,Objeto desprendido,Buen tiempo,Pleno día,1,0,0,1
1308,2019,Albacete,8,Jueves,12,Travesía,Otro,Choque obstáculo lateral,Buen tiempo,Pleno día,1,0,0,1
1309,2019,Albacete,9,Sábado,16,Travesía,Otro,Objeto desprendido,Buen tiempo,Pleno día,1,0,0,1
1310,2019,Albacete,9,Martes,9,Travesía,Otro,Choque obstáculo lateral,Buen tiempo,Pleno día,1,0,0,1
1311,2019,Albacete,9,Jueves,12,Travesía,Otro,Choque obstáculo lateral,Lluvia,Pleno día,1,0,0,1
1312,2019,Albacete,9,Jueves,10,Travesía,Otro,Animal en calzada,Lluvia,Pleno día,1,0,0,1
1313,2019,Albacete,9,Martes,21,Travesía,Otro,Colisión frontolateral,Buen tiempo,Noche sin iluminación,3,0,0,3
1314,2019,Albacete,9,Lunes,13,Travesía,Otro,Colisión frontolateral,Buen tiempo,Pleno día,1,0,0,1
1315,2019,Albacete,9,Martes,17,Travesía,Otro,Colisión frontolateral,Buen tiempo,Pleno día,1,0,1,0
1316,2019,Albacete,9,Sábado,11,Travesía,Otro,Colisión lateral,Buen tiempo,Pleno día,1,0,1,0
1317,2019,Albacete,9,Domingo,19,Travesía,Otro,Objeto desprendido,Buen tiempo,Pleno día,1,1,0,0
1318,2019,Albacete,9,Domingo,16,Travesía,Otro urbano,Colisión frontal,Buen tiempo,Pleno día,1,0,1,0
1319,2019,Albacete,9,Sábado,6,Travesía,Otro,Se desconoce,Granizo,Noche sin iluminación,1,0,0,1
1320,2019,Albacete,9,Domingo,23,Travesía,Otro,Colisión frontolateral,Buen tiempo,Noche sin iluminación,1,0,0,1
1321,2019,Albacete,8,Viernes,0,Travesía,Otro,Colisión frontolateral,Buen tiempo,Noche sin iluminación,1,0,0,1
1322,2019,Albacete,9,Viernes,9,Travesía,Otro,Caída de motociclista,Buen tiempo,Pleno día,1,0,0,1
1323,2019,Albacete,9,Miércoles,11,Travesía,Otro,Choque obstáculo lateral,Buen tiempo,Pleno día,1,0,0,1
1324,2019,Albacete,9,Miércoles,15,Travesía,Otro,Colisión frontolateral,Buen tiempo,Pleno día,2,0,0,2
1325,2019,Albacete,9,Lunes,13,Travesía,Otro,Objeto desprendido,Otro,Pleno día,1,0,0,1
1326,2019,Albacete,9,Martes,11,Travesía,Otro,Choque obstáculo lateral,Buen tiempo,Pleno día,2,0,0,2
1327,2019,Albacete,9,Jueves,9,Travesía,Otro,Colisión frontolateral,Buen tiempo,Pleno día,1,0,1,0
1328,2019,Albacete,9,Jueves,9,Travesía,Otro,Choque obstáculo lateral,Buen tiempo,Pleno día,1,0,0,1
1329,2019,Albacete,9,Sábado,20,Travesía,Otro,Colisión frontolateral,Buen tiempo,Noche sin iluminación,1,0,0,1
1330,2019,Albacete,9,Jueves,14,Travesía,Otro,Colisión frontolateral,Buen tiempo,Pleno día,1,0,0,1
1331,2019,Albacete,9,Viernes,9,Travesía,Otro,Colisión por alcance,Buen tiempo,Pleno día,1,0,0,1
1332,2019,Albacete,10,Martes,18,Zona interurbana,Vía urbana,Se desconoce,Buen tiempo,Pleno día,2,0,0,2
1333,2019,Albacete,9,Sábado,15,Travesía,Otro,Animal en calzada,Buen tiempo,Pleno día,1,0,0,1
1334,2019,Albacete,9,Sábado,12,Travesía,Otro,Choque obstáculo lateral,Buen tiempo,Pleno día,2,0,0,2
1335,2019,Albacete,10,Miércoles,14,Travesía,Otro urbano,Colisión lateral,Buen tiempo,Pleno día,1,0,0,1
1336,2019,Albacete,10,Jueves,15,Travesía,Otro,Colisión por alcance,Buen tiempo,Pleno día,1,0,0,1
1337,2019,Albacete,9,Viernes,8,Travesía,Otro,Animal en calzada,Buen tiempo,Pleno día,1,0,0,1
1338,2019,Albacete,10,Sábado,21,Travesía,Otro,Colisión frontolateral,Buen tiempo,Noche sin iluminación,1,0,0,1
1339,2019,Albacete,10,Viernes,9,Travesía,Otro,Colisión lateral,Buen tiempo,Pleno día,1,0,0,1
1340,2019,Albacete,9,Sábado,22,Travesía,Otro,Colisión lateral,Buen tiempo,Noche sin iluminación,1,0,0,1
1341,2019,Albacete,9,Martes,15,Travesía,Otro,Colisión frontal,Buen tiempo,Pleno día,1,0,0,1
1342,2019,Albacete,10,Domingo,21,Travesía,Otro,Choque obstáculo lateral,Buen tiempo,Noche con iluminación,1,0,0,1
1343,2019,Albacete,10,Martes,8,Travesía,Otro,Colisión frontolateral,Buen tiempo,Pleno día,1,0,0,1
1344,2019,Albacete,10,Martes,15,Travesía,Otro,Choque obstáculo lateral,Buen tiempo,Pleno día,1,0,0,1
1345,2019,Albacete,10,Jueves,6,Travesía,Otro,Animal en calzada,Lluvia,Noche sin iluminación,1,0,0,1
1346,2019,Albacete,10,Jueves,12,Travesía,Otro,Colisión frontal,Buen tiempo,Pleno día,1,0,0,1
1347,2019,Albacete,10,Jueves,14,Travesía,Otro,Colisión por alcance,Buen tiempo,Pleno día,1,0,0,1
1348,2019,Albacete,10,Lunes,8,Travesía,Otro,Animal en calzada,Lluvia,Pleno día,1,0,0,1
1349,2019,Albacete,10,Viernes,9,Travesía,Otro,Animal en calzada,Buen tiempo,Pleno día,1,0,0,1
1350,2019,Albacete,10,Miércoles,12,Travesía,Otro,Colisión frontolateral,Buen tiempo,Pleno día,1,0,0,1
1351,2019,Albacete,10,Jueves,1,Travesía,Otro,Colisión frontolateral,Buen tiempo,Noche sin iluminación,2,0,0,2
1352,2019,Albacete,9,Miércoles,20,Travesía,Otro,Objeto desprendido,Buen tiempo,Pleno día,1,0,0,1
1353,2019,Albacete,10,Jueves,7,Travesía,Otro,Colisión por alcance,Buen tiempo,Noche con iluminación,1,0,0,1
1354,2019,Albacete,10,Jueves,11,Travesía,Otro,Choque obstáculo lateral,Buen tiempo,Pleno día,1,0,0,1
1355,2019,Albacete,10,Martes,8,Travesía,Otro,Choque obstáculo lateral,Granizo,Noche con iluminación,1,0,0,1
1356,2019,Albacete,10,Martes,20,Travesía,Otro,Choque obstáculo lateral,Buen tiempo,Noche sin iluminación,1,0,0,1
1357,2019,Albacete,10,Martes,19,Travesía,Otro,Colisión por alcance,Buen tiempo,Noche sin iluminación,1,0,0,1
1358,2019,Albacete,10,Miércoles,15,Travesía,Otro,Colisión por alcance,Buen tiempo,Pleno día,2,0,0,2
1359,2019,Albacete,10,Domingo,23,Travesía,Otro,Colisión frontolateral,Buen tiempo,Noche sin iluminación,1,0,0,1