ID_ACCIDENTE,AÑO,PROVINCIA,MES,DIA_SEMANA,HORA,ZONA,TIPO_VIA,TIPO_ACCIDENTE,CONDICION_METEO,CONDICION_ILUMINACION,TOTAL_VICTIMAS,FALLECIDOS_24H,HERIDOS_GRAVES,HERIDOS_LEVES
1577,2019,Albacete,12,Jueves,16,Travesía,Otro,Colisión frontolateral,Buen tiempo,Pleno día,1,0,0,1
1578,2019,Albacete,2,Domingo,15,Zona interurbana,Vía urbana,Colisión por alcance,Buen tiempo,Pleno día,1,0,0,1
1579,2019,Albacete,12,Lunes,14,Zona interurbana,Otro urbano,Colisión frontolateral,Buen tiempo,Pleno día,3,0,1,2
1580,2019,Albacete,8,Viernes,16,Zona interurbana,Vía convencional,Caída de ocupante,Buen tiempo,Pleno día,3,0,0,3
1581,2019,Albacete,12,Sábado,18,Zona interurbana,Vía urbana,Animal en calzada,Buen tiempo,Noche sin iluminación,1,0,0,1
1582,2019,Albacete,3,Lunes,18,Zona interurbana,Vía urbana,Atropello a peatón,Buen tiempo,Pleno día,1,0,1,0
1583,2019,Albacete,5,Domingo,15,Zona urbana,Vía urbana,Choque obstáculo lateral,Buen tiempo,Pleno día,1,0,0,1
1584,2019,Albacete,11,Domingo,17,Zona interurbana,Vía urbana,Colisión frontolateral,Buen tiempo,Pleno día,2,0,0,2
1585,2019,Albacete,7,Domingo,9,Zona urbana,Vía urbana,Colisión frontolateral,Buen tiempo,Pleno día,2,0,1,1
1586,2019,Albacete,11,Jueves,13,Travesía,Otro,Colisión frontolateral,Buen tiempo,Pleno día,1,0,0,1
1587,2019,Albacete,8,Martes,12,Travesía,Otro,Colisión frontolateral,Buen tiempo,Pleno día,2,0,0,2
1588,2019,Albacete,7,Domingo,9,Zona interurbana,Vía urbana,Atropello a peatón,Buen tiempo,Pleno día,1,0,1,0
1589,2019,Albacete,9,Domingo,12,Zona interurbana,Vía urbana,Otro tipo,Buen tiempo,Pleno día,1,0,0,1
1590,2019,Albacete,3,Jueves,21,Zona interurbana,Vía urbana,Se desconoce,Buen tiempo,Se desconoce,1,0,0,1
1591,2019,Albacete,3,Domingo,19,Zona interurbana,Vía urbana,Caída de ocupante,Granizo,Pleno día,1,0,0,1
1592,2019,Albacete,11,Lunes,5,Zona interurbana,Vía urbana,Atropello a ciclista,Buen tiempo,Se desconoce,2,0,0,2
1593,2019,Albacete,10,Sábado,3,Zona interurbana,Vía urbana,Atropello a ciclista,Buen tiempo,Se desconoce,1,0,0,1
1594,2019,Albacete,5,Domingo,18,Zona interurbana,Vía urbana,Colisión por alcance,Buen tiempo,Pleno día,2,1,0,1
1595,2019,Albacete,8,Jueves,20,Zona interurbana,Vía urbana,Colisión lateral,Buen tiempo,Pleno día,4,0,0,4
1596,2019,Albacete,4,Martes,7,Zona interurbana,Calle,Colisión frontal,Buen tiempo,Pleno día,1,1,0,0
1597,2019,Albacete,5,Jueves,11,Zona interurbana,Vía urbana,Atropello a peatón,Buen tiempo,Pleno día,1,0,0,1
1598,2019,Albacete,10,Miércoles,15,Zona interurbana,Vía urbana,Colisión frontal,Buen tiempo,Pleno día,1,1,0,0
1599,2019,Albacete,8,Jueves,8,Zona interurbana,Calle,Se desconoce,Buen tiempo,Se desconoce,1,1,0,0
1600,2019,Albacete,9,Viernes,10,Zona interurbana,Vía urbana,Choque con bordillo,Buen tiempo,Pleno día,1,0,0,1
1601,2019,Albacete,4,Sábado,10,Zona interurbana,Calle,Animal en calzada,Buen tiempo,Pleno día,1,0,0,1
1602,2019,Albacete,12,Viernes,17,Zona interurbana,Vía urbana,Colisión frontolateral,Buen tiempo,Pleno día,1,0,0,1
1603,2019,Albacete,3,Domingo,17,Zona interurbana,Vía urbana,Salida vía izquierda,Lluvia,Pleno día,1,0,1,0
1604,2019,Albacete,1,Miércoles,0,Travesía,Otro,Colisión lateral,Buen tiempo,Noche sin iluminación,1,0,0,1
1605,2019,Albacete,1,Martes,7,Zona interurbana,Vía convencional,Atropello a peatón,Buen tiempo,Se desconoce,1,0,1,0
1606,2019,Albacete,2,Domingo,8,Zona interurbana,Vía urbana,Se desconoce,Buen tiempo,Pleno día,1,0,0,1
1607,2019,Albacete,5,Sábado,12,Zona interurbana,Vía urbana,Colisión frontolateral,Buen tiempo,Pleno día,1,0,0,1
1608,2019,Albacete,7,Viernes,4,Zona interurbana,Vía convencional,Colisión por alcance,Buen tiempo,Se desconoce,9,0,0,9
1609,2019,Albacete,8,Jueves,10,Travesía,Otro,Colisión frontolateral,Otro,Pleno día,1,0,0,1
1610,2019,Albacete,9,Domingo,6,Travesía,Otro urbano,Salida vía izquierda,Buen tiempo,Noche sin iluminación,2,0,0,2
1611,2019,Albacete,9,Viernes,14,Travesía,Otro,Colisión frontolateral,Buen tiempo,Pleno día,1,0,0,1
1612,2019,Albacete,10,Viernes,22,Zona interurbana,Vía urbana,Colisión frontolateral,Buen tiempo,Se desconoce,2,0,1,1
1613,2019,Albacete,11,Miércoles,8,Zona interurbana,Vía urbana,Caída de ocupante,Buen tiempo,Pleno día,1,0,1,0
1614,2019,Albacete,11,Lunes,10,Zona interurbana,Vía urbana,Se desconoce,Lluvia,Pleno día,1,0,0,1
1615,2019,Albacete,12,Miércoles,12,Zona interurbana,Vía convencional,Salida vía izquierda,Lluvia,Pleno día,1,0,0,1
1616,2019,Albacete,11,Sábado,21,Travesía,Otro,Colisión frontolateral,Otro,Noche sin iluminación,1,0,0,1
1617,2019,Albacete,12,Viernes,19,Zona interurbana,Vía urbana,Colisión frontolateral,Lluvia,Se desconoce,2,0,0,2
1618,2019,Albacete,4,Lunes,19,Zona interurbana,Vía urbana,Colisión por alcance,Buen tiempo,Pleno día,4,0,0,4
1619,2019,Albacete,10,Martes,16,Zona interurbana,Vía urbana,Colisión por alcance,Buen tiempo,Pleno día,1,0,0,1
1620,2019,Albacete,12,Domingo,12,Zona interurbana,Calle,Vuelco en calzada,Buen tiempo,Pleno día,1,0,1,0
1621,2019,Albacete,12,Sábado,3,Zona interurbana,Vía urbana,Choque obstáculo lateral,Lluvia,Se desconoce,2,0,0,2
1622,2019,Albacete,8,Sábado,16,Zona interurbana,Vía urbana,Caída de ocupante,Buen tiempo,Pleno día,1,0,0,1
1623,2019,Albacete,1,Viernes,3,Zona interurbana,Vía urbana,Caída de ocupante,Buen tiempo,Se desconoce,2,0,1,1
1624,2019,Albacete,3,Jueves,7,Zona interurbana,Vía urbana,Colisión frontolateral,Buen tiempo,Pleno día,3,1,1,1
1625,2019,Albacete,4,Domingo,21,Travesía,Otro,Colisión frontolateral,Buen tiempo,Noche sin iluminación,2,0,0,2
1626,2019,Albacete,10,Viernes,12,Zona interurbana,Vía urbana,Atropello a ciclista,Buen tiempo,Pleno día,1,0,0,1
1627,2019,Albacete,10,Jueves,13,Travesía,Otro,Choque obstáculo lateral,Buen tiempo,Pleno día,1,0,0,1
1628,2019,Albacete,1,Domingo,15,Travesía,Otro,Choque obstáculo lateral,Buen tiempo,Pleno día,1,0,0,1
1629,2019,Albacete,3,Miércoles,13,Travesía,Otro,Choque obstáculo lateral,Buen tiempo,Pleno día,2,0,0,2
1630,2019,Albacete,3,Domingo,17,Zona interurbana,Vía urbana,Colisión múltiple,Buen tiempo,Pleno día,2,0,0,2
1631,2019,Albacete,5,Martes,9,Travesía,Otro,Caída de ocupante,Buen tiempo,Pleno día,1,0,1,0
1632,2019,Albacete,5,Miércoles,20,Travesía,Otro urbano,Choque obstáculo lateral,Buen tiempo,Pleno día,1,1,0,0
1633,2019,Albacete,6,Domingo,23,Travesía,Otro,Colisión frontal,Buen tiempo,Noche sin iluminación,1,0,0,1
1634,2019,Albacete,6,Miércoles,12,Travesía,Otro,Choque obstáculo lateral,Buen tiempo,Pleno día,1,0,0,1
1635,2019,Albacete,7,Domingo,22,Zona interurbana,Vía convencional,Colisión por alcance,Buen tiempo,Se desconoce,1,0,0,1
1636,2019,Albacete,8,Sábado,7,Travesía,Otro,Colisión frontolateral,Buen tiempo,Pleno día,1,0,0,1
1637,2019,Albacete,10,Sábado,13,Zona interurbana,Vía urbana,Se desconoce,Buen tiempo,Pleno día,1,0,0,1
1638,2019,Albacete,10,Sábado,17,Travesía,Otro,Objeto desprendido,Buen tiempo,Pleno día,1,0,0,1
1639,2019,Albacete,10,Sábado,20,Travesía,Otro,Colisión frontolateral,Buen tiempo,Noche sin iluminación,2,0,0,2
1640,2019,Albacete,1,Sábado,14,Zona interurbana,Calle,Choque obstáculo calzada,Buen tiempo,Pleno día,1,0,1,0
1641,2019,Albacete,5,Viernes,11,Zona interurbana,Calle,Colisión frontal,Buen tiempo,Pleno día,1,0,0,1
1642,2019,Albacete,7,Lunes,17,Zona interurbana,Vía urbana,Caída de motociclista,Buen tiempo,Pleno día,2,0,0,2
1643,2019,Albacete,7,Miércoles,18,Zona interurbana,Vía urbana,Salida vía izquierda,Buen tiempo,Pleno día,3,0,0,3
1644,2019,Albacete,1,Miércoles,21,Zona interurbana,Vía urbana,Choque obstáculo lateral,Lluvia,Se desconoce,1,0,1,0
1645,2019,Albacete,3,Domingo,7,Zona interurbana,Calle,Atropello a ciclista,Buen tiempo,Pleno día,2,0,0,2
1646,2019,Albacete,5,Domingo,18,Travesía,Otro,Choque obstáculo calzada,Buen tiempo,Pleno día,1,0,0,1
1647,2019,Albacete,8,Martes,21,Zona interurbana,Vía urbana,Colisión frontolateral,Buen tiempo,Noche sin iluminación,2,0,0,2
1648,2019,Albacete,10,Sábado,11,Travesía,Otro,Colisión frontolateral,Buen tiempo,Pleno día,1,0,0,1
1649,2019,Albacete,10,Martes,10,Zona interurbana,Vía urbana,Colisión por alcance,Buen tiempo,Pleno día,1,0,0,1
1650,2019,Albacete,11,Jueves,20,Zona interurbana,Vía urbana,Salida vía izquierda,Buen tiempo,Se desconoce,1,0,0,1
1651,2019,Albacete,10,Sábado,19,Travesía,Otro,Colisión frontolateral,Buen tiempo,Noche sin iluminación,1,0,0,1
1652,2019,Albacete,1,Viernes,18,Zona interurbana,Vía urbana,Colisión por alcance,Buen tiempo,Amanecer/Anochecer,2,1,1,0
1653,2019,Albacete,1,Sábado,13,Travesía,Otro,Colisión lateral,Buen tiempo,Pleno día,1,0,0,1
1654,2019,Albacete,2,Sábado,19,Travesía,Otro,Colisión por alcance,Buen tiempo,Noche sin iluminación,2,0,0,2
1655,2019,Albacete,1,Viernes,9,Travesía,Otro,Colisión frontolateral,Buen tiempo,Pleno día,2,0,0,2
1656,2019,Albacete,2,Sábado,13,Travesía,Otro,Colisión frontal,Buen tiempo,Pleno día,2,0,0,2
1657,2019,Albacete,2,Sábado,8,Zona interurbana,Vía urbana,Atropello a ciclista,Buen tiempo,Pleno día,1,0,0,1
1658,2019,Albacete,3,Domingo,7,Zona interurbana,Calle,Otro tipo,Buen tiempo,Amanecer/Anochecer,1,0,0,1
1659,2019,Albacete,3,Miércoles,20,Travesía,Otro,Colisión lateral,Buen tiempo,Noche sin iluminación,1,0,0,1
1660,2019,Albacete,1,Jueves,13,Travesía,Otro,Colisión por alcance,Buen tiempo,Pleno día,1,0,0,1
1661,2019,Albacete,1,Domingo,14,Travesía,Otro,Colisión frontolateral,Buen tiempo,Pleno día,1,0,0,1
1662,2019,Albacete,2,Viernes,20,Travesía,Otro,Colisión por alcance,Buen tiempo,Noche sin iluminación,1,0,0,1
1663,2019,Albacete,3,Martes,17,Travesía,Otro,Colisión por alcance,Buen tiempo,Pleno día,2,0,0,2
1664,2019,Albacete,4,Lunes,15,Travesía,Otro,Colisión frontolateral,Granizo,Pleno día,2,0,0,2
1665,2019,Albacete,1,Martes,13,Travesía,Otro,Colisión por alcance,Buen tiempo,Pleno día,1,0,0,1
1666,2019,Albacete,4,Martes,13,Travesía,Otro,Choque obstáculo lateral,Buen tiempo,Pleno día,1,0,0,1
1667,2019,Albacete,4,Viernes,0,Travesía,Otro,Colisión frontolateral,Lluvia,Noche sin iluminación,1,0,0,1
1668,2019,Albacete,1,Lunes,9,Travesía,Otro,Colisión por alcance,Buen tiempo,Pleno día,1,0,0,1
1669,2019,Albacete,4,Sábado,7,Travesía,Otro,Colisión frontolateral,Buen tiempo,Pleno día,1,0,0,1
1670,2019,Albacete,4,Jueves,10,Zona interurbana,Vía convencional,Atropello a ciclista,Nieve,Pleno día,3,0,0,3
1671,2019,Albacete,4,Miércoles,21,Travesía,Otro,Colisión frontolateral,Buen tiempo,Noche sin iluminación,1,0,0,1
1672,2019,Albacete,3,Jueves,18,Travesía,Otro,Colisión frontolateral,Buen tiempo,Pleno día,1,0,0,1
1673,2019,Albacete,4,Martes,13,Travesía,Otro,Colisión frontolateral,Buen tiempo,Pleno día,1,0,0,1
1674,2019,Albacete,4,Martes,18,Zona interurbana,Vía urbana,Colisión frontolateral,Lluvia,Pleno día,2,0,1,1
1675,2019,Albacete,5,Sábado,7,Zona interurbana,Vía urbana,Se desconoce,Buen tiempo,Amanecer/Anochecer,1,1,0,0
1676,2019,Albacete,5,Lunes,18,Travesía,Otro,Colisión lateral,Buen tiempo,Pleno día,1,0,0,1
1677,2019,Albacete,5,Martes,7,Travesía,Otro,Colisión lateral,Buen tiempo,Amanecer/Anochecer,1,0,1,0
1678,2019,Albacete,4,Viernes,17,Travesía,Otro,Choque obstáculo lateral,Buen tiempo,Pleno día,1,0,0,1
1679,2019,Albacete,4,Martes,19,Travesía,Otro,Colisión por alcance,Buen tiempo,Pleno día,1,0,0,1
1680,2019,Albacete,6,Martes,10,Travesía,Otro,Objeto desprendido,Buen tiempo,Pleno día,1,0,0,1
1681,2019,Albacete,6,Domingo,17,Zona interurbana,Vía urbana,Colisión frontolateral,Buen tiempo,Pleno día,2,0,1,1
1682,2019,Albacete,6,Domingo,18,Zona interurbana,Calle,Atropello a ciclista,Buen tiempo,Pleno día,1,0,1,0
1683,2019,Albacete,7,Miércoles,14,Zona interurbana,Vía urbana,Atropello a ciclista,Buen tiempo,Pleno día,2,0,0,2
1684,2019,Albacete,7,Jueves,15,Travesía,Otro,Colisión frontolateral,Buen tiempo,Pleno día,1,0,0,1
1685,2019,Albacete,8,Viernes,12,Travesía,Otro urbano,Colisión lateral,Buen tiempo,Pleno día,1,0,1,0
1686,2019,Albacete,8,Jueves,7,Travesía,Otro,Colisión lateral,Buen tiempo,Amanecer/Anochecer,2,0,0,2
1687,2019,Albacete,8,Jueves,15,Travesía,Otro,Colisión frontolateral,Buen tiempo,Pleno día,1,0,0,1
1688,2019,Albacete,8,Sábado,14,Travesía,Otro,Colisión frontolateral,Buen tiempo,Pleno día,1,0,0,1
1689,2019,Albacete,8,Jueves,13,Zona interurbana,Vía urbana,Colisión frontolateral,Buen tiempo,Pleno día,1,0,0,1
1690,2019,Albacete,9,Miércoles,11,Zona interurbana,Vía convencional,Choque obstáculo calzada,Buen tiempo,Pleno día,3,0,1,2
1691,2019,Albacete,9,Lunes,14,Travesía,Otro,Colisión lateral,Buen tiempo,Pleno día,1,0,0,1
1692,2019,Albacete,9,Sábado,10,Travesía,Otro,Choque obstáculo lateral,Granizo,Pleno día,1,0,1,0
1693,2019,Albacete,9,Jueves,21,Travesía,Otro,Colisión lateral,Buen tiempo,Noche con iluminación,1,0,0,1
1694,2019,Albacete,10,Lunes,22,Zona interurbana,Vía urbana,Caída de ocupante,Buen tiempo,Se desconoce,1,0,1,0
1695,2019,Albacete,10,Miércoles,20,Travesía,Otro,Choque obstáculo calzada,Buen tiempo,Noche con iluminación,1,0,0,1
1696,2019,Albacete,11,Miércoles,9,Zona interurbana,Vía urbana,Atropello a ciclista,Buen tiempo,Pleno día,1,0,1,0
1697,2019,Albacete,7,Miércoles,20,Travesía,Otro,Colisión frontolateral,Buen tiempo,Pleno día,1,0,0,1
1698,2019,Albacete,11,Sábado,1,Travesía,Otro,Colisión frontolateral,Buen tiempo,Noche sin iluminación,5,0,0,5
1699,2019,Albacete,12,Martes,14,Travesía,Otro,Colisión lateral,Granizo,Pleno día,1,0,0,1
1700,2019,Albacete,12,Lunes,2,Zona interurbana,Vía convencional,Colisión por alcance,Buen tiempo,Se desconoce,2,1,0,1
1701,2019,Albacete,3,Domingo,14,Zona interurbana,Vía urbana,Colisión frontal,Granizo,Pleno día,4,0,2,2
1702,2019,Albacete,5,Sábado,12,Zona interurbana,Vía urbana,Colisión por alcance,Buen tiempo,Pleno día,2,0,0,2
1703,2019,Albacete,5,Domingo,11,Zona interurbana,Vía urbana,Colisión lateral,Buen tiempo,Pleno día,1,0,1,0
1704,2019,Albacete,8,Viernes,15,Zona interurbana,Vía urbana,Colisión por alcance,Buen tiempo,Pleno día,1,0,0,1
1705,2019,Albacete,11,Sábado,16,Zona interurbana,Vía urbana,Salida vía izquierda,Buen tiempo,Pleno día,1,0,0,1
1706,2019,Albacete,6,Sábado,12,Zona interurbana,Vía convencional,Atropello a ciclista,Buen tiempo,Pleno día,2,0,0,2
1707,2019,Albacete,7,Lunes,11,Zona interurbana,Vía convencional,Salida vía izquierda,Buen tiempo,Pleno día,1,0,0,1
1708,2019,Albacete,11,Viernes,10,Zona interurbana,Vía convencional,Atropello a ciclista,Lluvia,Pleno día,1,1,0,0
1709,2019,Alicante,10,Martes,10,Zona interurbana,Vía urbana,Atropello a ciclista,Nieve,Pleno día,1,0,0,1
1710,2019,Alicante,2,Sábado,16,Zona interurbana,Vía urbana,Salida vía izquierda,Buen tiempo,Pleno día,1,0,1,0
1711,2019,Alicante,3,Lunes,14,Zona interurbana,Vía urbana,Salida vía izquierda,Lluvia,Pleno día,1,1,0,0
1712,2019,Alicante,5,Miércoles,11,Zona interurbana,Vía urbana,Colisión por alcance,Buen tiempo,Pleno día,1,0,0,1
1713,2019,Alicante,6,Lunes,14,Zona interurbana,Vía urbana,Atropello a ciclista,Buen tiempo,Pleno día,1,0,0,1
1714,2019,Alicante,9,Sábado,12,Zona interurbana,Vía urbana,Colisión lateral,Buen tiempo,Pleno día,1,0,0,1
1715,2019,Alicante,10,Miércoles,10,Zona interurbana,Vía urbana,Animal en calzada,Buen tiempo,Pleno día,1,0,0,1
1716,2019,Alicante,10,Jueves,7,Zona interurbana,Vía urbana,Colisión por alcance,Buen tiempo,Amanecer/Anochecer,3,0,0,3
1717,2019,Alicante,2,Martes,16,Travesía,Otro,Colisión frontolateral,Buen tiempo,Pleno día,1,0,0,1
1718,2019,Alicante,8,Sábado,10,Zona interurbana,Vía urbana,Colisión lateral,Buen tiempo,Pleno día,2,0,0,2
1719,2019,Alicante,9,Lunes,9,Travesía,Otro,Choque obstáculo lateral,Buen tiempo,Pleno día,1,0,0,1
1720,2019,Alicante,9,Jueves,15,Travesía,Otro,Colisión por alcance,Buen tiempo,Pleno día,1,0,0,1
1721,2019,Alicante,12,Viernes,22,Travesía,Otro,Choque obstáculo lateral,Buen tiempo,Noche sin iluminación,1,0,0,1
1722,2019,Alicante,4,Martes,13,Zona interurbana,Vía urbana,Animal en calzada,Buen tiempo,Pleno día,1,0,0,1
1723,2019,Alicante,5,Lunes,19,Zona interurbana,Vía urbana,Caída de motociclista,Buen tiempo,Pleno día,2,0,0,2
1724,2019,Alicante,6,Sábado,11,Zona interurbana,Vía urbana,Caída de motociclista,Buen tiempo,Pleno día,1,0,0,1
1725,2019,Alicante,9,Sábado,18,Zona interurbana,Vía urbana,Caída de motociclista,Buen tiempo,Pleno día,2,0,0,2
1726,2019,Alicante,1,Sábado,13,Zona interurbana,Vía urbana,Colisión frontolateral,Buen tiempo,Pleno día,1,0,0,1
1727,2019,Alicante,1,Domingo,17,Travesía,Área de servicio,Colisión frontolateral,Buen tiempo,Pleno día,1,0,0,1
1728,2019,Alicante,1,Jueves,19,Zona interurbana,Vía convencional,Objeto desprendido,Buen tiempo,Se desconoce,3,0,0,3
1729,2019,Alicante,2,Viernes,14,Zona interurbana,Vía urbana,Colisión por alcance,Buen tiempo,Pleno día,1,0,0,1
1730,2019,Alicante,2,Martes,9,Travesía,Otro,Choque obstáculo lateral,Buen tiempo,Pleno día,1,0,0,1
1731,2019,Alicante,2,Jueves,5,Zona interurbana,Vía urbana,Colisión frontolateral,Buen tiempo,Noche ilum. insuficiente,1,0,0,1
1732,2019,Alicante,2,Domingo,21,Travesía,Otro,Animal en calzada,Buen tiempo,Noche sin iluminación,1,0,0,1
1733,2019,Alicante,2,Domingo,19,Zona interurbana,Vía urbana,Colisión frontolateral,Buen tiempo,Noche sin iluminación,1,0,0,1
1734,2019,Alicante,2,Jueves,15,Zona interurbana,Vía urbana,Salida vía izquierda,Buen tiempo,Pleno día,1,0,0,1
1735,2019,Alicante,4,Domingo,12,Travesía,Otro,Colisión frontolateral,Buen tiempo,Pleno día,1,0,0,1
1736,2019,Alicante,4,Miércoles,17,Travesía,Otro,Colisión frontolateral,Buen tiempo,Pleno día,2,0,0,2
1737,2019,Alicante,6,Viernes,11,Travesía,Otro,Colisión por alcance,Buen tiempo,Pleno día,2,0,0,2
1738,2019,Alicante,6,Sábado,21,Travesía,Otro,Animal en calzada,Buen tiempo,Noche con iluminación,1,0,0,1
1739,2019,Alicante,7,Jueves,17,Zona interurbana,Vía urbana,Colisión por alcance,Buen tiempo,Pleno día,2,0,0,2
1740,2019,Alicante,7,Jueves,12,Travesía,Otro,Choque obstáculo lateral,Buen tiempo,Pleno día,1,0,0,1
1741,2019,Alicante,7,Jueves,22,Travesía,Otro,Colisión por alcance,Buen tiempo,Noche sin iluminación,1,0,1,0
1742,2019,Alicante,8,Martes,19,Travesía,Otro,Colisión frontolateral,Buen tiempo,Pleno día,2,0,0,2
1743,2019,Alicante,9,Domingo,21,Zona interurbana,Vía convencional,Choque con bordillo,Buen tiempo,Se desconoce,1,0,0,1
1744,2019,Alicante,9,Jueves,14,Zona interurbana,Vía urbana,Colisión frontolateral,Buen tiempo,Pleno día,1,0,0,1
1745,2019,Alicante,9,Martes,7,Travesía,Otro,Colisión frontolateral,Buen tiempo,Pleno día,2,0,0,2
1746,2019,Alicante,9,Miércoles,13,Zona interurbana,Vía convencional,Colisión múltiple,Buen tiempo,Pleno día,3,0,0,3
1747,2019,Alicante,9,Viernes,22,Travesía,Otro,Colisión lateral,Buen tiempo,Pleno día,1,0,0,1
1748,2019,Alicante,10,Martes,23,Zona interurbana,Calle,Colisión frontolateral,Buen tiempo,Se desconoce,2,0,0,2
1749,2019,Alicante,10,Sábado,17,Zona interurbana,Vía urbana,Se desconoce,Buen tiempo,Pleno día,2,1,1,0
1750,2019,Alicante,10,Miércoles,14,Travesía,Otro,Choque obstáculo lateral,Buen tiempo,Pleno día,1,0,0,1
1751,2019,Alicante,11,Sábado,23,Travesía,Otro,Colisión frontolateral,Buen tiempo,Noche sin iluminación,1,0,0,1
1752,2019,Alicante,11,Miércoles,10,Zona interurbana,Vía urbana,Caída de motociclista,Lluvia,Pleno día,1,0,0,1
1753,2019,Alicante,12,Lunes,10,Travesía,Otro,Choque obstáculo lateral,Buen tiempo,Pleno día,1,0,0,1
1754,2019,Alicante,12,Domingo,13,Zona interurbana,Vía urbana,Colisión frontolateral,Buen tiempo,Pleno día,4,0,0,4
1755,2019,Alicante,1,Domingo,23,Zona interurbana,Vía urbana,Atropello a ciclista,Buen tiempo,Se desconoce,4,0,1,3
1756,2019,Alicante,1,Jueves,10,Zona interurbana,Vía urbana,Se desconoce,Buen tiempo,Pleno día,1,0,0,1
1757,2019,Alicante,3,Sábado,10,Zona interurbana,Vía urbana,Choque obstáculo mediana,Buen tiempo,Pleno día,1,0,0,1
1758,2019,Alicante,7,Sábado,11,Zona interurbana,Vía urbana,Colisión lateral,Buen tiempo,Pleno día,1,0,0,1
1759,2019,Alicante,5,Lunes,18,Zona interurbana,Vía urbana,Atropello a ciclista,Buen tiempo,Pleno día,1,0,0,1
1760,2019,Alicante,2,Viernes,12,Zona interurbana,Vía urbana,Otro tipo,Buen tiempo,Pleno día,1,0,0,1
1761,2019,Alicante,7,Domingo,9,Zona interurbana,Vía urbana,Se desconoce,Buen tiempo,Pleno día,1,0,0,1
1762,2019,Alicante,1,Martes,17,Zona interurbana,Camino vecinal,Colisión múltiple,Buen tiempo,Pleno día,2,0,0,2
1763,2019,Alicante,1,Martes,5,Zona interurbana,Vía urbana,Otro tipo,Buen tiempo,Se desconoce,1,0,0,1
1764,2019,Alicante,1,Jueves,11,Travesía,Otro,Choque obstáculo lateral,Buen tiempo,Pleno día,1,1,0,0
1765,2019,Alicante,3,Miércoles,10,Zona interurbana,Vía urbana,Caída de ocupante,Buen tiempo,Pleno día,1,0,0,1
1766,2019,Alicante,3,Viernes,18,Zona interurbana,Vía urbana,Colisión lateral,Buen tiempo,Pleno día,1,0,0,1
1767,2019,Alicante,3,Jueves,16,Zona interurbana,Vía urbana,Animal en calzada,Otro,Pleno día,1,0,1,0
1768,2019,Alicante,3,Jueves,15,Zona interurbana,Vía convencional,Colisión frontolateral,Buen tiempo,Pleno día,1,0,0,1
1769,2019,Alicante,5,Domingo,22,Zona interurbana,Vía convencional,Colisión por alcance,Buen tiempo,Se desconoce,2,0,0,2
1770,2019,Alicante,5,Miércoles,14,Travesía,Otro,Objeto desprendido,Buen tiempo,Pleno día,1,0,0,1
1771,2019,Alicante,6,Jueves,11,Zona interurbana,Vía urbana,Caída de motociclista,Buen tiempo,Pleno día,1,0,0,1
1772,2019,Alicante,6,Lunes,16,Zona interurbana,Vía convencional,Colisión por alcance,Buen tiempo,Pleno día,2,0,0,2
1773,2019,Alicante,6,Viernes,15,Zona interurbana,Vía convencional,Colisión frontolateral,Buen tiempo,Pleno día,2,0,0,2
1774,2019,Alicante,7,Martes,19,Zona interurbana,Vía urbana,Colisión frontolateral,Buen tiempo,Pleno día,1,0,0,1
1775,2019,Alicante,7,Martes,13,Travesía,Otro,Choque obstáculo lateral,Buen tiempo,Pleno día,1,0,0,1
1776,2019,Alicante,7,Domingo,8,Travesía,Otro,Colisión por alcance,Buen tiempo,Pleno día,2,0,0,2
1777,2019,Alicante,8,Viernes,23,Travesía,Otro,Animal en calzada,Buen tiempo,Noche sin iluminación,1,0,0,1
1778,2019,Alicante,7,Lunes,15,Travesía,Otro,Colisión lateral,Buen tiempo,Pleno día,1,0,0,1
1779,2019,Alicante,7,Miércoles,18,Travesía,Otro,Choque obstáculo lateral,Buen tiempo,Pleno día,1,0,0,1
1780,2019,Alicante,7,Domingo,12,Travesía,Otro,Choque obstáculo lateral,Buen tiempo,Pleno día,1,0,0,1
1781,2019,Alicante,8,Sábado,12,Zona interurbana,Vía urbana,Se desconoce,Buen tiempo,Pleno día,1,0,1,0
1782,2019,Alicante,8,Viernes,4,Travesía,Otro,Colisión frontolateral,Buen tiempo,Noche con iluminación,1,0,1,0
1783,2019,Alicante,9,Miércoles,19,Zona interurbana,Vía convencional,Colisión frontolateral,Buen tiempo,Pleno día,1,0,1,0
1784,2019,Alicante,9,Sábado,10,Zona interurbana,Vía urbana,Colisión lateral,Buen tiempo,Pleno día,2,0,1,1
1785,2019,Alicante,9,Viernes,12,Travesía,Otro,Colisión lateral,Buen tiempo,Pleno día,2,0,0,2
1786,2019,Alicante,10,Martes,20,Travesía,Otro,Objeto desprendido,Buen tiempo,Pleno día,1,0,0,1
1787,2019,Alicante,10,Sábado,17,Travesía,Otro,Objeto desprendido,Buen tiempo,Pleno día,1,0,1,0
1788,2019,Alicante,10,Sábado,14,Travesía,Otro,Animal en calzada,Buen tiempo,Pleno día,1,0,0,1
1789,2019,Alicante,10,Sábado,23,Travesía,Otro,Colisión lateral,Buen tiempo,Noche sin iluminación,1,0,0,1