ID_ACCIDENTE,AÑO,PROVINCIA,MES,DIA_SEMANA,HORA,ZONA,TIPO_VIA,TIPO_ACCIDENTE,CONDICION_METEO,CONDICION_ILUMINACION,TOTAL_VICTIMAS,FALLECIDOS_24H,HERIDOS_GRAVES,HERIDOS_LEVES
1790,2019,Alicante,10,Viernes,10,Travesía,Otro,Colisión por alcance,Otro,Pleno día,1,0,0,1
1791,2019,Alicante,10,Domingo,7,Zona interurbana,Vía urbana,Colisión lateral,Buen tiempo,Amanecer/Anochecer,1,0,0,1
1792,2019,Alicante,10,Martes,6,Travesía,Otro,Choque obstáculo lateral,Buen tiempo,Noche con iluminación,1,0,0,1
1793,2019,Alicante,10,Miércoles,8,Travesía,Otro,Choque obstáculo lateral,Buen tiempo,Pleno día,1,0,0,1
1794,2019,Alicante,10,Martes,8,Travesía,Otro,Choque obstáculo lateral,Buen tiempo,Pleno día,1,0,0,1
1795,2019,Alicante,11,Viernes,0,Zona interurbana,Vía urbana,Otro tipo,Buen tiempo,Se desconoce,2,0,0,2
1796,2019,Alicante,10,Lunes,16,Travesía,Otro,Choque obstáculo lateral,Buen tiempo,Pleno día,1,0,0,1
1797,2019,Alicante,11,Martes,12,Travesía,Otro,Choque obstáculo lateral,Buen tiempo,Pleno día,1,0,1,0
1798,2019,Alicante,12,Miércoles,8,Travesía,Otro,Choque obstáculo lateral,Buen tiempo,Pleno día,1,0,0,1
1799,2019,Alicante,10,Jueves,16,Travesía,Otro,Choque obstáculo lateral,Buen tiempo,Pleno día,1,0,0,1
1800,2019,Alicante,12,Lunes,20,Travesía,Otro,Colisión frontolateral,Buen tiempo,Noche con iluminación,1,0,0,1
1801,2019,Alicante,12,Lunes,10,Travesía,Otro,Animal en calzada,Lluvia,Pleno día,1,0,0,1
1802,2019,Alicante,1,Domingo,18,Zona interurbana,Vía urbana,Caída de motociclista,Lluvia,Amanecer/Anochecer,1,0,0,1
1803,2019,Alicante,2,Miércoles,22,Zona interurbana,Vía urbana,Choque con bordillo,Buen tiempo,Se desconoce,1,0,0,1
1804,2019,Alicante,6,Domingo,10,Zona interurbana,Vía urbana,Animal en calzada,Lluvia,Pleno día,1,0,0,1
1805,2019,Alicante,11,Domingo,15,Zona interurbana,Vía urbana,Otro tipo,Buen tiempo,Pleno día,1,0,1,0
1806,2019,Alicante,2,Miércoles,11,Zona interurbana,Vía urbana,Colisión lateral,Buen tiempo,Pleno día,1,0,0,1
1807,2019,Alicante,2,Domingo,19,Zona interurbana,Vía urbana,Colisión por alcance,Buen tiempo,Noche sin iluminación,1,0,0,1
1808,2019,Alicante,1,Lunes,13,Travesía,Otro,Choque obstáculo lateral,Otro,Pleno día,1,0,0,1
1809,2019,Alicante,1,Sábado,0,Travesía,Otro,Colisión lateral,Buen tiempo,Noche sin iluminación,2,0,1,1
1810,2019,Alicante,2,Domingo,11,Travesía,Otro,Colisión frontolateral,Otro,Pleno día,1,0,1,0
1811,2019,Alicante,2,Jueves,18,Travesía,Otro,Colisión frontolateral,Otro,Noche con iluminación,1,0,1,0
1812,2019,Alicante,2,Lunes,12,Travesía,Otro,Choque obstáculo lateral,Otro,Pleno día,1,0,0,1
1813,2019,Alicante,3,Viernes,12,Travesía,Otro,Colisión lateral,Buen tiempo,Pleno día,2,0,2,0
1814,2019,Alicante,3,Miércoles,17,Zona interurbana,Vía urbana,Colisión por alcance,Buen tiempo,Pleno día,1,0,0,1
1815,2019,Alicante,3,Sábado,11,Zona interurbana,Vía urbana,Colisión por alcance,Buen tiempo,Pleno día,1,0,0,1
1816,2019,Alicante,4,Miércoles,12,Zona interurbana,Vía urbana,Colisión por alcance,Buen tiempo,Pleno día,2,0,0,2
1817,2019,Alicante,4,Sábado,11,Zona interurbana,Autopista,Caída de ocupante,Nieve,Pleno día,1,0,0,1
1818,2019,Alicante,4,Martes,16,Zona interurbana,Vía urbana,Se desconoce,Buen tiempo,Pleno día,2,0,0,2
1819,2019,Alicante,5,Miércoles,12,Zona interurbana,Vía urbana,Colisión por alcance,Buen tiempo,Pleno día,1,0,0,1
1820,2019,Alicante,6,Lunes,12,Zona interurbana,Vía urbana,Colisión múltiple,Buen tiempo,Pleno día,3,0,0,3
1821,2019,Alicante,4,Jueves,23,Travesía,Otro,Animal en calzada,Otro,Noche sin iluminación,1,0,0,1
1822,2019,Alicante,5,Jueves,14,Travesía,Otro,Colisión frontolateral,Otro,Pleno día,1,0,0,1
1823,2019,Alicante,5,Jueves,17,Travesía,Otro,Colisión frontolateral,Otro,Pleno día,1,0,0,1
1824,2019,Alicante,4,Lunes,14,Travesía,Otro,Animal en calzada,Otro,Pleno día,1,0,0,1
1825,2019,Alicante,6,Sábado,15,Travesía,Otro,Colisión frontolateral,Otro,Noche sin iluminación,1,0,0,1
1826,2019,Alicante,7,Lunes,12,Zona interurbana,Vía urbana,Colisión lateral,Buen tiempo,Pleno día,2,0,0,2
1827,2019,Alicante,5,Lunes,15,Travesía,Otro,Caída de motociclista,Otro,Pleno día,1,0,0,1
1828,2019,Alicante,5,Jueves,13,Travesía,Otro,Choque obstáculo lateral,Otro,Pleno día,1,0,0,1
1829,2019,Alicante,6,Lunes,18,Travesía,Otro,Caída de motociclista,Otro,Pleno día,1,0,0,1
1830,2019,Alicante,7,Miércoles,13,Zona interurbana,Vía urbana,Colisión por alcance,Buen tiempo,Pleno día,1,0,0,1
1831,2019,Alicante,7,Miércoles,11,Travesía,Otro,Choque obstáculo lateral,Otro,Pleno día,1,0,0,1
1832,2019,Alicante,7,Sábado,13,Travesía,Otro,Atropello a peatón,Otro,Pleno día,1,0,0,1
1833,2019,Alicante,7,Martes,20,Travesía,Otro,Animal en calzada,Otro,Pleno día,1,0,0,1
1834,2019,Alicante,7,Viernes,14,Travesía,Otro,Colisión por alcance,Otro,Pleno día,1,0,0,1
1835,2019,Alicante,8,Lunes,22,Zona interurbana,Vía urbana,Colisión frontal,Buen tiempo,Noche sin iluminación,3,0,0,3
1836,2019,Alicante,8,Miércoles,19,Zona interurbana,Vía urbana,Colisión por alcance,Buen tiempo,Pleno día,1,0,0,1
1837,2019,Alicante,8,Jueves,20,Zona interurbana,Vía urbana,Colisión múltiple,Buen tiempo,Pleno día,3,0,0,3
1838,2019,Alicante,8,Viernes,6,Travesía,Otro urbano,Animal en calzada,Otro,Noche sin iluminación,1,0,0,1
1839,2019,Alicante,8,Miércoles,11,Travesía,Otro,Colisión por alcance,Otro,Pleno día,1,0,0,1
1840,2019,Alicante,8,Jueves,1,Travesía,Otro,Colisión frontolateral,Otro,Noche sin iluminación,3,0,0,3
1841,2019,Alicante,8,Miércoles,9,Travesía,Otro,Animal en calzada,Lluvia,Pleno día,1,0,0,1
1842,2019,Alicante,9,Martes,17,Zona interurbana,Vía urbana,Colisión frontolateral,Buen tiempo,Pleno día,1,0,0,1
1843,2019,Alicante,8,Martes,15,Travesía,Otro,Choque obstáculo calzada,Otro,Pleno día,1,0,0,1
1844,2019,Alicante,9,Sábado,3,Zona interurbana,Vía urbana,Choque obstáculo lateral,Lluvia,Se desconoce,1,1,0,0
1845,2019,Alicante,8,Lunes,20,Travesía,Otro,Colisión lateral,Otro,Amanecer/Anochecer,1,0,1,0
1846,2019,Alicante,8,Lunes,14,Travesía,Otro,Animal en calzada,Otro,Pleno día,1,0,0,1
1847,2019,Alicante,8,Miércoles,8,Travesía,Otro,Choque obstáculo lateral,Otro,Pleno día,1,0,1,0
1848,2019,Alicante,9,Sábado,14,Zona interurbana,Vía urbana,Colisión por alcance,Buen tiempo,Pleno día,2,0,0,2
1849,2019,Alicante,9,Jueves,0,Travesía,Otro,Se desconoce,Otro,Noche sin iluminación,1,0,0,1
1850,2019,Alicante,10,Martes,16,Zona interurbana,Vía urbana,Animal en calzada,Buen tiempo,Pleno día,2,0,0,2
1851,2019,Alicante,10,Viernes,21,Travesía,Otro,Choque obstáculo lateral,Otro,Noche sin iluminación,1,0,0,1
1852,2019,Alicante,10,Jueves,12,Travesía,Otro,Colisión frontolateral,Otro,Pleno día,1,0,0,1
1853,2019,Alicante,10,Domingo,13,Travesía,Otro,Colisión lateral,Otro,Pleno día,1,0,0,1
1854,2019,Alicante,10,Viernes,19,Travesía,Otro,Colisión frontolateral,Otro,Noche sin iluminación,1,0,0,1
1855,2019,Alicante,11,Jueves,7,Zona interurbana,Vía urbana,Colisión frontolateral,Buen tiempo,Noche con iluminación,1,0,0,1
1856,2019,Alicante,11,Miércoles,13,Zona interurbana,Vía urbana,Colisión por alcance,Granizo,Pleno día,1,0,0,1
1857,2019,Alicante,11,Miércoles,14,Travesía,Otro,Choque obstáculo lateral,Buen tiempo,Pleno día,1,0,0,1
1858,2019,Alicante,11,Lunes,11,Travesía,Otro,Choque obstáculo lateral,Buen tiempo,Pleno día,1,0,1,0
1859,2019,Alicante,11,Viernes,15,Zona interurbana,Vía urbana,Colisión por alcance,Buen tiempo,Pleno día,1,0,0,1
1860,2019,Alicante,11,Viernes,19,Zona interurbana,Vía urbana,Colisión por alcance,Buen tiempo,Se desconoce,1,0,0,1
1861,2019,Alicante,12,Viernes,17,Zona interurbana,Vía urbana,Colisión por alcance,Buen tiempo,Se desconoce,1,0,0,1
1862,2019,Alicante,12,Viernes,19,Zona interurbana,Vía urbana,Colisión frontal,Buen tiempo,Noche sin iluminación,1,0,0,1
1863,2019,Alicante,12,Jueves,18,Zona interurbana,Vía urbana,Colisión múltiple,Buen tiempo,Noche sin iluminación,1,0,0,1
1864,2019,Alicante,12,Viernes,10,Travesía,Otro,Colisión frontolateral,Otro,Pleno día,1,0,1,0
1865,2019,Alicante,12,Viernes,12,Zona interurbana,Vía urbana,Colisión frontolateral,Lluvia,Pleno día,1,0,0,1
1866,2019,Alicante,12,Martes,18,Zona interurbana,Vía urbana,Colisión frontal,Buen tiempo,Se desconoce,1,0,1,0
1867,2019,Alicante,3,Miércoles,15,Zona interurbana,Autovía,Colisión por alcance,Buen tiempo,Pleno día,2,0,0,2
1868,2019,Alicante,5,Lunes,15,Zona interurbana,Vía urbana,Colisión por alcance,Buen tiempo,Pleno día,1,0,0,1
1869,2019,Alicante,5,Jueves,18,Zona interurbana,Vía urbana,Colisión por alcance,Buen tiempo,Pleno día,3,0,0,3
1870,2019,Alicante,8,Viernes,10,Zona interurbana,Vía urbana,Colisión frontal,Buen tiempo,Pleno día,6,0,1,5
1871,2019,Alicante,1,Lunes,13,Zona interurbana,Vía convencional,Animal en calzada,Buen tiempo,Pleno día,1,0,0,1
1872,2019,Alicante,1,Viernes,5,Zona interurbana,Vía convencional,Otro tipo,Buen tiempo,Se desconoce,1,0,0,1
1873,2019,Alicante,1,Miércoles,11,Travesía,Otro,Choque obstáculo lateral,Buen tiempo,Pleno día,1,1,0,0
1874,2019,Alicante,1,Martes,15,Travesía,Otro,Colisión frontolateral,Buen tiempo,Pleno día,1,0,1,0
1875,2019,Alicante,1,Viernes,14,Zona interurbana,Vía convencional,Colisión por alcance,Buen tiempo,Pleno día,2,0,0,2
1876,2019,Alicante,1,Martes,9,Travesía,Otro,Choque obstáculo lateral,Lluvia,Pleno día,1,1,0,0
1877,2019,Alicante,1,Lunes,7,Zona interurbana,Vía convencional,Colisión por alcance,Buen tiempo,Pleno día,2,0,0,2
1878,2019,Alicante,2,Sábado,20,Zona interurbana,Vía convencional,Otro tipo,Buen tiempo,Noche sin iluminación,1,0,0,1
1879,2019,Alicante,1,Jueves,18,Zona interurbana,Vía convencional,Colisión por alcance,Buen tiempo,Se desconoce,2,0,0,2
1880,2019,Alicante,1,Martes,18,Zona interurbana,Vía convencional,Colisión por alcance,Buen tiempo,Pleno día,1,0,0,1
1881,2019,Alicante,1,Martes,15,Travesía,Otro,Colisión frontolateral,Buen tiempo,Pleno día,1,0,1,0
1882,2019,Alicante,1,Lunes,17,Travesía,Otro,Colisión frontolateral,Buen tiempo,Pleno día,2,0,1,1
1883,2019,Alicante,1,Martes,12,Travesía,Otro,Se desconoce,Buen tiempo,Pleno día,1,0,1,0
1884,2019,Alicante,1,Sábado,3,Travesía,Otro,Se desconoce,Buen tiempo,Noche sin iluminación,1,0,1,0
1885,2019,Alicante,2,Martes,15,Zona interurbana,Vía convencional,Salida vía izquierda,Buen tiempo,Pleno día,1,0,0,1
1886,2019,Alicante,2,Lunes,9,Zona interurbana,Vía convencional,Colisión por alcance,Buen tiempo,Pleno día,1,0,0,1
1887,2019,Alicante,2,Lunes,14,Zona interurbana,Vía convencional,Colisión por alcance,Buen tiempo,Pleno día,1,0,0,1
1888,2019,Alicante,2,Lunes,9,Zona interurbana,Vía convencional,Colisión por alcance,Buen tiempo,Pleno día,1,0,0,1
1889,2019,Alicante,2,Lunes,7,Zona interurbana,Vía convencional,Colisión por alcance,Buen tiempo,Amanecer/Anochecer,1,0,0,1
1890,2019,Alicante,2,Viernes,16,Zona interurbana,Vía convencional,Colisión múltiple,Buen tiempo,Pleno día,2,0,0,2
1891,2019,Alicante,2,Viernes,12,Zona interurbana,Vía convencional,Colisión por alcance,Buen tiempo,Pleno día,1,0,0,1
1892,2019,Alicante,2,Lunes,20,Zona interurbana,Vía convencional,Colisión por alcance,Lluvia,Se desconoce,1,0,0,1
1893,2019,Alicante,2,Martes,5,Zona interurbana,Vía convencional,Colisión por alcance,Buen tiempo,Noche ilum. insuficiente,2,1,0,1
1894,2019,Alicante,2,Lunes,16,Zona interurbana,Vía convencional,Colisión múltiple,Buen tiempo,Pleno día,4,0,0,4
1895,2019,Alicante,2,Martes,7,Zona interurbana,Vía convencional,Colisión por alcance,Buen tiempo,Pleno día,1,0,0,1
1896,2019,Alicante,3,Martes,20,Zona interurbana,Ramal/enlace,Salida vía izquierda,Buen tiempo,Se desconoce,1,0,0,1
1897,2019,Alicante,3,Miércoles,13,Zona interurbana,Vía convencional,Animal en calzada,Buen tiempo,Pleno día,1,0,0,1
1898,2019,Alicante,3,Sábado,15,Zona interurbana,Vía convencional,Colisión frontolateral,Buen tiempo,Pleno día,1,0,0,1
1899,2019,Alicante,3,Miércoles,9,Zona interurbana,Vía convencional,Colisión lateral,Buen tiempo,Pleno día,1,0,0,1
1900,2019,Alicante,3,Jueves,8,Zona interurbana,Vía convencional,Colisión por alcance,Buen tiempo,Pleno día,1,0,0,1
1901,2019,Alicante,3,Viernes,14,Zona interurbana,Vía convencional,Animal en calzada,Buen tiempo,Pleno día,1,0,0,1
1902,2019,Alicante,3,Jueves,18,Zona interurbana,Vía convencional,Colisión por alcance,Buen tiempo,Pleno día,2,0,0,2
1903,2019,Alicante,3,Sábado,6,Zona interurbana,Camino vecinal,Se desconoce,Granizo,Amanecer/Anochecer,2,0,0,2
1904,2019,Alicante,3,Domingo,8,Zona interurbana,Vía convencional,Se desconoce,Granizo,Pleno día,2,0,0,2
1905,2019,Alicante,3,Jueves,14,Zona interurbana,Vía convencional,Colisión por alcance,Buen tiempo,Pleno día,1,0,0,1
1906,2019,Alicante,4,Viernes,21,Zona interurbana,Camino vecinal,Colisión por alcance,Lluvia,Noche ilum. insuficiente,1,0,0,1
1907,2019,Alicante,4,Miércoles,11,Zona interurbana,Vía convencional,Colisión por alcance,Buen tiempo,Pleno día,3,0,0,3
1908,2019,Alicante,2,Domingo,17,Travesía,Otro,Colisión por alcance,Buen tiempo,Pleno día,2,0,2,0
1909,2019,Alicante,2,Viernes,20,Travesía,Otro,Colisión frontolateral,Buen tiempo,Pleno día,1,0,1,0
1910,2019,Alicante,3,Viernes,20,Travesía,Otro,Colisión frontolateral,Buen tiempo,Noche con iluminación,1,0,1,0
1911,2019,Alicante,2,Viernes,22,Travesía,Otro,Colisión frontolateral,Buen tiempo,Noche sin iluminación,1,0,1,0
1912,2019,Alicante,4,Jueves,12,Zona interurbana,Vía urbana,Colisión frontolateral,Buen tiempo,Pleno día,2,0,0,2
1913,2019,Alicante,3,Viernes,4,Travesía,Otro,Animal en calzada,Buen tiempo,Noche sin iluminación,1,0,1,0
1914,2019,Alicante,3,Sábado,17,Travesía,Otro,Caída de motociclista,Buen tiempo,Pleno día,1,0,1,0
1915,2019,Alicante,3,Viernes,19,Travesía,Otro,Colisión por alcance,Buen tiempo,Noche con iluminación,1,0,1,0
1916,2019,Alicante,3,Viernes,23,Travesía,Otro,Colisión por alcance,Buen tiempo,Noche sin iluminación,1,0,1,0
1917,2019,Alicante,3,Lunes,23,Travesía,Otro,Colisión frontolateral,Buen tiempo,Noche sin iluminación,1,0,1,0
1918,2019,Alicante,3,Domingo,10,Travesía,Otro,Colisión frontolateral,Buen tiempo,Pleno día,1,0,1,0
1919,2019,Alicante,3,Miércoles,20,Travesía,Otro,Choque obstáculo lateral,Buen tiempo,Noche sin iluminación,1,0,1,0
1920,2019,Alicante,3,Domingo,15,Travesía,Travesía,Colisión frontal,Buen tiempo,Pleno día,1,0,1,0
1921,2019,Alicante,4,Domingo,21,Travesía,Otro,Colisión frontolateral,Buen tiempo,Noche sin iluminación,1,0,1,0
1922,2019,Alicante,3,Lunes,19,Travesía,Otro,Choque obstáculo lateral,Buen tiempo,Noche con iluminación,1,0,1,0
1923,2019,Alicante,4,Jueves,12,Zona interurbana,Vía convencional,Colisión lateral,Buen tiempo,Pleno día,2,0,0,2
1924,2019,Alicante,4,Miércoles,17,Zona interurbana,Vía convencional,Animal en calzada,Buen tiempo,Pleno día,1,0,0,1
1925,2019,Alicante,4,Martes,20,Travesía,Otro,Choque obstáculo lateral,Lluvia,Noche sin iluminación,1,0,1,0
1926,2019,Alicante,4,Lunes,14,Zona interurbana,Vía convencional,Atropello a ciclista,Granizo,Pleno día,1,0,0,1
1927,2019,Alicante,4,Lunes,14,Zona interurbana,Vía convencional,Colisión por alcance,Buen tiempo,Pleno día,1,0,0,1
1928,2019,Alicante,4,Sábado,8,Zona interurbana,Vía convencional,Atropello a ciclista,Granizo,Pleno día,1,0,0,1
1929,2019,Alicante,4,Lunes,14,Zona interurbana,Vía convencional,Colisión múltiple,Buen tiempo,Pleno día,1,0,0,1
1930,2019,Alicante,4,Martes,14,Zona interurbana,Vía convencional,Colisión por alcance,Buen tiempo,Pleno día,1,0,0,1
1931,2019,Alicante,5,Martes,13,Zona interurbana,Vía convencional,Colisión por alcance,Buen tiempo,Pleno día,1,0,0,1
1932,2019,Alicante,5,Viernes,8,Zona interurbana,Vía convencional,Colisión múltiple,Buen tiempo,Pleno día,2,0,0,2
1933,2019,Alicante,1,Martes,12,Travesía,Otro,Choque obstáculo lateral,Buen tiempo,Pleno día,3,0,2,1
1934,2019,Alicante,1,Miércoles,10,Travesía,Otro,Choque obstáculo lateral,Buen tiempo,Pleno día,1,0,1,0
1935,2019,Alicante,1,Domingo,5,Travesía,Otro,Colisión frontal,,,3,0,0,3
1936,2019,Alicante,5,Miércoles,21,Travesía,Otro,Choque obstáculo lateral,Buen tiempo,Noche sin iluminación,1,0,1,0
1937,2019,Alicante,5,Lunes,14,Travesía,Otro,Colisión frontolateral,Buen tiempo,Pleno día,1,0,1,0
1938,2019,Alicante,5,Viernes,18,Zona interurbana,Vía convencional,Colisión por alcance,Buen tiempo,Pleno día,1,0,0,1
1939,2019,Alicante,5,Sábado,21,Zona interurbana,Vía convencional,Colisión por alcance,Buen tiempo,Noche sin iluminación,2,0,0,2
1940,2019,Alicante,5,Lunes,11,Zona interurbana,Vía urbana,Atropello a ciclista,Buen tiempo,Pleno día,1,0,0,1
1941,2019,Alicante,5,Lunes,10,Zona interurbana,Vía convencional,Colisión lateral,Buen tiempo,Pleno día,1,0,0,1
1942,2019,Alicante,5,Lunes,7,Zona interurbana,Vía convencional,Colisión múltiple,Buen tiempo,Pleno día,2,0,0,2
1943,2019,Alicante,6,Lunes,10,Zona interurbana,Vía convencional,Colisión por alcance,Buen tiempo,Pleno día,1,0,0,1
1944,2019,Alicante,6,Miércoles,18,Zona interurbana,Vía urbana,Animal en calzada,Buen tiempo,Pleno día,1,0,0,1
1945,2019,Alicante,6,Viernes,14,Zona interurbana,Vía convencional,Colisión por alcance,Buen tiempo,Pleno día,1,0,0,1
1946,2019,Alicante,6,Viernes,14,Zona interurbana,Vía convencional,Colisión por alcance,Buen tiempo,Pleno día,1,0,0,1
1947,2019,Alicante,6,Jueves,18,Zona interurbana,Vía convencional,Animal en calzada,Buen tiempo,Pleno día,1,0,0,1
1948,2019,Alicante,5,Lunes,15,Travesía,Otro,Objeto desprendido,Buen tiempo,Pleno día,1,0,1,0
1949,2019,Alicante,5,Miércoles,20,Travesía,Otro,Colisión frontolateral,Buen tiempo,Pleno día,1,0,1,0
1950,2019,Alicante,6,Lunes,20,Travesía,Otro,Choque obstáculo lateral,Buen tiempo,Pleno día,1,0,1,0
1951,2019,Alicante,6,Martes,18,Travesía,Otro,Colisión frontolateral,Buen tiempo,Pleno día,1,0,1,0
1952,2019,Alicante,6,Sábado,7,Travesía,Otro,Choque obstáculo mediana,Buen tiempo,Noche sin iluminación,1,1,0,0
1953,2019,Alicante,6,Viernes,0,Zona interurbana,Vía convencional,Colisión lateral,Buen tiempo,Se desconoce,1,0,0,1
1954,2019,Alicante,6,Sábado,17,Travesía,Otro,Colisión frontolateral,Buen tiempo,Pleno día,1,0,1,0
1955,2019,Alicante,6,Viernes,10,Zona interurbana,Vía urbana,Colisión frontolateral,Buen tiempo,Pleno día,1,0,0,1
1956,2019,Alicante,6,Miércoles,16,Zona interurbana,Vía convencional,Colisión frontolateral,Buen tiempo,Pleno día,1,0,0,1
1957,2019,Alicante,6,Miércoles,8,Zona interurbana,Vía convencional,Colisión lateral,Buen tiempo,Pleno día,2,0,0,2
1958,2019,Alicante,6,Sábado,14,Zona interurbana,Vía urbana,Colisión frontal,Buen tiempo,Pleno día,3,0,0,3
1959,2019,Alicante,7,Martes,21,Zona interurbana,Vía convencional,Colisión por alcance,Buen tiempo,Amanecer/Anochecer,1,0,0,1
1960,2019,Alicante,7,Lunes,18,Zona interurbana,Vía convencional,Colisión por alcance,Buen tiempo,Pleno día,3,0,0,3
1961,2019,Alicante,7,Martes,18,Zona interurbana,Vía convencional,Colisión por alcance,Buen tiempo,Pleno día,2,0,0,2
1962,2019,Alicante,7,Sábado,15,Zona interurbana,Vía convencional,Colisión por alcance,Buen tiempo,Pleno día,1,0,0,1
1963,2019,Alicante,7,Miércoles,18,Zona interurbana,Vía convencional,Colisión por alcance,Buen tiempo,Pleno día,2,1,0,1
1964,2019,Alicante,7,Domingo,20,Zona interurbana,Vía convencional,Colisión múltiple,Buen tiempo,Pleno día,6,0,0,6
1965,2019,Alicante,7,Viernes,14,Zona interurbana,Vía convencional,Colisión por alcance,Buen tiempo,Pleno día,2,0,0,2
1966,2019,Alicante,7,Viernes,19,Zona interurbana,Vía convencional,Colisión por alcance,Buen tiempo,Pleno día,2,0,0,2
1967,2019,Alicante,7,Viernes,14,Zona interurbana,Vía urbana,Colisión frontolateral,Buen tiempo,Pleno día,2,0,0,2
1968,2019,Alicante,7,Martes,17,Zona interurbana,Vía convencional,Colisión múltiple,Buen tiempo,Pleno día,2,0,0,2
1969,2019,Alicante,7,Domingo,2,Zona interurbana,Vía urbana,Se desconoce,Buen tiempo,Se desconoce,2,0,0,2
1970,2019,Alicante,8,Jueves,7,Zona interurbana,Camino vecinal,Animal en calzada,Buen tiempo,Pleno día,1,0,0,1
1971,2019,Alicante,8,Miércoles,7,Zona interurbana,Vía convencional,Colisión múltiple,Granizo,Noche con iluminación,1,0,0,1
1972,2019,Alicante,8,Miércoles,22,Zona interurbana,Vía convencional,Choque obstáculo calzada,Buen tiempo,Se desconoce,2,0,0,2
1973,2019,Alicante,9,Martes,17,Travesía,Otro,Colisión frontolateral,,,1,0,0,1
1974,2019,Alicante,9,Viernes,14,Zona interurbana,Vía convencional,Colisión frontolateral,Buen tiempo,Pleno día,1,0,0,1
1975,2019,Alicante,6,Sábado,18,Travesía,Otro,Colisión múltiple,Buen tiempo,Pleno día,1,0,0,1
1976,2019,Alicante,6,Lunes,16,Travesía,Otro,Animal en calzada,,,1,0,0,1
1977,2019,Alicante,8,Lunes,20,Travesía,Otro,Animal en calzada,,,1,0,0,1
1978,2019,Alicante,8,Lunes,19,Travesía,Otro,Colisión múltiple,,,1,0,0,1
1979,2019,Alicante,8,Viernes,16,Travesía,Otro,Colisión frontolateral,,,1,0,0,1
1980,2019,Alicante,9,Martes,22,Zona interurbana,Vía urbana,Colisión por alcance,Buen tiempo,Pleno día,7,0,0,7
1981,2019,Alicante,9,Miércoles,14,Zona interurbana,Vía convencional,Colisión lateral,Buen tiempo,Pleno día,1,0,0,1
1982,2019,Alicante,9,Martes,21,Zona interurbana,Vía convencional,Se desconoce,Buen tiempo,Se desconoce,2,0,0,2
1983,2019,Alicante,9,Domingo,20,Zona interurbana,Vía convencional,Colisión por alcance,Buen tiempo,Noche sin iluminación,1,0,0,1
1984,2019,Alicante,9,Jueves,14,Zona interurbana,Vía convencional,Colisión por alcance,Buen tiempo,Pleno día,1,0,0,1
1985,2019,Alicante,7,Viernes,21,Travesía,Otro,Choque obstáculo lateral,Buen tiempo,Noche con iluminación,1,1,0,0
1986,2019,Alicante,9,Jueves,8,Zona interurbana,Vía convencional,Colisión por alcance,Buen tiempo,Pleno día,1,0,0,1
1987,2019,Alicante,9,Viernes,20,Travesía,Otro,Colisión por alcance,Buen tiempo,Noche sin iluminación,1,1,0,0
1988,2019,Alicante,10,Jueves,7,Zona interurbana,Vía convencional,Colisión por alcance,Buen tiempo,Pleno día,2,0,0,2
1989,2019,Alicante,8,Sábado,7,Travesía,Otro,Choque obstáculo lateral,Buen tiempo,Noche con iluminación,2,0,2,0
1990,2019,Alicante,8,Martes,8,Travesía,Otro,Choque obstáculo lateral,Buen tiempo,Pleno día,1,0,1,0
1991,2019,Alicante,8,Lunes,12,Travesía,Otro,Colisión frontolateral,Buen tiempo,Pleno día,1,0,1,0
1992,2019,Alicante,8,Jueves,9,Travesía,Otro,Choque obstáculo lateral,Buen tiempo,Pleno día,1,0,1,0
1993,2019,Alicante,8,Lunes,16,Travesía,Otro,Colisión frontolateral,Buen tiempo,Pleno día,1,0,1,0
1994,2019,Alicante,8,Lunes,7,Travesía,Otro,Colisión por alcance,Buen tiempo,Noche con iluminación,1,0,1,0
1995,2019,Alicante,8,Viernes,1,Travesía,Otro,Colisión frontolateral,Buen tiempo,Noche sin iluminación,1,0,1,0
1996,2019,Alicante,6,Sábado,16,Travesía,Otro,Choque obstáculo lateral,Buen tiempo,Pleno día,1,0,1,0
1997,2019,Alicante,7,Jueves,14,Travesía,Otro,Colisión frontolateral,Buen tiempo,Pleno día,1,0,1,0
1998,2019,Alicante,7,Miércoles,7,Travesía,Otro,Colisión frontolateral,Buen tiempo,Pleno día,1,0,1,0
1999,2019,Alicante,7,Miércoles,17,Travesía,Otro,Colisión por alcance,Buen tiempo,Pleno día,2,0,1,1
2000,2019,Alicante,6,Sábado,5,Travesía,Otro,Colisión frontolateral,Buen tiempo,Pleno día,2,0,1,1
2001,2019,Alicante,8,Sábado,7,Travesía,Otro,Choque obstáculo lateral,Buen tiempo,Pleno día,5,0,2,3