ID_ACCIDENTE,AÑO,PROVINCIA,MES,DIA_SEMANA,HORA,ZONA,TIPO_VIA,TIPO_ACCIDENTE,CONDICION_METEO,CONDICION_ILUMINACION,TOTAL_VICTIMAS,FALLECIDOS_24H,HERIDOS_GRAVES,HERIDOS_LEVES
2002,2019,Alicante,8,Martes,8,Travesía,Otro,Choque obstáculo lateral,,,1,0,1,0
2003,2019,Alicante,10,Lunes,18,Travesía,Otro,Choque obstáculo lateral,Buen tiempo,Pleno día,1,0,1,0
2004,2019,Alicante,10,Viernes,21,Travesía,Otro,Colisión frontolateral,Buen tiempo,Noche sin iluminación,1,0,1,0
2005,2019,Alicante,9,Lunes,17,Travesía,Otro,Colisión frontolateral,Buen tiempo,Pleno día,1,0,1,0
2006,2019,Alicante,9,Domingo,21,Travesía,Otro,Se desconoce,Buen tiempo,Noche sin iluminación,1,0,1,0
2007,2019,Alicante,9,Lunes,5,Travesía,Otro,Colisión por alcance,Buen tiempo,Noche sin iluminación,1,0,1,0
2008,2019,Alicante,9,Martes,10,Travesía,Otro,Colisión por alcance,Buen tiempo,Pleno día,1,0,1,0
2009,2019,Alicante,10,Sábado,17,Travesía,Otro,Colisión frontolateral,,,1,0,0,1
2010,2019,Alicante,10,Viernes,14,Zona interurbana,Vía convencional,Colisión lateral,Buen tiempo,Pleno día,1,0,0,1
2011,2019,Alicante,10,Sábado,3,Travesía,Otro,Se desconoce,Buen tiempo,Noche sin iluminación,1,1,0,0
2012,2019,Alicante,10,Sábado,1,Travesía,Otro,Choque obstáculo lateral,Buen tiempo,Noche sin iluminación,1,0,1,0
2013,2019,Alicante,10,Lunes,9,Travesía,Otro,Choque obstáculo lateral,Buen tiempo,Pleno día,1,0,1,0
2014,2019,Alicante,10,Jueves,21,Zona interurbana,Vía convencional,Colisión por alcance,Buen tiempo,Noche sin iluminación,2,0,0,2
2015,2019,Alicante,10,Jueves,15,Zona interurbana,Vía convencional,Colisión por alcance,Buen tiempo,Pleno día,1,0,0,1
2016,2019,Alicante,10,Lunes,7,Zona interurbana,Vía convencional,Colisión por alcance,Buen tiempo,Se desconoce,1,0,0,1
2017,2019,Alicante,10,Martes,15,Zona interurbana,Vía convencional,Colisión por alcance,Buen tiempo,Pleno día,1,0,0,1
2018,2019,Alicante,10,Jueves,19,Zona interurbana,Camino vecinal,Colisión por alcance,Buen tiempo,Noche sin iluminación,1,0,0,1
2019,2019,Alicante,11,Viernes,10,Zona interurbana,Vía urbana,Colisión frontolateral,Buen tiempo,Pleno día,2,0,0,2
2020,2019,Alicante,11,Viernes,19,Zona interurbana,Vía convencional,Colisión por alcance,Buen tiempo,Noche sin iluminación,3,0,0,3
2021,2019,Alicante,11,Martes,15,Zona interurbana,Vía convencional,Colisión por alcance,Buen tiempo,Pleno día,2,0,0,2
2022,2019,Alicante,11,Martes,18,Zona interurbana,Camino vecinal,Colisión por alcance,Buen tiempo,Amanecer/Anochecer,1,0,0,1
2023,2019,Alicante,11,Viernes,8,Travesía,Otro,Colisión por alcance,,,3,0,0,3
2024,2019,Alicante,11,Miércoles,13,Zona interurbana,Ramal/enlace,Caída de ocupante,Buen tiempo,Pleno día,1,0,1,0
2025,2019,Alicante,11,Jueves,8,Zona interurbana,Vía convencional,Colisión por alcance,Lluvia,Pleno día,1,0,0,1
2026,2019,Alicante,11,Viernes,19,Zona interurbana,Vía convencional,Colisión múltiple,Buen tiempo,Se desconoce,4,0,0,4
2027,2019,Alicante,11,Martes,11,Zona interurbana,Vía convencional,Colisión por alcance,Buen tiempo,Pleno día,2,0,0,2
2028,2019,Alicante,11,Viernes,7,Zona interurbana,Vía convencional,Objeto desprendido,Buen tiempo,Amanecer/Anochecer,1,0,0,1
2029,2019,Alicante,10,Lunes,7,Zona interurbana,Vía convencional,Colisión por alcance,Buen tiempo,Amanecer/Anochecer,2,0,0,2
2030,2019,Alicante,10,Miércoles,14,Zona interurbana,Vía convencional,Colisión por alcance,Buen tiempo,Pleno día,1,0,0,1
2031,2019,Alicante,10,Sábado,13,Travesía,Otro,Choque obstáculo lateral,Buen tiempo,Amanecer/Anochecer,1,0,0,1
2032,2019,Alicante,11,Martes,7,Zona interurbana,Vía convencional,Colisión múltiple,Buen tiempo,Pleno día,1,0,0,1
2033,2019,Alicante,11,Sábado,15,Travesía,Otro,Animal en calzada,,,1,0,0,1
2034,2019,Alicante,11,Sábado,15,Zona interurbana,Vía convencional,Colisión por alcance,Buen tiempo,Pleno día,5,0,0,5
2035,2019,Alicante,11,Viernes,14,Zona interurbana,Vía convencional,Colisión por alcance,Buen tiempo,Pleno día,2,0,0,2
2036,2019,Alicante,11,Sábado,9,Zona interurbana,Vía convencional,Colisión por alcance,Buen tiempo,Pleno día,1,0,0,1
2037,2019,Alicante,11,Viernes,9,Zona interurbana,Vía convencional,Colisión por alcance,Buen tiempo,Pleno día,2,0,0,2
2038,2019,Alicante,12,Sábado,19,Zona interurbana,Ramal/enlace,Colisión múltiple,Buen tiempo,Se desconoce,3,0,0,3
2039,2019,Alicante,12,Jueves,17,Travesía,Otro,Choque obstáculo lateral,,,1,0,0,1
2040,2019,Alicante,1,Sábado,23,Zona interurbana,Autopista,Salida vía izquierda,Buen tiempo,Se desconoce,1,0,0,1
2041,2019,Alicante,2,Miércoles,13,Zona interurbana,Vía urbana,Colisión frontolateral,Buen tiempo,Pleno día,1,0,0,1
2042,2019,Alicante,2,Lunes,15,Zona interurbana,Vía urbana,Colisión frontal,Buen tiempo,Pleno día,4,0,0,4
2043,2019,Alicante,3,Sábado,12,Zona interurbana,Vía urbana,Colisión por alcance,Buen tiempo,Pleno día,2,0,0,2
2044,2019,Alicante,4,Martes,22,Zona interurbana,Vía urbana,Otro tipo,Buen tiempo,Noche sin iluminación,1,0,0,1
2045,2019,Alicante,4,Lunes,20,Zona interurbana,Autovía,Colisión múltiple,Buen tiempo,Se desconoce,2,0,0,2
2046,2019,Alicante,5,Jueves,9,Zona interurbana,Autopista,Colisión por alcance,Buen tiempo,Pleno día,1,0,0,1
2047,2019,Alicante,5,Jueves,15,Zona interurbana,Autovía,Colisión múltiple,Buen tiempo,Pleno día,1,0,0,1
2048,2019,Alicante,6,Jueves,14,Zona interurbana,Vía urbana,Colisión lateral,Buen tiempo,Pleno día,1,0,0,1
2049,2019,Alicante,7,Miércoles,17,Zona interurbana,Vía urbana,Colisión frontolateral,Buen tiempo,Pleno día,1,0,0,1
2050,2019,Alicante,7,Viernes,19,Zona interurbana,Vía urbana,Colisión frontal,Buen tiempo,Pleno día,2,0,0,2
2051,2019,Alicante,7,Sábado,23,Zona interurbana,Vía urbana,Choque con bordillo,Buen tiempo,Noche ilum. insuficiente,1,0,0,1
2052,2019,Alicante,9,Martes,15,Zona interurbana,Vía urbana,Colisión por alcance,Lluvia,Pleno día,1,0,0,1
2053,2019,Alicante,10,Lunes,21,Zona interurbana,Camino vecinal,Se desconoce,Buen tiempo,Noche ilum. insuficiente,1,0,0,1
2054,2019,Alicante,11,Lunes,9,Zona interurbana,Vía urbana,Caída de motociclista,Buen tiempo,Pleno día,1,0,1,0
2055,2019,Alicante,11,Sábado,19,Zona interurbana,Vía urbana,Colisión por alcance,Buen tiempo,Se desconoce,2,0,1,1
2056,2019,Alicante,12,Jueves,13,Zona interurbana,Vía urbana,Colisión frontolateral,Buen tiempo,Pleno día,5,0,0,5
2057,2019,Alicante,1,Martes,9,Zona urbana,Otro,Colisión lateral,Buen tiempo,Pleno día,1,0,0,1
2058,2019,Alicante,1,Martes,15,Travesía,Otro,Objeto desprendido,Buen tiempo,Pleno día,1,0,0,1
2059,2019,Alicante,1,Martes,21,Travesía,Otro,Choque obstáculo lateral,Buen tiempo,Noche con iluminación,1,0,0,1
2060,2019,Alicante,2,Jueves,18,Travesía,Otro,Choque obstáculo lateral,Buen tiempo,Pleno día,1,0,0,1
2061,2019,Alicante,2,Jueves,14,Travesía,Otro,Objeto desprendido,Buen tiempo,Pleno día,1,0,0,1
2062,2019,Alicante,3,Viernes,12,Zona interurbana,Vía urbana,Colisión frontolateral,Buen tiempo,Pleno día,1,0,0,1
2063,2019,Alicante,3,Lunes,13,Zona interurbana,Vía urbana,Colisión lateral,Buen tiempo,Pleno día,1,0,0,1
2064,2019,Alicante,3,Domingo,10,Travesía,Otro urbano,Objeto desprendido,Buen tiempo,Pleno día,1,0,0,1
2065,2019,Alicante,3,Martes,6,Travesía,Travesía,Colisión frontolateral,Buen tiempo,Noche con iluminación,1,0,0,1
2066,2019,Alicante,3,Viernes,20,Zona interurbana,Vía urbana,Colisión frontal,Buen tiempo,Se desconoce,1,0,0,1
2067,2019,Alicante,3,Lunes,18,Travesía,Otro,Colisión por alcance,Buen tiempo,Pleno día,2,0,0,2
2068,2019,Alicante,4,Sábado,16,Zona interurbana,Vía urbana,Colisión frontolateral,Lluvia,Pleno día,1,0,1,0
2069,2019,Alicante,4,Viernes,10,Travesía,Otro,Colisión lateral,Buen tiempo,Pleno día,1,0,0,1
2070,2019,Alicante,4,Viernes,21,Travesía,Otro,Colisión lateral,Buen tiempo,Noche con iluminación,1,0,0,1
2071,2019,Alicante,4,Martes,18,Travesía,Otro,Colisión frontolateral,Buen tiempo,Pleno día,1,0,0,1
2072,2019,Alicante,5,Jueves,13,Travesía,Otro,Colisión frontolateral,Buen tiempo,Pleno día,1,0,0,1
2073,2019,Alicante,5,Martes,14,Zona interurbana,Vía urbana,Colisión frontolateral,Buen tiempo,Pleno día,1,0,0,1
2074,2019,Alicante,5,Jueves,9,Zona interurbana,Vía urbana,Colisión por alcance,Buen tiempo,Pleno día,2,0,0,2
2075,2019,Alicante,5,Martes,21,Travesía,Otro,Se desconoce,Buen tiempo,Noche sin iluminación,1,0,1,0
2076,2019,Alicante,6,Lunes,11,Travesía,Otro,Choque obstáculo calzada,Otro,Pleno día,1,0,0,1
2077,2019,Alicante,6,Martes,12,Travesía,Otro,Se desconoce,Otro,Pleno día,1,0,0,1
2078,2019,Alicante,5,Miércoles,12,Travesía,Otro,Colisión lateral,Buen tiempo,Pleno día,1,0,0,1
2079,2019,Alicante,7,Martes,11,Travesía,Otro,Colisión frontolateral,Buen tiempo,Pleno día,1,0,0,1
2080,2019,Alicante,7,Viernes,9,Travesía,Otro,Colisión frontolateral,Buen tiempo,Pleno día,1,0,1,0
2081,2019,Alicante,8,Miércoles,6,Zona interurbana,Vía urbana,Animal en calzada,Buen tiempo,Amanecer/Anochecer,1,0,0,1
2082,2019,Alicante,8,Viernes,19,Zona interurbana,Autopista,Colisión frontolateral,Buen tiempo,Pleno día,3,0,0,3
2083,2019,Alicante,8,Martes,18,Travesía,Otro urbano,Colisión frontolateral,Buen tiempo,Pleno día,1,0,0,1
2084,2019,Alicante,9,Miércoles,12,Travesía,Otro,Colisión frontolateral,Buen tiempo,Pleno día,1,0,0,1
2085,2019,Alicante,9,Miércoles,7,Travesía,Otro,Colisión frontolateral,Otro,Amanecer/Anochecer,1,0,0,1
2086,2019,Alicante,9,Martes,21,Travesía,Otro,Choque obstáculo lateral,Otro,Noche con iluminación,1,0,1,0
2087,2019,Alicante,9,Miércoles,14,Travesía,Otro,Choque obstáculo lateral,Otro,Pleno día,1,0,0,1
2088,2019,Alicante,9,Viernes,22,Travesía,Otro urbano,Objeto desprendido,Otro,Noche sin iluminación,4,0,0,4
2089,2019,Alicante,6,Domingo,0,Travesía,Otro,Colisión frontolateral,Otro,Noche sin iluminación,2,0,0,2
2090,2019,Alicante,7,Viernes,14,Travesía,Otro,Colisión por alcance,Otro,Pleno día,1,0,0,1
2091,2019,Alicante,8,Sábado,12,Travesía,Otro,Colisión por alcance,Otro,Pleno día,2,0,0,2
2092,2019,Alicante,8,Viernes,16,Travesía,Otro,Colisión frontolateral,Otro,Pleno día,1,0,0,1
2093,2019,Alicante,8,Jueves,17,Travesía,Otro,Colisión por alcance,Otro,Pleno día,1,0,0,1
2094,2019,Alicante,8,Martes,17,Travesía,Otro,Choque obstáculo calzada,Otro,Pleno día,1,0,0,1
2095,2019,Alicante,7,Miércoles,23,Travesía,Otro,Colisión frontolateral,Buen tiempo,Noche sin iluminación,1,0,0,1
2096,2019,Alicante,9,Martes,9,Travesía,Calle peatonal,Choque obstáculo lateral,Otro,Pleno día,1,0,0,1
2097,2019,Alicante,9,Lunes,0,Zona interurbana,Vía urbana,Colisión frontolateral,Buen tiempo,Se desconoce,1,0,0,1
2098,2019,Alicante,11,Jueves,13,Zona interurbana,Vía urbana,Colisión por alcance,Buen tiempo,Pleno día,1,0,0,1
2099,2019,Alicante,12,Lunes,9,Zona interurbana,Vía urbana,Colisión frontolateral,Buen tiempo,Pleno día,2,0,0,2
2100,2019,Alicante,12,Viernes,20,Zona interurbana,Vía urbana,Colisión múltiple,Lluvia,Noche sin iluminación,1,0,0,1
2101,2019,Alicante,1,Sábado,11,Zona interurbana,Vía urbana,Atropello a ciclista,Buen tiempo,Pleno día,1,0,0,1
2102,2019,Alicante,1,Sábado,15,Zona interurbana,Vía urbana,Colisión por alcance,Buen tiempo,Pleno día,1,0,0,1
2103,2019,Alicante,2,Miércoles,19,Zona interurbana,Vía urbana,Se desconoce,Buen tiempo,Amanecer/Anochecer,1,0,0,1
2104,2019,Alicante,2,Sábado,19,Zona interurbana,Vía urbana,Colisión frontolateral,Buen tiempo,Amanecer/Anochecer,4,0,0,4
2105,2019,Alicante,5,Martes,22,Zona interurbana,Vía urbana,Choque con bordillo,Buen tiempo,Se desconoce,1,0,0,1
2106,2019,Alicante,5,Miércoles,9,Zona interurbana,Vía urbana,Animal en calzada,Buen tiempo,Pleno día,1,0,0,1
2107,2019,Alicante,6,Miércoles,20,Zona interurbana,Vía urbana,Colisión por alcance,Buen tiempo,Amanecer/Anochecer,1,0,0,1
2108,2019,Alicante,7,Domingo,16,Zona interurbana,Vía urbana,Choque obstáculo mediana,Buen tiempo,Pleno día,3,0,0,3
2109,2019,Alicante,8,Martes,13,Zona interurbana,Camino vecinal,Animal en calzada,Buen tiempo,Pleno día,1,0,0,1
2110,2019,Alicante,8,Sábado,13,Zona interurbana,Vía urbana,Vuelco en calzada,Buen tiempo,Pleno día,1,0,0,1
2111,2019,Alicante,10,Miércoles,7,Zona interurbana,Vía urbana,Colisión por alcance,Buen tiempo,Noche sin iluminación,1,0,0,1
2112,2019,Alicante,10,Sábado,18,Zona interurbana,Vía urbana,Animal en calzada,Buen tiempo,Pleno día,1,0,1,0
2113,2019,Alicante,11,Sábado,13,Zona interurbana,Vía urbana,Se desconoce,Buen tiempo,Pleno día,1,0,0,1
2114,2019,Alicante,11,Sábado,12,Zona interurbana,Vía urbana,Caída de motociclista,Buen tiempo,Pleno día,1,0,0,1
2115,2019,Alicante,11,Jueves,16,Zona interurbana,Vía urbana,Colisión frontal,Buen tiempo,Pleno día,3,0,0,3
2116,2019,Alicante,11,Lunes,20,Zona interurbana,Camino vecinal,Salida vía izquierda,Buen tiempo,Se desconoce,1,0,0,1
2117,2019,Alicante,12,Lunes,6,Zona interurbana,Vía urbana,Colisión frontolateral,Nieve,Amanecer/Anochecer,3,0,1,2
2118,2019,Alicante,3,Domingo,16,Zona interurbana,Vía urbana,Atropello a peatón,Buen tiempo,Pleno día,1,0,0,1
2119,2019,Alicante,6,Domingo,10,Zona interurbana,Vía urbana,Otro tipo,Buen tiempo,Pleno día,2,0,0,2
2120,2019,Alicante,7,Martes,14,Zona interurbana,Vía urbana,Caída de motociclista,Buen tiempo,Pleno día,1,0,0,1
2121,2019,Alicante,8,Sábado,18,Zona interurbana,Vía urbana,Se desconoce,Buen tiempo,Pleno día,3,0,0,3
2122,2019,Alicante,9,Sábado,20,Zona interurbana,Vía urbana,Caída de ocupante,Lluvia,Noche ilum. insuficiente,2,0,0,2
2123,2019,Alicante,11,Sábado,8,Zona interurbana,Vía urbana,Colisión lateral,Buen tiempo,Pleno día,1,0,0,1
2124,2019,Alicante,12,Miércoles,14,Zona interurbana,Camino vecinal,Colisión por alcance,Lluvia,Pleno día,1,0,0,1
2125,2019,Alicante,6,Sábado,12,Zona interurbana,Vía urbana,Colisión frontolateral,Buen tiempo,Pleno día,1,0,0,1
2126,2019,Alicante,4,Martes,9,Zona interurbana,Vía urbana,Choque con bordillo,Buen tiempo,Pleno día,2,0,0,2
2127,2019,Alicante,11,Sábado,15,Zona interurbana,Vía urbana,Salida vía izquierda,Buen tiempo,Pleno día,3,0,1,2
2128,2019,Alicante,3,Miércoles,13,Zona interurbana,Vía urbana,Se desconoce,Buen tiempo,Pleno día,1,0,0,1
2129,2019,Alicante,3,Sábado,9,Zona interurbana,Vía urbana,Colisión lateral,Buen tiempo,Pleno día,1,0,0,1
2130,2019,Alicante,4,Martes,10,Zona interurbana,Vía urbana,Colisión frontal,Lluvia,Pleno día,3,1,0,2
2131,2019,Alicante,5,Jueves,8,Zona interurbana,Vía urbana,Colisión múltiple,Buen tiempo,Pleno día,2,0,0,2
2132,2019,Alicante,5,Viernes,8,Zona interurbana,Vía urbana,Colisión frontolateral,Buen tiempo,Amanecer/Anochecer,1,0,0,1
2133,2019,Alicante,10,Martes,9,Zona interurbana,Vía urbana,Colisión múltiple,Buen tiempo,Pleno día,2,0,0,2
2134,2019,Alicante,10,Jueves,15,Zona interurbana,Vía urbana,Colisión múltiple,Buen tiempo,Pleno día,3,0,0,3
2135,2019,Alicante,12,Viernes,6,Zona interurbana,Vía urbana,Caída de ocupante,Buen tiempo,Se desconoce,1,1,0,0
2136,2019,Alicante,7,Martes,16,Travesía,Otro urbano,Atropello a peatón,Buen tiempo,Pleno día,1,0,0,1
2137,2019,Alicante,11,Domingo,10,Zona interurbana,Vía urbana,Atropello a ciclista,Buen tiempo,Pleno día,1,0,0,1
2138,2019,Alicante,8,Lunes,18,Zona interurbana,Vía urbana,Caída de motociclista,Lluvia,Pleno día,1,0,1,0
2139,2019,Alicante,10,Domingo,8,Zona interurbana,Vía urbana,Salida vía izquierda,Buen tiempo,Pleno día,1,1,0,0
2140,2019,Alicante,6,Lunes,13,Zona interurbana,Vía urbana,Animal en calzada,Buen tiempo,Pleno día,1,0,0,1
2141,2019,Alicante,10,Domingo,17,Zona interurbana,Vía urbana,Caída de ocupante,Buen tiempo,Pleno día,2,0,0,2
2142,2019,Alicante,1,Jueves,1,Travesía,Otro,Colisión lateral,Buen tiempo,Noche sin iluminación,1,0,0,1
2143,2019,Alicante,1,Viernes,14,Travesía,Otro,Animal en calzada,Buen tiempo,Pleno día,1,0,0,1
2144,2019,Alicante,1,Viernes,11,Travesía,Otro,Choque obstáculo lateral,Buen tiempo,Pleno día,1,0,0,1
2145,2019,Alicante,1,Martes,17,Zona interurbana,Vía urbana,Colisión múltiple,Buen tiempo,Noche con iluminación,2,0,0,2
2146,2019,Alicante,1,Martes,18,Zona interurbana,Vía urbana,Colisión por alcance,Buen tiempo,Noche ilum. insuficiente,1,0,0,1
2147,2019,Alicante,1,Jueves,16,Travesía,Otro,Choque obstáculo lateral,Buen tiempo,Pleno día,1,0,0,1
2148,2019,Alicante,1,Miércoles,23,Travesía,Otro,Salida vía izquierda,Buen tiempo,Noche sin iluminación,1,0,0,1
2149,2019,Alicante,1,Sábado,14,Travesía,Otro,Choque obstáculo lateral,Buen tiempo,Pleno día,1,0,0,1
2150,2019,Alicante,1,Viernes,22,Travesía,Otro,Colisión frontolateral,Buen tiempo,Noche sin iluminación,2,0,0,2
2151,2019,Alicante,1,Viernes,14,Travesía,Otro,Colisión por alcance,Buen tiempo,Pleno día,1,0,0,1
2152,2019,Alicante,1,Martes,16,Travesía,Otro,Objeto desprendido,Buen tiempo,Pleno día,1,0,0,1
2153,2019,Alicante,1,Martes,18,Travesía,Otro,Objeto desprendido,Buen tiempo,Noche sin iluminación,1,0,0,1
2154,2019,Alicante,1,Sábado,15,Travesía,Otro,Colisión lateral,Buen tiempo,Pleno día,1,0,0,1
2155,2019,Alicante,1,Jueves,22,Travesía,Otro,Colisión por alcance,Buen tiempo,Noche sin iluminación,1,0,0,1
2156,2019,Alicante,1,Domingo,21,Travesía,Otro,Se desconoce,Buen tiempo,Noche sin iluminación,1,0,1,0
2157,2019,Alicante,1,Lunes,13,Zona interurbana,Vía urbana,Colisión lateral,Buen tiempo,Pleno día,1,0,0,1
2158,2019,Alicante,1,Lunes,21,Travesía,Otro,Colisión frontolateral,Buen tiempo,Noche sin iluminación,1,0,0,1
2159,2019,Alicante,1,Lunes,12,Travesía,Otro,Colisión frontolateral,Buen tiempo,Pleno día,1,0,0,1
2160,2019,Alicante,1,Lunes,18,Travesía,Otro,Colisión lateral,Buen tiempo,Noche sin iluminación,2,0,0,2
2161,2019,Alicante,1,Martes,17,Travesía,Otro,Animal en calzada,Buen tiempo,Pleno día,1,0,0,1
2162,2019,Alicante,1,Miércoles,11,Travesía,Otro,Colisión frontal,Buen tiempo,Pleno día,1,0,0,1
2163,2019,Alicante,2,Viernes,16,Travesía,Otro,Animal en calzada,Buen tiempo,Pleno día,1,0,0,1
2164,2019,Alicante,2,Viernes,10,Travesía,Otro,Colisión múltiple,Buen tiempo,Pleno día,1,1,0,0
2165,2019,Alicante,2,Miércoles,14,Zona interurbana,Otro urbano,Se desconoce,Buen tiempo,Pleno día,1,1,0,0
2166,2019,Alicante,1,Lunes,3,Travesía,Otro,Se desconoce,Buen tiempo,Noche sin iluminación,1,0,1,0
2167,2019,Alicante,2,Jueves,23,Travesía,Otro,Animal en calzada,Buen tiempo,Noche sin iluminación,1,0,0,1
2168,2019,Alicante,1,Miércoles,20,Travesía,Otro,Colisión por alcance,Buen tiempo,Noche sin iluminación,1,0,0,1
2169,2019,Alicante,2,Jueves,15,Travesía,Otro,Colisión frontolateral,Buen tiempo,Pleno día,1,0,0,1
2170,2019,Alicante,2,Viernes,21,Travesía,Otro,Animal en calzada,Buen tiempo,Noche sin iluminación,2,0,0,2
2171,2019,Alicante,2,Martes,11,Travesía,Otro,Colisión frontolateral,Buen tiempo,Pleno día,1,0,0,1
2172,2019,Alicante,2,Viernes,12,Travesía,Otro,Colisión frontolateral,Buen tiempo,Pleno día,1,0,0,1
2173,2019,Alicante,2,Martes,1,Travesía,Otro,Colisión frontolateral,Buen tiempo,Noche sin iluminación,1,0,0,1
2174,2019,Alicante,2,Domingo,20,Travesía,Otro,Animal en calzada,Buen tiempo,Noche sin iluminación,1,0,0,1
2175,2019,Alicante,2,Martes,10,Travesía,Otro,Objeto desprendido,Buen tiempo,Pleno día,1,0,0,1
2176,2019,Alicante,2,Jueves,11,Zona interurbana,Vía urbana,Animal en calzada,Buen tiempo,Pleno día,1,0,0,1
2177,2019,Alicante,3,Sábado,18,Travesía,Otro,Colisión frontolateral,Buen tiempo,Pleno día,1,0,0,1
2178,2019,Alicante,3,Sábado,14,Zona interurbana,Ramal/enlace,Se desconoce,Buen tiempo,Pleno día,1,0,0,1
2179,2019,Alicante,3,Viernes,21,Travesía,Otro,Choque obstáculo lateral,Buen tiempo,Noche sin iluminación,1,0,0,1
2180,2019,Alicante,3,Sábado,14,Zona interurbana,Vía urbana,Atropello a ciclista,Buen tiempo,Pleno día,1,0,0,1
2181,2019,Alicante,3,Jueves,15,Travesía,Otro,Colisión por alcance,Buen tiempo,Pleno día,3,0,0,3
2182,2019,Alicante,2,Sábado,5,Travesía,Otro,Colisión frontolateral,Buen tiempo,Noche sin iluminación,1,0,0,1
2183,2019,Alicante,2,Domingo,10,Travesía,Otro,Colisión por alcance,Buen tiempo,Pleno día,1,0,0,1
2184,2019,Alicante,3,Sábado,18,Travesía,Otro,Colisión frontolateral,Buen tiempo,Pleno día,1,0,0,1
2185,2019,Alicante,3,Viernes,21,Travesía,Otro,Choque obstáculo lateral,Buen tiempo,Noche sin iluminación,1,0,0,1
2186,2019,Alicante,3,Sábado,16,Travesía,Otro,Colisión frontolateral,Buen tiempo,Pleno día,2,0,0,2
2187,2019,Alicante,3,Jueves,9,Travesía,Otro,Choque obstáculo lateral,Buen tiempo,Pleno día,1,0,0,1
2188,2019,Alicante,3,Lunes,17,Travesía,Otro,Choque obstáculo lateral,Buen tiempo,Pleno día,1,0,0,1
2189,2019,Alicante,3,Miércoles,14,Travesía,Otro,Colisión múltiple,Buen tiempo,Pleno día,2,0,0,2
2190,2019,Alicante,3,Domingo,16,Travesía,Otro,Animal en calzada,Lluvia,Pleno día,1,0,1,0
2191,2019,Alicante,3,Martes,21,Travesía,Otro,Colisión frontolateral,Buen tiempo,Noche sin iluminación,1,0,0,1
2192,2019,Alicante,4,Viernes,16,Travesía,Otro,Objeto desprendido,Buen tiempo,Pleno día,1,0,0,1
2193,2019,Alicante,3,Viernes,12,Travesía,Otro,Colisión por alcance,Buen tiempo,Pleno día,1,0,0,1
2194,2019,Alicante,3,Domingo,21,Travesía,Otro,Colisión frontolateral,Granizo,Noche sin iluminación,2,0,1,1
2195,2019,Alicante,4,Martes,9,Travesía,Otro,Choque obstáculo lateral,Buen tiempo,Pleno día,1,0,0,1
2196,2019,Alicante,4,Martes,9,Zona interurbana,Vía urbana,Colisión por alcance,Buen tiempo,Pleno día,1,0,0,1
2197,2019,Alicante,4,Lunes,17,Travesía,Otro,Animal en calzada,Buen tiempo,Pleno día,1,0,0,1
2198,2019,Alicante,4,Domingo,20,Travesía,Otro,Choque obstáculo lateral,Granizo,Noche sin iluminación,1,0,0,1
2199,2019,Alicante,4,Lunes,0,Travesía,Otro,Colisión por alcance,Buen tiempo,Noche sin iluminación,2,0,0,2
2200,2019,Alicante,4,Miércoles,17,Travesía,Otro,Animal en calzada,Buen tiempo,Pleno día,1,0,0,1
2201,2019,Alicante,4,Viernes,16,Travesía,Otro,Colisión frontolateral,Buen tiempo,Pleno día,1,0,0,1
2202,2019,Alicante,4,Sábado,12,Travesía,Otro,Colisión frontolateral,Buen tiempo,Pleno día,1,0,0,1
2203,2019,Alicante,5,Jueves,23,Travesía,Otro,Choque obstáculo lateral,Buen tiempo,Noche sin iluminación,1,0,0,1
2204,2019,Alicante,5,Jueves,23,Travesía,Otro,Colisión por alcance,Buen tiempo,Noche sin iluminación,1,0,0,1
2205,2019,Alicante,5,Jueves,11,Travesía,Otro,Choque obstáculo lateral,Buen tiempo,Pleno día,1,0,0,1
2206,2019,Alicante,5,Lunes,0,Travesía,Otro,Animal en calzada,Buen tiempo,Noche sin iluminación,1,0,1,0
2207,2019,Alicante,4,Martes,15,Travesía,Otro,Colisión por alcance,Buen tiempo,Pleno día,1,0,0,1
2208,2019,Alicante,4,Sábado,12,Travesía,Otro,Choque obstáculo lateral,Buen tiempo,Pleno día,1,0,0,1
2209,2019,Alicante,5,Viernes,12,Travesía,Travesía,Animal en calzada,Buen tiempo,Pleno día,1,0,0,1
2210,2019,Alicante,5,Viernes,15,Travesía,Otro,Choque obstáculo lateral,Buen tiempo,Pleno día,1,0,0,1
2211,2019,Alicante,5,Jueves,21,Travesía,Otro,Colisión por alcance,Buen tiempo,Noche sin iluminación,2,0,0,2
2212,2019,Alicante,5,Jueves,11,Travesía,Otro,Choque obstáculo lateral,Buen tiempo,Pleno día,2,0,0,2
2213,2019,Alicante,5,Martes,19,Travesía,Otro urbano,Animal en calzada,Buen tiempo,Pleno día,1,0,0,1
2214,2019,Alicante,5,Jueves,13,Travesía,Otro,Colisión por alcance,Buen tiempo,Pleno día,1,0,0,1
2215,2019,Alicante,5,Miércoles,12,Travesía,Otro,Choque obstáculo lateral,Buen tiempo,Pleno día,2,0,0,2