ID_ACCIDENTE,AÑO,PROVINCIA,MES,DIA_SEMANA,HORA,ZONA,TIPO_VIA,TIPO_ACCIDENTE,CONDICION_METEO,CONDICION_ILUMINACION,TOTAL_VICTIMAS,FALLECIDOS_24H,HERIDOS_GRAVES,HERIDOS_LEVES
2216,2019,Alicante,5,Martes,9,Travesía,Otro,Choque obstáculo lateral,Buen tiempo,Pleno día,1,0,0,1
2217,2019,Alicante,5,Martes,14,Zona interurbana,Camino vecinal,Colisión por alcance,Buen tiempo,Pleno día,1,0,0,1
2218,2019,Alicante,5,Viernes,13,Travesía,Otro,Animal en calzada,Granizo,Pleno día,2,0,0,2
2219,2019,Alicante,5,Martes,22,Travesía,Otro,Choque obstáculo lateral,Buen tiempo,Noche sin iluminación,1,1,0,0
2220,2019,Alicante,5,Domingo,13,Zona interurbana,Vía urbana,Colisión lateral,Buen tiempo,Pleno día,1,0,0,1
2221,2019,Alicante,5,Sábado,7,Travesía,Otro,Objeto desprendido,Buen tiempo,Pleno día,2,0,1,1
2222,2019,Alicante,5,Martes,14,Travesía,Otro,Colisión frontolateral,Buen tiempo,Pleno día,1,0,0,1
2223,2019,Alicante,6,Miércoles,14,Travesía,Otro,Choque obstáculo lateral,Buen tiempo,Pleno día,1,0,0,1
2224,2019,Alicante,6,Lunes,16,Travesía,Otro,Colisión frontolateral,Buen tiempo,Pleno día,1,0,1,0
2225,2019,Alicante,6,Lunes,18,Travesía,Otro,Choque obstáculo lateral,Buen tiempo,Pleno día,2,0,0,2
2226,2019,Alicante,6,Jueves,21,Travesía,Otro,Colisión frontolateral,Buen tiempo,Noche con iluminación,1,0,0,1
2227,2019,Alicante,5,Jueves,13,Travesía,Otro,Colisión por alcance,Buen tiempo,Pleno día,1,0,0,1
2228,2019,Alicante,6,Lunes,16,Travesía,Otro urbano,Colisión frontolateral,Buen tiempo,Pleno día,2,0,0,2
2229,2019,Alicante,6,Martes,19,Travesía,Otro,Colisión frontolateral,Lluvia,Pleno día,1,0,0,1
2230,2019,Alicante,6,Miércoles,19,Travesía,Otro,Colisión lateral,Buen tiempo,Pleno día,1,0,0,1
2231,2019,Alicante,6,Viernes,20,Travesía,Otro,Colisión por alcance,Buen tiempo,Pleno día,2,0,0,2
2232,2019,Alicante,6,Sábado,7,Travesía,Otro,Choque obstáculo lateral,Buen tiempo,Noche sin iluminación,1,0,0,1
2233,2019,Alicante,6,Jueves,14,Travesía,Otro,Colisión frontolateral,Buen tiempo,Pleno día,3,0,1,2
2234,2019,Alicante,6,Miércoles,15,Travesía,Otro,Choque obstáculo lateral,Buen tiempo,Pleno día,1,0,0,1
2235,2019,Alicante,6,Viernes,21,Travesía,Otro,Objeto desprendido,Buen tiempo,Noche sin iluminación,1,0,0,1
2236,2019,Alicante,6,Miércoles,18,Travesía,Otro,Colisión por alcance,Buen tiempo,Pleno día,2,0,0,2
2237,2019,Alicante,6,Jueves,11,Zona interurbana,Camino vecinal,Colisión por alcance,Buen tiempo,Pleno día,1,0,1,0
2238,2019,Alicante,5,Martes,17,Travesía,Otro,Choque obstáculo calzada,Buen tiempo,Pleno día,1,0,1,0
2239,2019,Alicante,6,Martes,11,Travesía,Otro,Colisión frontolateral,Buen tiempo,Pleno día,1,0,0,1
2240,2019,Alicante,6,Miércoles,20,Zona interurbana,Autopista,Atropello a ciclista,Buen tiempo,Pleno día,1,0,0,1
2241,2019,Alicante,6,Miércoles,1,Travesía,Otro,Colisión frontolateral,Buen tiempo,Noche sin iluminación,1,0,0,1
2242,2019,Alicante,6,Martes,14,Travesía,Otro,Colisión por alcance,Buen tiempo,Pleno día,2,0,0,2
2243,2019,Alicante,6,Miércoles,13,Travesía,Otro,Choque obstáculo lateral,Buen tiempo,Pleno día,1,0,0,1
2244,2019,Alicante,6,Jueves,20,Travesía,Otro,Choque obstáculo lateral,Buen tiempo,Pleno día,1,0,0,1
2245,2019,Alicante,6,Viernes,13,Travesía,Otro,Colisión frontal,Buen tiempo,Pleno día,1,0,0,1
2246,2019,Alicante,6,Sábado,21,Travesía,Otro,Choque obstáculo lateral,Buen tiempo,Pleno día,2,0,0,2
2247,2019,Alicante,6,Domingo,15,Travesía,Otro,Colisión frontolateral,Buen tiempo,Pleno día,1,0,0,1
2248,2019,Alicante,6,Miércoles,9,Travesía,Otro,Colisión lateral,Buen tiempo,Pleno día,2,0,0,2
2249,2019,Alicante,7,Lunes,19,Travesía,Otro,Animal en calzada,Buen tiempo,Pleno día,1,0,1,0
2250,2019,Alicante,7,Martes,13,Travesía,Otro,Choque obstáculo lateral,Buen tiempo,Pleno día,1,0,0,1
2251,2019,Alicante,7,Miércoles,14,Travesía,Otro,Choque obstáculo lateral,Lluvia,Pleno día,1,0,0,1
2252,2019,Alicante,7,Sábado,0,Travesía,Otro,Objeto desprendido,Buen tiempo,Noche sin iluminación,1,0,0,1
2253,2019,Alicante,7,Viernes,11,Travesía,Otro,Colisión por alcance,Buen tiempo,Pleno día,1,0,0,1
2254,2019,Alicante,7,Lunes,13,Travesía,Otro,Colisión por alcance,Lluvia,Pleno día,1,0,0,1
2255,2019,Alicante,7,Lunes,22,Travesía,Otro,Colisión por alcance,Buen tiempo,Noche sin iluminación,1,0,0,1
2256,2019,Alicante,7,Lunes,20,Zona interurbana,Vía urbana,Colisión frontolateral,Buen tiempo,Pleno día,1,0,0,1
2257,2019,Alicante,7,Martes,13,Travesía,Otro,Colisión por alcance,Buen tiempo,Pleno día,1,0,0,1
2258,2019,Alicante,7,Miércoles,7,Zona interurbana,Vía urbana,Choque obstáculo calzada,Buen tiempo,Amanecer/Anochecer,1,0,0,1
2259,2019,Alicante,7,Miércoles,16,Travesía,Otro,Colisión frontal,Buen tiempo,Pleno día,1,0,0,1
2260,2019,Alicante,7,Miércoles,18,Travesía,Otro,Colisión frontolateral,Buen tiempo,Pleno día,1,0,0,1
2261,2019,Alicante,7,Jueves,0,Zona interurbana,Ramal/enlace,Salida vía izquierda,Buen tiempo,Noche sin iluminación,3,1,0,2
2262,2019,Alicante,7,Jueves,14,Travesía,Otro,Se desconoce,Buen tiempo,Pleno día,1,0,0,1
2263,2019,Alicante,7,Viernes,19,Travesía,Otro,Colisión frontolateral,Buen tiempo,Pleno día,1,0,0,1
2264,2019,Alicante,7,Viernes,19,Travesía,Otro,Choque obstáculo lateral,Buen tiempo,Pleno día,2,0,0,2
2265,2019,Alicante,7,Domingo,15,Travesía,Otro,Colisión frontolateral,Buen tiempo,Pleno día,1,0,0,1
2266,2019,Alicante,7,Martes,13,Travesía,Otro urbano,Choque obstáculo lateral,Buen tiempo,Pleno día,1,0,0,1
2267,2019,Alicante,7,Domingo,9,Travesía,Otro,Animal en calzada,Buen tiempo,Pleno día,1,0,0,1
2268,2019,Alicante,7,Martes,16,Travesía,Otro,Colisión frontolateral,Buen tiempo,Pleno día,2,0,0,2
2269,2019,Alicante,7,Jueves,14,Travesía,Otro,Colisión por alcance,Buen tiempo,Pleno día,1,0,0,1
2270,2019,Alicante,7,Viernes,9,Travesía,Otro,Se desconoce,Buen tiempo,Pleno día,2,0,0,2
2271,2019,Alicante,7,Sábado,16,Travesía,Otro,Colisión lateral,Buen tiempo,Pleno día,1,0,0,1
2272,2019,Alicante,7,Viernes,19,Zona interurbana,Vía urbana,Colisión por alcance,Buen tiempo,Pleno día,2,0,0,2
2273,2019,Alicante,7,Lunes,14,Travesía,Otro,Animal en calzada,Buen tiempo,Pleno día,1,0,0,1
2274,2019,Alicante,7,Miércoles,13,Travesía,Otro,Colisión lateral,Buen tiempo,Pleno día,1,0,0,1
2275,2019,Alicante,7,Jueves,10,Travesía,Otro,Animal en calzada,Buen tiempo,Pleno día,1,0,0,1
2276,2019,Alicante,7,Sábado,18,Travesía,Otro,Choque obstáculo lateral,Buen tiempo,Pleno día,1,0,0,1
2277,2019,Alicante,7,Sábado,20,Travesía,Otro,Choque obstáculo lateral,Buen tiempo,Pleno día,2,0,0,2
2278,2019,Alicante,7,Lunes,20,Travesía,Otro,Choque obstáculo lateral,Buen tiempo,Amanecer/Anochecer,1,0,0,1
2279,2019,Alicante,7,Martes,1,Travesía,Otro,Colisión por alcance,Buen tiempo,Noche sin iluminación,2,0,0,2
2280,2019,Alicante,7,Martes,13,Travesía,Otro,Objeto desprendido,Buen tiempo,Pleno día,1,0,0,1
2281,2019,Alicante,7,Martes,19,Travesía,Otro,Colisión por alcance,Lluvia,Pleno día,1,0,0,1
2282,2019,Alicante,7,Miércoles,19,Travesía,Otro,Colisión lateral,Buen tiempo,Pleno día,1,0,0,1
2283,2019,Alicante,7,Miércoles,19,Travesía,Otro,Animal en calzada,Buen tiempo,Pleno día,1,0,0,1
2284,2019,Alicante,8,Sábado,19,Travesía,Otro,Animal en calzada,Buen tiempo,Pleno día,2,0,0,2
2285,2019,Alicante,8,Sábado,16,Travesía,Otro,Choque obstáculo lateral,Buen tiempo,Pleno día,2,0,0,2
2286,2019,Alicante,7,Sábado,19,Travesía,Otro,Colisión por alcance,Buen tiempo,Pleno día,5,0,0,5
2287,2019,Alicante,8,Lunes,20,Travesía,Otro,Colisión frontolateral,Buen tiempo,Amanecer/Anochecer,1,0,0,1
2288,2019,Alicante,8,Jueves,0,Travesía,Otro,Colisión frontolateral,Buen tiempo,Noche sin iluminación,1,0,0,1
2289,2019,Alicante,8,Miércoles,18,Travesía,Otro,Animal en calzada,Buen tiempo,Pleno día,1,0,0,1
2290,2019,Alicante,8,Jueves,20,Travesía,Otro,Colisión frontolateral,Buen tiempo,Pleno día,1,0,0,1
2291,2019,Alicante,8,Viernes,17,Zona interurbana,Vía urbana,Animal en calzada,Buen tiempo,Pleno día,1,0,0,1
2292,2019,Alicante,8,Sábado,8,Zona interurbana,Autopista,Choque obstáculo calzada,Buen tiempo,Pleno día,1,0,0,1
2293,2019,Alicante,8,Sábado,23,Travesía,Otro,Choque obstáculo lateral,Buen tiempo,Noche sin iluminación,1,0,0,1
2294,2019,Alicante,8,Sábado,22,Travesía,Travesía,Choque obstáculo lateral,Buen tiempo,Noche sin iluminación,1,0,0,1
2295,2019,Alicante,8,Lunes,15,Travesía,Otro,Animal en calzada,Otro,Pleno día,1,0,0,1
2296,2019,Alicante,8,Domingo,17,Travesía,Otro,Choque obstáculo calzada,Buen tiempo,Pleno día,1,0,0,1
2297,2019,Alicante,8,Lunes,10,Travesía,Otro,Colisión lateral,Buen tiempo,Pleno día,1,0,0,1
2298,2019,Alicante,8,Martes,8,Travesía,Otro,Animal en calzada,Buen tiempo,Pleno día,1,0,0,1
2299,2019,Alicante,8,Miércoles,12,Travesía,Otro,Objeto desprendido,Buen tiempo,Pleno día,2,0,0,2
2300,2019,Alicante,8,Miércoles,9,Travesía,Otro,Choque obstáculo lateral,Buen tiempo,Pleno día,1,0,0,1
2301,2019,Alicante,8,Sábado,22,Travesía,Otro,Animal en calzada,Buen tiempo,Noche sin iluminación,1,0,0,1
2302,2019,Alicante,8,Jueves,16,Travesía,Otro,Choque obstáculo lateral,Buen tiempo,Pleno día,1,0,1,0
2303,2019,Alicante,8,Viernes,20,Travesía,Otro,Colisión lateral,Buen tiempo,Pleno día,1,0,0,1
2304,2019,Alicante,8,Jueves,15,Travesía,Otro,Colisión frontal,Buen tiempo,Pleno día,1,0,0,1
2305,2019,Alicante,8,Viernes,22,Travesía,Otro,Choque obstáculo lateral,Buen tiempo,Noche sin iluminación,1,0,0,1
2306,2019,Alicante,8,Martes,19,Travesía,Otro,Animal en calzada,Buen tiempo,Pleno día,1,0,0,1
2307,2019,Alicante,8,Miércoles,12,Zona interurbana,Vía urbana,Animal en calzada,Buen tiempo,Pleno día,2,0,0,2
2308,2019,Alicante,8,Sábado,23,Travesía,Otro,Colisión frontolateral,Buen tiempo,Noche sin iluminación,1,0,0,1
2309,2019,Alicante,8,Martes,8,Travesía,Otro,Animal en calzada,Buen tiempo,Pleno día,1,0,1,0
2310,2019,Alicante,8,Domingo,18,Travesía,Otro,Objeto desprendido,Buen tiempo,Pleno día,1,0,0,1
2311,2019,Alicante,8,Lunes,7,Travesía,Otro,Colisión frontolateral,Buen tiempo,Pleno día,1,0,0,1
2312,2019,Alicante,8,Sábado,13,Travesía,Otro,Choque obstáculo lateral,Buen tiempo,Pleno día,1,0,0,1
2313,2019,Alicante,7,Domingo,6,Travesía,Otro,Se desconoce,Buen tiempo,Noche con iluminación,1,1,0,0
2314,2019,Alicante,9,Sábado,6,Travesía,Otro,Animal en calzada,Granizo,Noche sin iluminación,1,0,0,1
2315,2019,Alicante,8,Sábado,13,Travesía,Otro,Choque obstáculo lateral,Buen tiempo,Pleno día,1,0,0,1
2316,2019,Alicante,9,Domingo,23,Zona interurbana,Camino vecinal,Se desconoce,Buen tiempo,Noche sin iluminación,2,0,0,2
2317,2019,Alicante,9,Miércoles,14,Travesía,Otro,Objeto desprendido,Lluvia,Pleno día,1,0,1,0
2318,2019,Alicante,8,Martes,14,Travesía,Otro,Choque obstáculo lateral,Buen tiempo,Pleno día,1,0,0,1
2319,2019,Alicante,8,Viernes,18,Travesía,Otro,Colisión frontolateral,Buen tiempo,Pleno día,1,0,0,1
2320,2019,Alicante,9,Martes,14,Travesía,Otro,Colisión frontolateral,Buen tiempo,Pleno día,1,0,0,1
2321,2019,Alicante,9,Sábado,13,Travesía,Otro,Choque obstáculo lateral,Buen tiempo,Pleno día,1,0,0,1
2322,2019,Alicante,9,Miércoles,7,Zona interurbana,Camino vecinal,Colisión múltiple,Buen tiempo,Pleno día,1,0,0,1
2323,2019,Alicante,9,Miércoles,11,Travesía,Otro,Animal en calzada,Buen tiempo,Pleno día,2,0,0,2
2324,2019,Alicante,9,Lunes,15,Travesía,Otro,Choque obstáculo lateral,Buen tiempo,Pleno día,1,0,0,1
2325,2019,Alicante,9,Domingo,14,Travesía,Otro,Colisión frontolateral,Buen tiempo,Pleno día,1,0,0,1
2326,2019,Alicante,9,Miércoles,13,Travesía,Otro,Colisión frontolateral,Buen tiempo,Pleno día,2,0,0,2
2327,2019,Alicante,9,Miércoles,13,Travesía,Otro,Objeto desprendido,Buen tiempo,Pleno día,1,0,0,1
2328,2019,Alicante,9,Domingo,12,Zona interurbana,Camino vecinal,Colisión lateral,Buen tiempo,Pleno día,1,0,0,1
2329,2019,Alicante,10,Miércoles,6,Zona interurbana,Vía urbana,Colisión por alcance,Buen tiempo,Se desconoce,1,0,0,1
2330,2019,Alicante,10,Miércoles,17,Travesía,Otro,Animal en calzada,Buen tiempo,Pleno día,1,0,0,1
2331,2019,Alicante,9,Sábado,16,Zona interurbana,Camino vecinal,Colisión lateral,Buen tiempo,Pleno día,1,0,0,1
2332,2019,Alicante,10,Miércoles,11,Travesía,Otro,Colisión lateral,Buen tiempo,Pleno día,1,0,0,1
2333,2019,Alicante,10,Viernes,13,Zona interurbana,Otro urbano,Caída de motociclista,Buen tiempo,Pleno día,1,0,0,1
2334,2019,Alicante,10,Viernes,9,Travesía,Otro,Colisión frontolateral,Buen tiempo,Pleno día,1,0,0,1
2335,2019,Alicante,10,Viernes,13,Travesía,Otro,Choque obstáculo lateral,Buen tiempo,Pleno día,1,0,0,1
2336,2019,Alicante,9,Miércoles,21,Travesía,Otro,Animal en calzada,Buen tiempo,Noche sin iluminación,1,0,0,1
2337,2019,Alicante,9,Domingo,21,Travesía,Otro,Colisión frontolateral,Buen tiempo,Noche sin iluminación,2,0,0,2
2338,2019,Alicante,10,Martes,23,Travesía,Otro,Objeto desprendido,Buen tiempo,Noche sin iluminación,1,0,1,0
2339,2019,Alicante,10,Jueves,9,Travesía,Otro,Objeto desprendido,Buen tiempo,Pleno día,1,0,1,0
2340,2019,Alicante,10,Viernes,11,Zona interurbana,Camino vecinal,Atropello a peatón,Buen tiempo,Pleno día,1,0,0,1
2341,2019,Alicante,10,Viernes,17,Travesía,Otro,Colisión frontolateral,Buen tiempo,Pleno día,1,0,1,0
2342,2019,Alicante,10,Sábado,10,Travesía,Otro,Colisión por alcance,Buen tiempo,Pleno día,3,0,0,3
2343,2019,Alicante,10,Lunes,8,Zona interurbana,Vía urbana,Choque obstáculo lateral,Lluvia,Pleno día,1,0,0,1
2344,2019,Alicante,10,Domingo,15,Travesía,Otro,Colisión frontolateral,Lluvia,Pleno día,1,0,0,1
2345,2019,Alicante,10,Miércoles,20,Zona interurbana,Vía urbana,Colisión múltiple,Lluvia,Se desconoce,3,0,0,3
2346,2019,Alicante,10,Miércoles,14,Travesía,Otro,Colisión por alcance,Buen tiempo,Pleno día,2,0,0,2
2347,2019,Alicante,10,Viernes,16,Travesía,Otro,Colisión frontal,Buen tiempo,Pleno día,1,0,0,1
2348,2019,Alicante,10,Viernes,4,Travesía,Calle peatonal,Colisión frontolateral,Buen tiempo,Noche sin iluminación,2,0,2,0
2349,2019,Alicante,10,Jueves,12,Travesía,Otro,Objeto desprendido,Buen tiempo,Pleno día,1,0,0,1
2350,2019,Alicante,10,Jueves,12,Travesía,Otro,Colisión por alcance,Buen tiempo,Pleno día,1,0,0,1
2351,2019,Alicante,9,Sábado,1,Travesía,Otro,Choque obstáculo lateral,Buen tiempo,Noche sin iluminación,1,0,0,1
2352,2019,Alicante,10,Lunes,12,Travesía,Otro,Objeto desprendido,Buen tiempo,Pleno día,1,0,0,1
2353,2019,Alicante,10,Viernes,2,Travesía,Otro,Colisión frontolateral,Buen tiempo,Noche sin iluminación,1,0,0,1
2354,2019,Alicante,10,Martes,8,Travesía,Otro,Se desconoce,Nieve,Pleno día,1,1,0,0
2355,2019,Alicante,11,Viernes,8,Travesía,Otro,Choque obstáculo calzada,Buen tiempo,Pleno día,1,0,0,1
2356,2019,Alicante,10,Jueves,21,Travesía,Otro,Animal en calzada,Buen tiempo,Noche sin iluminación,1,0,0,1
2357,2019,Alicante,11,Jueves,13,Zona interurbana,Autopista,Se desconoce,Lluvia,Pleno día,1,0,0,1
2358,2019,Alicante,10,Domingo,19,Travesía,Otro,Colisión frontolateral,Buen tiempo,Noche sin iluminación,1,0,0,1
2359,2019,Alicante,11,Sábado,13,Travesía,Otro,Colisión frontolateral,Buen tiempo,Pleno día,1,0,0,1
2360,2019,Alicante,9,Sábado,8,Travesía,Travesía,Se desconoce,Lluvia,Pleno día,1,0,0,1
2361,2019,Alicante,11,Viernes,13,Travesía,Otro,Choque obstáculo lateral,Buen tiempo,Pleno día,1,0,0,1
2362,2019,Alicante,11,Miércoles,17,Zona interurbana,Vía urbana,Colisión lateral,Buen tiempo,Amanecer/Anochecer,1,0,0,1
2363,2019,Alicante,11,Miércoles,15,Travesía,Otro,Colisión frontolateral,Buen tiempo,Pleno día,1,0,0,1
2364,2019,Alicante,11,Sábado,14,Travesía,Otro,Choque obstáculo lateral,Buen tiempo,Pleno día,1,0,0,1
2365,2019,Alicante,11,Jueves,10,Zona interurbana,Vía urbana,Colisión frontolateral,Buen tiempo,Pleno día,1,0,0,1
2366,2019,Alicante,11,Viernes,8,Travesía,Otro,Animal en calzada,Lluvia,Pleno día,1,0,0,1
2367,2019,Alicante,11,Sábado,8,Travesía,Otro,Animal en calzada,Buen tiempo,Pleno día,1,0,0,1
2368,2019,Alicante,12,Domingo,17,Travesía,Otro,Colisión frontolateral,Buen tiempo,Noche sin iluminación,1,0,0,1
2369,2019,Alicante,12,Martes,18,Travesía,Otro,Colisión frontolateral,Buen tiempo,Noche sin iluminación,1,0,0,1
2370,2019,Alicante,12,Lunes,9,Travesía,Otro,Choque obstáculo lateral,Buen tiempo,Pleno día,1,0,0,1
2371,2019,Alicante,12,Miércoles,20,Travesía,Otro,Colisión por alcance,Buen tiempo,Noche sin iluminación,1,0,0,1
2372,2019,Alicante,12,Domingo,13,Travesía,Otro,Colisión frontolateral,Buen tiempo,Pleno día,1,0,0,1
2373,2019,Alicante,12,Domingo,18,Travesía,Otro,Colisión por alcance,Buen tiempo,Noche sin iluminación,2,0,0,2
2374,2019,Alicante,12,Sábado,13,Travesía,Otro,Choque obstáculo lateral,Buen tiempo,Pleno día,1,0,0,1
2375,2019,Alicante,12,Martes,14,Travesía,Otro,Objeto desprendido,Lluvia,Pleno día,1,0,0,1
2376,2019,Alicante,12,Jueves,16,Travesía,Otro,Colisión múltiple,Lluvia,Pleno día,2,0,0,2
2377,2019,Alicante,12,Sábado,15,Zona interurbana,Vía urbana,Salida vía izquierda,Buen tiempo,Pleno día,2,0,0,2
2378,2019,Alicante,12,Jueves,12,Travesía,Otro,Colisión frontolateral,Buen tiempo,Pleno día,1,0,0,1
2379,2019,Alicante,11,Jueves,14,Travesía,Otro,Colisión frontolateral,Buen tiempo,Pleno día,1,0,1,0
2380,2019,Alicante,9,Sábado,4,Travesía,Otro,Otro tipo,Buen tiempo,Noche sin iluminación,1,0,1,0
2381,2019,Alicante,10,Lunes,11,Travesía,Otro,Colisión por alcance,Buen tiempo,Pleno día,1,0,1,0
2382,2019,Alicante,12,Martes,11,Travesía,Otro,Choque obstáculo lateral,Buen tiempo,Pleno día,1,0,0,1
2383,2019,Alicante,11,Sábado,19,Travesía,Otro,Colisión por alcance,Buen tiempo,Noche sin iluminación,2,0,0,2
2384,2019,Alicante,12,Domingo,12,Travesía,Otro,Choque obstáculo lateral,Buen tiempo,Pleno día,1,0,0,1
2385,2019,Alicante,2,Sábado,9,Zona interurbana,Vía urbana,Otro tipo,Buen tiempo,Pleno día,1,0,0,1
2386,2019,Alicante,7,Sábado,16,Zona interurbana,Vía urbana,Colisión frontolateral,Buen tiempo,Pleno día,4,0,0,4
2387,2019,Alicante,8,Lunes,14,Zona interurbana,Autovía,Colisión múltiple,Buen tiempo,Pleno día,1,0,0,1
2388,2019,Alicante,9,Sábado,10,Zona interurbana,Autopista,Colisión por alcance,Granizo,Pleno día,1,0,0,1
2389,2019,Alicante,9,Domingo,18,Zona interurbana,Vía urbana,Colisión por alcance,Buen tiempo,Pleno día,2,0,0,2
2390,2019,Alicante,5,Miércoles,14,Zona interurbana,Vía urbana,Colisión lateral,Buen tiempo,Pleno día,1,0,0,1
2391,2019,Alicante,11,Miércoles,17,Zona interurbana,Vía urbana,Colisión frontal,Lluvia,Pleno día,2,0,0,2
2392,2019,Alicante,11,Jueves,11,Zona interurbana,Calle,Se desconoce,Buen tiempo,Pleno día,1,0,0,1
2393,2019,Alicante,4,Viernes,17,Zona interurbana,Vía urbana,Colisión por alcance,Buen tiempo,Pleno día,2,1,0,1
2394,2019,Alicante,3,Viernes,6,Zona interurbana,Vía urbana,Atropello a ciclista,Buen tiempo,Amanecer/Anochecer,1,0,0,1
2395,2019,Alicante,4,Martes,9,Zona interurbana,Vía urbana,Colisión lateral,Buen tiempo,Pleno día,1,0,0,1
2396,2019,Alicante,5,Martes,19,Zona interurbana,Calle,Colisión frontolateral,Buen tiempo,Pleno día,1,0,0,1
2397,2019,Alicante,7,Domingo,10,Zona interurbana,Vía urbana,Animal en calzada,Buen tiempo,Pleno día,1,0,1,0
2398,2019,Alicante,11,Domingo,13,Zona interurbana,Vía urbana,Vuelco en calzada,Buen tiempo,Pleno día,1,0,1,0
2399,2019,Alicante,9,Jueves,7,Zona interurbana,Vía urbana,Colisión frontolateral,Buen tiempo,Pleno día,1,0,1,0
2400,2019,Alicante,1,Martes,17,Zona interurbana,Autopista,Salida vía izquierda,Buen tiempo,Amanecer/Anochecer,1,0,0,1
2401,2019,Alicante,1,Sábado,9,Zona interurbana,Vía urbana,Animal en calzada,Buen tiempo,Pleno día,1,0,0,1
2402,2019,Alicante,1,Viernes,20,Zona interurbana,Autopista,Colisión frontal,Buen tiempo,Se desconoce,1,0,1,0
2403,2019,Alicante,3,Jueves,9,Zona interurbana,Vía urbana,Atropello a ciclista,Buen tiempo,Pleno día,1,0,0,1
2404,2019,Alicante,5,Jueves,11,Travesía,Otro urbano,Choque obstáculo mediana,Buen tiempo,Pleno día,1,1,0,0
2405,2019,Alicante,5,Domingo,18,Zona interurbana,Vía urbana,Atropello a ciclista,Buen tiempo,Pleno día,2,0,1,1
2406,2019,Alicante,5,Miércoles,15,Zona interurbana,Vía urbana,Animal en calzada,Buen tiempo,Pleno día,1,0,0,1
2407,2019,Alicante,6,Viernes,7,Zona interurbana,Vía urbana,Colisión frontolateral,Buen tiempo,Pleno día,1,0,1,0
2408,2019,Alicante,6,Miércoles,8,Zona interurbana,Vía urbana,Animal en calzada,Buen tiempo,Pleno día,1,0,0,1
2409,2019,Alicante,7,Miércoles,13,Zona interurbana,Vía urbana,Atropello a peatón,Buen tiempo,Pleno día,2,0,0,2
2410,2019,Alicante,7,Martes,3,Zona interurbana,Autopista,Se desconoce,Buen tiempo,Se desconoce,1,0,0,1
2411,2019,Alicante,9,Viernes,17,Zona interurbana,Autopista,Objeto desprendido,Buen tiempo,Pleno día,4,0,0,4
2412,2019,Alicante,11,Sábado,19,Zona interurbana,Autopista,Salida vía izquierda,Buen tiempo,Se desconoce,1,0,0,1
2413,2019,Alicante,11,Jueves,18,Zona interurbana,Vía urbana,Colisión por alcance,Buen tiempo,Se desconoce,1,0,0,1
2414,2019,Alicante,1,Miércoles,11,Travesía,Otro,Colisión por alcance,Buen tiempo,Pleno día,1,0,0,1
2415,2019,Alicante,6,Martes,16,Zona interurbana,Vía urbana,Colisión frontolateral,Buen tiempo,Pleno día,1,0,0,1
2416,2019,Alicante,6,Jueves,9,Zona interurbana,Vía urbana,Caída de ocupante,Buen tiempo,Pleno día,1,0,0,1
2417,2019,Alicante,9,Lunes,11,Zona interurbana,Vía urbana,Colisión múltiple,Granizo,Pleno día,2,0,0,2
2418,2019,Alicante,7,Viernes,21,Travesía,Otro,Caída de motociclista,Buen tiempo,Noche sin iluminación,1,0,1,0
2419,2019,Alicante,11,Miércoles,8,Travesía,Otro,Colisión frontolateral,Buen tiempo,Pleno día,1,0,0,1
2420,2019,Alicante,1,Sábado,12,Zona interurbana,Vía urbana,Otro tipo,Buen tiempo,Pleno día,2,0,0,2
2421,2019,Alicante,4,Miércoles,7,Zona interurbana,Vía convencional,Colisión lateral,Buen tiempo,Pleno día,1,0,0,1
2422,2019,Alicante,10,Jueves,8,Zona interurbana,Vía urbana,Se desconoce,Buen tiempo,Pleno día,1,0,0,1
2423,2019,Alicante,6,Martes,11,Zona interurbana,Vía urbana,Colisión por alcance,Buen tiempo,Pleno día,1,0,0,1
2424,2019,Alicante,7,Sábado,20,Zona interurbana,Vía urbana,Colisión frontolateral,Buen tiempo,Amanecer/Anochecer,1,0,0,1
2425,2019,Alicante,12,Jueves,19,Zona interurbana,Vía urbana,Choque obstáculo lateral,Buen tiempo,Noche sin iluminación,1,0,0,1
2426,2019,Alicante,3,Lunes,14,Zona interurbana,Vía urbana,Animal en calzada,Buen tiempo,Pleno día,1,0,0,1
2427,2019,Alicante,2,Lunes,18,Zona interurbana,Vía urbana,Se desconoce,Buen tiempo,Pleno día,1,0,1,0
2428,2019,Alicante,11,Domingo,9,Zona interurbana,Vía urbana,Colisión frontolateral,Buen tiempo,Pleno día,1,0,1,0
2429,2019,Alicante,12,Lunes,14,Zona interurbana,Vía urbana,Atropello a ciclista,Buen tiempo,Pleno día,1,0,0,1
2430,2019,Alicante,5,Miércoles,19,Travesía,Otro,Choque obstáculo calzada,Buen tiempo,Pleno día,1,0,1,0
2431,2019,Alicante,7,Miércoles,4,Zona interurbana,Vía urbana,Choque con bordillo,Buen tiempo,Se desconoce,1,0,0,1
2432,2019,Alicante,7,Martes,15,Zona interurbana,Vía urbana,Animal en calzada,Buen tiempo,Pleno día,1,0,1,0
2433,2019,Alicante,10,Domingo,23,Zona interurbana,Vía urbana,Choque obstáculo lateral,Buen tiempo,Se desconoce,2,1,1,0
2434,2019,Alicante,10,Lunes,15,Zona interurbana,Vía urbana,Colisión frontolateral,Granizo,Pleno día,2,0,0,2
2435,2019,Alicante,8,Jueves,22,Travesía,Otro urbano,Colisión frontal,Buen tiempo,Noche sin iluminación,1,0,0,1