ID_ACCIDENTE,AÑO,PROVINCIA,MES,DIA_SEMANA,HORA,ZONA,TIPO_VIA,TIPO_ACCIDENTE,CONDICION_METEO,CONDICION_ILUMINACION,TOTAL_VICTIMAS,FALLECIDOS_24H,HERIDOS_GRAVES,HERIDOS_LEVES
2436,2019,Alicante,8,Martes,23,Travesía,Otro,Animal en calzada,Buen tiempo,Se desconoce,1,0,0,1
2437,2019,Alicante,8,Jueves,10,Travesía,Otro,Colisión por alcance,Buen tiempo,Pleno día,2,0,0,2
2438,2019,Alicante,7,Martes,0,Travesía,Otro,Colisión frontolateral,Buen tiempo,Noche sin iluminación,2,0,1,1
2439,2019,Alicante,12,Lunes,17,Zona interurbana,Vía urbana,Choque obstáculo calzada,Lluvia,Noche sin iluminación,1,0,0,1
2440,2019,Alicante,1,Lunes,11,Zona interurbana,Vía urbana,Colisión múltiple,Buen tiempo,Pleno día,4,0,1,3
2441,2019,Alicante,4,Jueves,8,Zona interurbana,Vía urbana,Colisión frontolateral,Buen tiempo,Pleno día,1,0,0,1
2442,2019,Alicante,4,Sábado,12,Zona interurbana,Vía urbana,Colisión frontolateral,Buen tiempo,Pleno día,1,0,0,1
2443,2019,Alicante,4,Sábado,11,Zona interurbana,Vía urbana,Colisión frontolateral,Buen tiempo,Pleno día,1,0,0,1
2444,2019,Alicante,7,Miércoles,10,Travesía,Otro,Colisión lateral,Buen tiempo,Pleno día,1,0,0,1
2445,2019,Alicante,8,Lunes,21,Zona interurbana,Vía urbana,Colisión lateral,Buen tiempo,Amanecer/Anochecer,1,0,0,1
2446,2019,Alicante,10,Domingo,11,Travesía,Otro,Choque obstáculo lateral,Buen tiempo,Pleno día,1,0,0,1
2447,2019,Alicante,9,Lunes,20,Travesía,Otro,Colisión lateral,Buen tiempo,Noche sin iluminación,1,0,0,1
2448,2019,Alicante,1,Martes,14,Zona interurbana,Vía urbana,Colisión por alcance,Buen tiempo,Pleno día,1,0,0,1
2449,2019,Alicante,2,Sábado,17,Zona interurbana,Vía urbana,Choque obstáculo lateral,Buen tiempo,Pleno día,1,0,0,1
2450,2019,Alicante,3,Sábado,10,Travesía,Otro,Colisión frontolateral,Buen tiempo,Pleno día,1,0,0,1
2451,2019,Alicante,4,Lunes,9,Zona interurbana,Vía urbana,Otro tipo,Buen tiempo,Pleno día,1,0,0,1
2452,2019,Alicante,4,Miércoles,16,Zona interurbana,Vía urbana,Colisión por alcance,Buen tiempo,Pleno día,1,0,0,1
2453,2019,Alicante,5,Miércoles,12,Zona interurbana,Vía urbana,Colisión por alcance,Buen tiempo,Pleno día,1,0,0,1
2454,2019,Alicante,5,Lunes,14,Zona interurbana,Vía urbana,Colisión por alcance,Buen tiempo,Pleno día,2,0,0,2
2455,2019,Alicante,1,Lunes,8,Travesía,Otro,Colisión lateral,Buen tiempo,Pleno día,5,0,0,5
2456,2019,Alicante,1,Viernes,9,Travesía,Otro,Choque obstáculo lateral,Buen tiempo,Pleno día,1,0,0,1
2457,2019,Alicante,4,Jueves,11,Travesía,Otro,Choque obstáculo lateral,Buen tiempo,Pleno día,1,0,0,1
2458,2019,Alicante,5,Sábado,20,Travesía,Otro,Objeto desprendido,Buen tiempo,Noche con iluminación,1,0,0,1
2459,2019,Alicante,5,Miércoles,19,Travesía,Otro,Colisión lateral,Buen tiempo,Pleno día,1,0,0,1
2460,2019,Alicante,5,Domingo,20,Travesía,Otro,Colisión por alcance,Buen tiempo,Pleno día,3,0,0,3
2461,2019,Alicante,6,Sábado,14,Travesía,Otro,Colisión frontolateral,Buen tiempo,Pleno día,2,0,0,2
2462,2019,Alicante,6,Miércoles,20,Travesía,Otro,Colisión múltiple,Buen tiempo,Pleno día,3,0,0,3
2463,2019,Alicante,7,Martes,17,Travesía,Otro,Colisión múltiple,Buen tiempo,Pleno día,2,0,0,2
2464,2019,Alicante,7,Jueves,7,Travesía,Otro,Objeto desprendido,Buen tiempo,Noche con iluminación,1,0,0,1
2465,2019,Alicante,8,Sábado,18,Travesía,Otro,Objeto desprendido,Buen tiempo,Pleno día,1,0,0,1
2466,2019,Alicante,9,Jueves,21,Travesía,Otro,Choque obstáculo lateral,Nieve,Noche sin iluminación,1,0,0,1
2467,2019,Alicante,9,Lunes,10,Travesía,Otro,Colisión por alcance,Buen tiempo,Pleno día,2,0,0,2
2468,2019,Alicante,9,Sábado,21,Travesía,Otro,Choque obstáculo lateral,Buen tiempo,Noche sin iluminación,1,0,0,1
2469,2019,Alicante,10,Jueves,13,Travesía,Otro,Colisión frontolateral,Buen tiempo,Pleno día,1,0,0,1
2470,2019,Alicante,10,Viernes,9,Travesía,Otro,Colisión por alcance,Buen tiempo,Pleno día,1,0,0,1
2471,2019,Alicante,10,Sábado,1,Travesía,Otro,Colisión frontolateral,Buen tiempo,Noche sin iluminación,1,0,0,1
2472,2019,Alicante,10,Miércoles,7,Zona interurbana,Vía urbana,Salida vía izquierda,Buen tiempo,Amanecer/Anochecer,1,0,0,1
2473,2019,Alicante,11,Domingo,23,Travesía,Otro,Colisión lateral,Buen tiempo,Noche sin iluminación,2,0,0,2
2474,2019,Alicante,10,Domingo,15,Zona interurbana,Travesía,Se desconoce,Buen tiempo,Pleno día,1,0,0,1
2475,2019,Alicante,11,Jueves,19,Zona interurbana,Vía urbana,Colisión por alcance,Buen tiempo,Se desconoce,1,0,0,1
2476,2019,Alicante,11,Domingo,14,Travesía,Otro,Colisión frontolateral,Buen tiempo,Pleno día,2,0,0,2
2477,2019,Alicante,12,Lunes,7,Zona interurbana,Vía urbana,Colisión por alcance,Buen tiempo,Noche sin iluminación,1,0,0,1
2478,2019,Alicante,1,Domingo,18,Zona interurbana,Vía urbana,Choque obstáculo lateral,Buen tiempo,Se desconoce,1,0,1,0
2479,2019,Alicante,1,Domingo,17,Zona interurbana,Vía urbana,Caída de motociclista,Buen tiempo,Amanecer/Anochecer,1,0,0,1
2480,2019,Alicante,2,Domingo,18,Zona interurbana,Ramal/enlace,Colisión por alcance,Buen tiempo,Se desconoce,1,0,0,1
2481,2019,Alicante,2,Viernes,16,Zona interurbana,Autovía,Colisión por alcance,Buen tiempo,Pleno día,2,0,0,2
2482,2019,Alicante,4,Miércoles,8,Zona interurbana,Camino vecinal,Colisión por alcance,Buen tiempo,Pleno día,1,0,0,1
2483,2019,Alicante,1,Viernes,13,Travesía,Otro,Colisión frontolateral,Buen tiempo,Pleno día,1,0,0,1
2484,2019,Alicante,4,Viernes,12,Zona interurbana,Vía urbana,Colisión por alcance,Buen tiempo,Pleno día,1,0,0,1
2485,2019,Alicante,4,Miércoles,16,Zona interurbana,Vía urbana,Atropello a ciclista,Buen tiempo,Pleno día,2,0,0,2
2486,2019,Alicante,4,Jueves,13,Travesía,Otro,Colisión frontolateral,Buen tiempo,Pleno día,1,0,1,0
2487,2019,Alicante,6,Jueves,15,Zona interurbana,Vía urbana,Colisión por alcance,Buen tiempo,Pleno día,1,0,0,1
2488,2019,Alicante,6,Martes,20,Zona interurbana,Vía urbana,Colisión frontal,Buen tiempo,Pleno día,3,0,1,2
2489,2019,Alicante,7,Lunes,8,Zona interurbana,Vía urbana,Colisión frontal,Lluvia,Pleno día,3,0,1,2
2490,2019,Alicante,7,Lunes,21,Zona interurbana,Vía urbana,Colisión por alcance,Buen tiempo,Pleno día,1,0,0,1
2491,2019,Alicante,7,Miércoles,15,Zona interurbana,Vía urbana,Colisión múltiple,Buen tiempo,Pleno día,2,0,0,2
2492,2019,Alicante,7,Domingo,13,Zona interurbana,Vía urbana,Se desconoce,Buen tiempo,Pleno día,1,0,0,1
2493,2019,Alicante,7,Domingo,18,Zona interurbana,Vía urbana,Colisión por alcance,Buen tiempo,Pleno día,1,0,0,1
2494,2019,Alicante,7,Domingo,15,Zona interurbana,Autopista,Colisión por alcance,Buen tiempo,Pleno día,10,3,3,4
2495,2019,Alicante,7,Lunes,7,Zona interurbana,Vía urbana,Caída de motociclista,Buen tiempo,Amanecer/Anochecer,1,0,0,1
2496,2019,Alicante,8,Sábado,22,Zona interurbana,Autopista,Colisión múltiple,Buen tiempo,Se desconoce,3,0,1,2
2497,2019,Alicante,8,Sábado,10,Zona interurbana,Vía urbana,Colisión por alcance,Buen tiempo,Pleno día,1,0,0,1
2498,2019,Alicante,8,Sábado,17,Zona interurbana,Camino vecinal,Colisión por alcance,Buen tiempo,Pleno día,1,0,0,1
2499,2019,Alicante,8,Sábado,11,Zona interurbana,Vía convencional,Colisión frontolateral,Buen tiempo,Pleno día,3,0,0,3
2500,2019,Alicante,9,Sábado,16,Zona interurbana,Vía urbana,Atropello a ciclista,Lluvia,Pleno día,1,0,0,1
2501,2019,Alicante,9,Lunes,17,Zona interurbana,Autopista,Se desconoce,Buen tiempo,Pleno día,1,0,0,1
2502,2019,Alicante,9,Jueves,15,Zona interurbana,Vía urbana,Colisión frontal,Buen tiempo,Pleno día,2,0,0,2
2503,2019,Alicante,9,Domingo,14,Zona interurbana,Vía urbana,Se desconoce,Buen tiempo,Pleno día,1,0,1,0
2504,2019,Alicante,9,Lunes,11,Zona interurbana,Vía urbana,Atropello a ciclista,Buen tiempo,Pleno día,1,0,0,1
2505,2019,Alicante,10,Martes,14,Zona interurbana,Vía urbana,Colisión múltiple,Granizo,Pleno día,2,0,0,2
2506,2019,Alicante,11,Miércoles,16,Zona interurbana,Vía urbana,Colisión frontolateral,Buen tiempo,Pleno día,1,0,1,0
2507,2019,Alicante,11,Sábado,15,Zona interurbana,Vía urbana,Colisión por alcance,Buen tiempo,Pleno día,1,0,0,1
2508,2019,Alicante,11,Lunes,13,Zona interurbana,Vía urbana,Colisión lateral,Buen tiempo,Pleno día,2,0,0,2
2509,2019,Alicante,11,Domingo,4,Zona interurbana,Vía urbana,Colisión frontal,Buen tiempo,Se desconoce,1,0,0,1
2510,2019,Alicante,12,Lunes,16,Zona interurbana,Vía urbana,Colisión frontal,Buen tiempo,Pleno día,5,1,4,0
2511,2019,Alicante,12,Viernes,9,Zona interurbana,Vía urbana,Colisión múltiple,Buen tiempo,Pleno día,1,0,0,1
2512,2019,Alicante,12,Martes,20,Zona interurbana,Vía urbana,Colisión por alcance,Buen tiempo,Se desconoce,1,0,0,1
2513,2019,Alicante,5,Martes,11,Zona interurbana,Vía urbana,Colisión frontolateral,Buen tiempo,Pleno día,1,0,0,1
2514,2019,Alicante,10,Lunes,11,Zona interurbana,Vía urbana,Caída de motociclista,Buen tiempo,Pleno día,1,0,0,1
2515,2019,Alicante,1,Viernes,17,Zona interurbana,Vía urbana,Caída de motociclista,Buen tiempo,Pleno día,1,0,1,0
2516,2019,Alicante,1,Miércoles,17,Zona interurbana,Vía urbana,Colisión frontolateral,Buen tiempo,Amanecer/Anochecer,1,0,0,1
2517,2019,Alicante,2,Martes,19,Travesía,Otro,Colisión lateral,Buen tiempo,Noche con iluminación,2,0,0,2
2518,2019,Alicante,3,Martes,6,Zona interurbana,Vía urbana,Se desconoce,Buen tiempo,Se desconoce,1,1,0,0
2519,2019,Alicante,3,Lunes,18,Travesía,Otro,Colisión lateral,Buen tiempo,Pleno día,2,0,0,2
2520,2019,Alicante,4,Martes,7,Travesía,Otro,Colisión lateral,Buen tiempo,Pleno día,1,0,0,1
2521,2019,Alicante,4,Jueves,5,Zona interurbana,Vía convencional,Salida vía izquierda,Buen tiempo,Noche ilum. insuficiente,1,0,0,1
2522,2019,Alicante,4,Domingo,11,Travesía,Otro,Colisión lateral,Buen tiempo,Pleno día,1,0,0,1
2523,2019,Alicante,5,Jueves,18,Zona interurbana,Vía urbana,Caída de motociclista,Buen tiempo,Pleno día,1,0,0,1
2524,2019,Alicante,6,Sábado,13,Zona interurbana,Vía convencional,Se desconoce,Buen tiempo,Pleno día,1,0,1,0
2525,2019,Alicante,6,Viernes,14,Zona interurbana,Vía convencional,Colisión frontolateral,Buen tiempo,Pleno día,1,0,0,1
2526,2019,Alicante,8,Sábado,9,Zona interurbana,Camino vecinal,Animal en calzada,Buen tiempo,Pleno día,1,0,0,1
2527,2019,Alicante,10,Domingo,14,Zona interurbana,Ramal/enlace,Salida vía izquierda,Granizo,Pleno día,2,0,0,2
2528,2019,Alicante,2,Sábado,13,Zona interurbana,Vía urbana,Atropello a ciclista,Buen tiempo,Pleno día,1,0,0,1
2529,2019,Alicante,3,Domingo,8,Zona interurbana,Vía urbana,Choque obstáculo mediana,Buen tiempo,Pleno día,1,1,0,0
2530,2019,Alicante,12,Martes,15,Zona interurbana,Vía urbana,Choque obstáculo calzada,Granizo,Pleno día,1,0,0,1
2531,2019,Alicante,1,Viernes,20,Zona interurbana,Vía urbana,Colisión frontolateral,Buen tiempo,Se desconoce,1,0,1,0
2532,2019,Alicante,1,Lunes,12,Zona interurbana,Autovía,Colisión lateral,Buen tiempo,Pleno día,1,0,0,1
2533,2019,Alicante,1,Domingo,13,Zona interurbana,Vía urbana,Colisión frontolateral,Buen tiempo,Pleno día,1,0,0,1
2534,2019,Alicante,1,Lunes,12,Zona interurbana,Autopista,Colisión por alcance,Buen tiempo,Pleno día,1,0,0,1
2535,2019,Alicante,3,Sábado,15,Zona interurbana,Autopista,Colisión por alcance,Lluvia,Pleno día,1,0,0,1
2536,2019,Alicante,4,Lunes,12,Zona interurbana,Autopista,Colisión por alcance,Buen tiempo,Pleno día,3,0,0,3
2537,2019,Alicante,4,Lunes,13,Zona interurbana,Autopista,Salida vía izquierda,Buen tiempo,Pleno día,1,0,0,1
2538,2019,Alicante,7,Sábado,18,Zona interurbana,Calle,Colisión frontolateral,Buen tiempo,Pleno día,2,0,0,2
2539,2019,Alicante,7,Martes,20,Zona interurbana,Vía urbana,Colisión por alcance,Buen tiempo,Amanecer/Anochecer,1,0,0,1
2540,2019,Alicante,7,Domingo,19,Zona interurbana,Ramal/enlace,Caída de ocupante,Buen tiempo,Pleno día,1,0,0,1
2541,2019,Alicante,7,Domingo,9,Zona interurbana,Vía urbana,Colisión frontolateral,Buen tiempo,Pleno día,1,0,0,1
2542,2019,Alicante,7,Miércoles,0,Zona interurbana,Vía urbana,Colisión frontolateral,Buen tiempo,Se desconoce,3,0,0,3
2543,2019,Alicante,8,Martes,6,Zona interurbana,Autovía,Colisión múltiple,Buen tiempo,Se desconoce,3,0,0,3
2544,2019,Alicante,8,Domingo,13,Zona interurbana,Autovía,Choque obstáculo mediana,Buen tiempo,Pleno día,1,0,0,1
2545,2019,Alicante,9,Sábado,15,Zona interurbana,Calle,Animal en calzada,Buen tiempo,Pleno día,1,0,0,1
2546,2019,Alicante,10,Jueves,17,Zona interurbana,Calle,Colisión frontolateral,Buen tiempo,Noche con iluminación,2,0,0,2
2547,2019,Alicante,11,Sábado,1,Zona interurbana,Otro urbano,Objeto desprendido,Buen tiempo,Noche ilum. insuficiente,4,0,0,4
2548,2019,Alicante,11,Jueves,20,Zona interurbana,Autopista,Colisión frontal,Buen tiempo,Noche sin iluminación,2,0,1,1
2549,2019,Alicante,2,Viernes,21,Zona interurbana,Camino vecinal,Colisión por alcance,Buen tiempo,Noche sin iluminación,1,0,0,1
2550,2019,Alicante,3,Lunes,14,Zona interurbana,Camino vecinal,Colisión por alcance,Buen tiempo,Pleno día,1,0,0,1
2551,2019,Alicante,3,Domingo,10,Zona interurbana,Vía urbana,Se desconoce,Buen tiempo,Pleno día,1,0,1,0
2552,2019,Alicante,3,Sábado,18,Zona interurbana,Vía urbana,Salida vía izquierda,Lluvia,Pleno día,1,1,0,0
2553,2019,Alicante,6,Domingo,14,Zona interurbana,Vía urbana,Colisión frontolateral,Buen tiempo,Pleno día,4,0,0,4
2554,2019,Alicante,7,Jueves,11,Zona interurbana,Vía urbana,Colisión frontolateral,Buen tiempo,Pleno día,2,0,0,2
2555,2019,Alicante,1,Sábado,12,Travesía,Otro,Colisión por alcance,Buen tiempo,Pleno día,1,0,0,1
2556,2019,Alicante,1,Miércoles,5,Travesía,Otro,Colisión por alcance,Buen tiempo,Noche con iluminación,1,0,0,1
2557,2019,Alicante,8,Viernes,8,Zona interurbana,Camino vecinal,Colisión por alcance,Buen tiempo,Pleno día,2,0,0,2
2558,2019,Alicante,3,Martes,19,Travesía,Otro,Colisión frontolateral,Buen tiempo,Pleno día,3,0,0,3
2559,2019,Alicante,9,Viernes,13,Zona interurbana,Vía urbana,Colisión frontolateral,Lluvia,Pleno día,1,0,0,1
2560,2019,Alicante,11,Miércoles,6,Zona interurbana,Travesía,Choque obstáculo lateral,Buen tiempo,Noche sin iluminación,2,0,1,1
2561,2019,Alicante,11,Sábado,11,Zona interurbana,Camino vecinal,Colisión por alcance,Buen tiempo,Pleno día,1,0,0,1
2562,2019,Alicante,6,Miércoles,10,Travesía,Otro,Colisión frontolateral,Buen tiempo,Pleno día,1,0,0,1
2563,2019,Alicante,12,Viernes,18,Zona interurbana,Vía urbana,Colisión por alcance,Buen tiempo,Noche ilum. insuficiente,1,0,0,1
2564,2019,Alicante,8,Viernes,11,Zona interurbana,Vía urbana,Caída de motociclista,Buen tiempo,Pleno día,1,0,0,1
2565,2019,Alicante,1,Sábado,19,Travesía,Otro urbano,Choque obstáculo lateral,Buen tiempo,Noche sin iluminación,1,0,0,1
2566,2019,Alicante,1,Viernes,13,Travesía,Otro,Colisión frontolateral,Buen tiempo,Pleno día,2,0,0,2
2567,2019,Alicante,2,Sábado,21,Zona interurbana,Vía urbana,Colisión por alcance,Buen tiempo,Noche ilum. insuficiente,1,0,0,1
2568,2019,Alicante,3,Lunes,8,Travesía,Otro,Colisión por alcance,Buen tiempo,Pleno día,1,0,0,1
2569,2019,Alicante,3,Martes,20,Travesía,Otro urbano,Colisión frontolateral,Buen tiempo,Noche sin iluminación,1,0,0,1
2570,2019,Alicante,2,Martes,18,Travesía,Otro,Choque obstáculo lateral,Buen tiempo,Noche sin iluminación,1,0,0,1
2571,2019,Alicante,4,Martes,16,Travesía,Otro urbano,Colisión por alcance,Buen tiempo,Pleno día,2,0,0,2
2572,2019,Alicante,4,Sábado,20,Travesía,Otro,Colisión frontolateral,Buen tiempo,Pleno día,1,0,0,1
2573,2019,Alicante,4,Miércoles,9,Zona interurbana,Vía convencional,Colisión por alcance,Buen tiempo,Pleno día,1,0,0,1
2574,2019,Alicante,5,Martes,10,Zona interurbana,Vía urbana,Colisión por alcance,Buen tiempo,Pleno día,2,0,0,2
2575,2019,Alicante,5,Viernes,15,Travesía,Otro,Colisión frontolateral,Buen tiempo,Pleno día,1,0,0,1
2576,2019,Alicante,6,Jueves,15,Zona interurbana,Vía urbana,Colisión frontal,Buen tiempo,Pleno día,2,0,0,2
2577,2019,Alicante,9,Miércoles,18,Travesía,Otro,Salida vía izquierda,Buen tiempo,Pleno día,1,0,0,1
2578,2019,Alicante,9,Viernes,22,Travesía,Otro,Choque obstáculo lateral,Buen tiempo,Noche sin iluminación,1,0,0,1
2579,2019,Alicante,10,Miércoles,3,Zona interurbana,Vía convencional,Caída de motociclista,Buen tiempo,Se desconoce,1,0,0,1
2580,2019,Alicante,10,Lunes,18,Zona interurbana,Vía urbana,Colisión por alcance,Buen tiempo,Amanecer/Anochecer,1,0,0,1
2581,2019,Alicante,10,Martes,18,Zona interurbana,Vía urbana,Colisión frontolateral,Buen tiempo,Se desconoce,1,0,0,1
2582,2019,Alicante,1,Martes,6,Zona interurbana,Vía urbana,Caída de motociclista,Buen tiempo,Se desconoce,1,0,0,1
2583,2019,Alicante,1,Miércoles,7,Zona interurbana,Calle,Choque con bordillo,Buen tiempo,Pleno día,1,0,0,1
2584,2019,Alicante,1,Martes,15,Zona interurbana,Vía urbana,Colisión por alcance,Buen tiempo,Pleno día,2,0,0,2
2585,2019,Alicante,2,Viernes,15,Zona interurbana,Vía convencional,Colisión por alcance,Buen tiempo,Pleno día,1,0,0,1
2586,2019,Alicante,2,Miércoles,13,Travesía,Otro,Colisión frontolateral,Buen tiempo,Pleno día,2,0,0,2
2587,2019,Alicante,2,Lunes,14,Zona interurbana,Vía urbana,Colisión por alcance,Buen tiempo,Pleno día,5,0,0,5
2588,2019,Alicante,3,Viernes,11,Zona interurbana,Vía urbana,Colisión lateral,Buen tiempo,Pleno día,1,0,0,1
2589,2019,Alicante,3,Sábado,17,Zona interurbana,Calle,Colisión frontolateral,Buen tiempo,Pleno día,1,0,0,1
2590,2019,Alicante,4,Sábado,16,Zona interurbana,Vía urbana,Caída de ocupante,Lluvia,Pleno día,1,0,0,1
2591,2019,Alicante,4,Domingo,10,Zona interurbana,Vía urbana,Colisión frontolateral,Lluvia,Pleno día,1,0,0,1
2592,2019,Alicante,4,Martes,1,Zona interurbana,Vía convencional,Colisión por alcance,Buen tiempo,Se desconoce,1,0,0,1
2593,2019,Alicante,6,Domingo,20,Zona interurbana,Vía urbana,Colisión por alcance,Buen tiempo,Pleno día,2,0,0,2
2594,2019,Alicante,1,Miércoles,17,Travesía,Otro urbano,Animal en calzada,Otro,Pleno día,1,0,0,1
2595,2019,Alicante,6,Martes,15,Zona interurbana,Vía urbana,Colisión por alcance,Buen tiempo,Pleno día,1,0,0,1
2596,2019,Alicante,6,Lunes,19,Zona interurbana,Vía urbana,Colisión por alcance,Buen tiempo,Pleno día,2,0,0,2
2597,2019,Alicante,6,Jueves,12,Zona interurbana,Vía urbana,Colisión por alcance,Buen tiempo,Pleno día,1,0,0,1
2598,2019,Alicante,6,Lunes,21,Zona interurbana,Autopista,Caída de motociclista,Buen tiempo,Se desconoce,1,0,0,1
2599,2019,Alicante,6,Miércoles,17,Zona interurbana,Vía urbana,Caída de motociclista,Buen tiempo,Pleno día,1,0,0,1
2600,2019,Alicante,6,Viernes,17,Zona interurbana,Calle,Colisión lateral,Buen tiempo,Pleno día,1,0,0,1
2601,2019,Alicante,7,Miércoles,11,Zona interurbana,Calle,Colisión por alcance,Buen tiempo,Pleno día,2,0,0,2
2602,2019,Alicante,7,Lunes,21,Zona interurbana,Vía convencional,Colisión por alcance,Buen tiempo,Amanecer/Anochecer,3,0,0,3
2603,2019,Alicante,7,Jueves,13,Zona interurbana,Vía convencional,Colisión lateral,Buen tiempo,Pleno día,2,0,0,2
2604,2019,Alicante,7,Martes,19,Zona interurbana,Vía urbana,Colisión por alcance,Buen tiempo,Pleno día,2,0,0,2
2605,2019,Alicante,7,Sábado,11,Zona interurbana,Vía convencional,Colisión por alcance,Buen tiempo,Pleno día,1,0,0,1
2606,2019,Alicante,8,Lunes,7,Zona interurbana,Vía urbana,Otro tipo,Buen tiempo,Pleno día,1,0,0,1
2607,2019,Alicante,8,Lunes,15,Zona interurbana,Calle,Otro tipo,Buen tiempo,Pleno día,1,0,0,1
2608,2019,Alicante,8,Domingo,20,Zona interurbana,Calle,Colisión frontolateral,Buen tiempo,Se desconoce,1,0,0,1
2609,2019,Alicante,9,Lunes,0,Zona interurbana,Vía convencional,Colisión lateral,Buen tiempo,Se desconoce,1,0,0,1
2610,2019,Alicante,9,Viernes,19,Zona interurbana,Calle,Animal en calzada,Buen tiempo,Amanecer/Anochecer,1,0,0,1
2611,2019,Alicante,10,Jueves,18,Zona interurbana,Vía urbana,Colisión frontolateral,Buen tiempo,Pleno día,1,0,0,1
2612,2019,Alicante,10,Lunes,11,Zona interurbana,Vía urbana,Objeto desprendido,Buen tiempo,Pleno día,2,0,0,2
2613,2019,Alicante,11,Domingo,5,Zona urbana,Vía urbana,Se desconoce,Buen tiempo,Noche sin iluminación,1,0,0,1
2614,2019,Alicante,11,Martes,13,Zona interurbana,Vía urbana,Colisión frontolateral,Buen tiempo,Pleno día,1,0,0,1
2615,2019,Alicante,12,Jueves,18,Zona interurbana,Vía convencional,Colisión múltiple,Buen tiempo,Amanecer/Anochecer,7,0,0,7
2616,2019,Alicante,12,Sábado,16,Zona interurbana,Vía urbana,Colisión frontolateral,Buen tiempo,Pleno día,3,0,0,3
2617,2019,Alicante,12,Jueves,17,Zona interurbana,Vía convencional,Colisión por alcance,Buen tiempo,Amanecer/Anochecer,4,0,0,4
2618,2019,Alicante,12,Jueves,7,Zona interurbana,Autovía,Caída de ocupante,Buen tiempo,Amanecer/Anochecer,1,0,0,1
2619,2019,Alicante,12,Sábado,17,Zona interurbana,Vía urbana,Caída de motociclista,Buen tiempo,Pleno día,1,0,1,0
2620,2019,Alicante,12,Viernes,17,Zona interurbana,Vía urbana,Colisión por alcance,Granizo,Pleno día,4,0,0,4
2621,2019,Alicante,1,Jueves,21,Zona interurbana,Vía urbana,Caída de motociclista,Buen tiempo,Se desconoce,1,0,0,1
2622,2019,Alicante,1,Sábado,15,Travesía,Otro,Choque obstáculo lateral,Buen tiempo,Pleno día,1,0,0,1
2623,2019,Alicante,1,Domingo,15,Travesía,Otro urbano,Colisión frontolateral,Buen tiempo,Pleno día,2,0,0,2
2624,2019,Alicante,1,Martes,9,Travesía,Otro,Choque obstáculo lateral,Buen tiempo,Pleno día,1,0,0,1
2625,2019,Alicante,1,Domingo,13,Travesía,Otro,Colisión frontal,Granizo,Pleno día,3,0,0,3
2626,2019,Alicante,1,Jueves,19,Travesía,Otro,Animal en calzada,Buen tiempo,Noche sin iluminación,1,0,1,0
2627,2019,Alicante,1,Lunes,20,Travesía,Otro,Colisión frontolateral,Buen tiempo,Noche sin iluminación,1,0,0,1
2628,2019,Alicante,1,Miércoles,8,Travesía,Otro,Colisión frontolateral,Buen tiempo,Pleno día,1,0,0,1
2629,2019,Alicante,3,Domingo,18,Zona interurbana,Vía urbana,Colisión frontolateral,Buen tiempo,Pleno día,2,0,0,2
2630,2019,Alicante,3,Jueves,10,Travesía,Otro,Colisión frontolateral,Buen tiempo,Pleno día,1,0,1,0
2631,2019,Alicante,3,Viernes,8,Travesía,Otro,Colisión frontolateral,Buen tiempo,Pleno día,1,0,0,1
2632,2019,Alicante,3,Miércoles,0,Travesía,Otro,Colisión frontolateral,Buen tiempo,Noche sin iluminación,1,0,0,1
2633,2019,Alicante,3,Martes,11,Zona interurbana,Vía urbana,Colisión frontolateral,Buen tiempo,Pleno día,1,0,0,1
2634,2019,Alicante,4,Martes,9,Travesía,Otro,Colisión por alcance,Buen tiempo,Pleno día,1,0,0,1
2635,2019,Alicante,4,Miércoles,10,Travesía,Otro,Colisión frontolateral,Buen tiempo,Pleno día,1,0,0,1
2636,2019,Alicante,4,Jueves,10,Travesía,Travesía,Choque obstáculo lateral,Buen tiempo,Pleno día,1,0,0,1
2637,2019,Alicante,4,Miércoles,11,Zona interurbana,Vía urbana,Colisión frontal,Buen tiempo,Pleno día,2,0,0,2
2638,2019,Alicante,4,Miércoles,16,Zona interurbana,Vía urbana,Colisión por alcance,Buen tiempo,Pleno día,1,0,0,1
2639,2019,Alicante,2,Lunes,14,Travesía,Otro,Colisión por alcance,Buen tiempo,Pleno día,1,0,0,1
2640,2019,Alicante,3,Miércoles,8,Travesía,Otro,Colisión frontolateral,Buen tiempo,Pleno día,1,0,1,0
2641,2019,Alicante,4,Martes,7,Travesía,Otro,Choque obstáculo lateral,Buen tiempo,Amanecer/Anochecer,1,0,1,0
2642,2019,Alicante,5,Lunes,13,Zona interurbana,Vía urbana,Caída de motociclista,Lluvia,Pleno día,1,0,0,1
2643,2019,Alicante,6,Martes,7,Zona interurbana,Vía urbana,Colisión por alcance,Buen tiempo,Pleno día,1,0,0,1