ID_ACCIDENTE,AÑO,PROVINCIA,MES,DIA_SEMANA,HORA,ZONA,TIPO_VIA,TIPO_ACCIDENTE,CONDICION_METEO,CONDICION_ILUMINACION,TOTAL_VICTIMAS,FALLECIDOS_24H,HERIDOS_GRAVES,HERIDOS_LEVES
2644,2019,Alicante,7,Domingo,18,Zona interurbana,Vía urbana,Colisión frontolateral,Buen tiempo,Pleno día,1,0,0,1
2645,2019,Alicante,7,Lunes,12,Zona interurbana,Vía urbana,Caída de motociclista,Buen tiempo,Pleno día,1,0,0,1
2646,2019,Alicante,7,Jueves,9,Zona interurbana,Vía urbana,Colisión múltiple,Buen tiempo,Pleno día,2,0,0,2
2647,2019,Alicante,5,Viernes,14,Travesía,Otro,Colisión frontolateral,Buen tiempo,Pleno día,1,0,0,1
2648,2019,Alicante,8,Lunes,12,Zona interurbana,Vía urbana,Colisión múltiple,Buen tiempo,Pleno día,8,0,3,5
2649,2019,Alicante,8,Domingo,17,Travesía,Otro,Colisión frontal,Buen tiempo,Pleno día,2,0,1,1
2650,2019,Alicante,10,Martes,4,Zona interurbana,Vía urbana,Caída de ocupante,Buen tiempo,Se desconoce,3,1,2,0
2651,2019,Alicante,11,Martes,9,Zona interurbana,Vía urbana,Colisión por alcance,Buen tiempo,Pleno día,3,0,0,3
2652,2019,Alicante,12,Lunes,10,Zona interurbana,Vía urbana,Caída de motociclista,Buen tiempo,Pleno día,1,0,0,1
2653,2019,Alicante,12,Jueves,8,Zona interurbana,Vía urbana,Choque obstáculo calzada,Buen tiempo,Pleno día,1,0,0,1
2654,2019,Alicante,12,Martes,15,Zona interurbana,Vía urbana,Se desconoce,Buen tiempo,Pleno día,1,0,0,1
2655,2019,Alicante,1,Sábado,17,Zona interurbana,Calle,Atropello a ciclista,Buen tiempo,Amanecer/Anochecer,1,0,0,1
2656,2019,Alicante,1,Domingo,19,Travesía,Otro,Colisión múltiple,Buen tiempo,Noche con iluminación,1,0,0,1
2657,2019,Alicante,1,Domingo,19,Travesía,Otro,Colisión múltiple,Buen tiempo,Noche sin iluminación,7,0,0,7
2658,2019,Alicante,3,Domingo,5,Zona interurbana,Vía urbana,Caída de ocupante,Granizo,Noche sin iluminación,1,0,0,1
2659,2019,Alicante,7,Viernes,22,Zona interurbana,Vía urbana,Animal en calzada,Buen tiempo,Noche sin iluminación,1,0,0,1
2660,2019,Alicante,11,Martes,17,Zona interurbana,Autovía,Colisión por alcance,Buen tiempo,Pleno día,1,0,0,1
2661,2019,Alicante,12,Martes,14,Zona interurbana,Camino vecinal,Colisión por alcance,Buen tiempo,Pleno día,1,0,0,1
2662,2019,Alicante,1,Martes,18,Travesía,Otro urbano,Colisión por alcance,Buen tiempo,Se desconoce,2,0,0,2
2663,2019,Alicante,1,Jueves,18,Travesía,Otro,Choque obstáculo lateral,Buen tiempo,Noche sin iluminación,1,0,0,1
2664,2019,Alicante,1,Jueves,17,Travesía,Otro,Animal en calzada,Buen tiempo,Pleno día,1,0,0,1
2665,2019,Alicante,1,Martes,19,Zona interurbana,Camino vecinal,Colisión múltiple,Buen tiempo,Se desconoce,3,0,0,3
2666,2019,Alicante,1,Viernes,7,Travesía,Otro,Animal en calzada,Buen tiempo,Se desconoce,1,0,0,1
2667,2019,Alicante,1,Jueves,7,Zona interurbana,Vía urbana,Colisión frontolateral,Buen tiempo,Noche ilum. insuficiente,5,0,0,5
2668,2019,Alicante,1,Lunes,15,Travesía,Otro,Colisión frontolateral,Buen tiempo,Pleno día,2,0,0,2
2669,2019,Alicante,1,Viernes,20,Zona interurbana,Vía urbana,Salida vía izquierda,Buen tiempo,Se desconoce,1,0,0,1
2670,2019,Alicante,1,Sábado,12,Travesía,Otro,Colisión frontolateral,Buen tiempo,Pleno día,1,0,0,1
2671,2019,Alicante,1,Jueves,16,Zona interurbana,Camino vecinal,Colisión frontolateral,Buen tiempo,Pleno día,1,0,0,1
2672,2019,Alicante,1,Lunes,7,Zona interurbana,Vía convencional,Colisión por alcance,Buen tiempo,Pleno día,1,0,0,1
2673,2019,Alicante,1,Jueves,13,Travesía,Otro,Colisión frontolateral,Buen tiempo,Pleno día,1,0,0,1
2674,2019,Alicante,1,Sábado,22,Travesía,Otro,Colisión frontolateral,Buen tiempo,Noche sin iluminación,2,0,0,2
2675,2019,Alicante,1,Sábado,22,Travesía,Otro,Choque obstáculo lateral,Buen tiempo,Noche sin iluminación,1,0,0,1
2676,2019,Alicante,1,Martes,7,Zona interurbana,Camino vecinal,Colisión por alcance,Buen tiempo,Amanecer/Anochecer,1,0,0,1
2677,2019,Alicante,1,Sábado,11,Travesía,Otro urbano,Colisión frontolateral,Buen tiempo,Pleno día,1,1,0,0
2678,2019,Alicante,1,Lunes,7,Zona interurbana,Vía convencional,Colisión por alcance,Buen tiempo,Pleno día,3,0,0,3
2679,2019,Alicante,1,Lunes,17,Zona interurbana,Vía urbana,Colisión por alcance,Buen tiempo,Pleno día,1,0,1,0
2680,2019,Alicante,1,Viernes,21,Travesía,Otro,Colisión frontolateral,Buen tiempo,Noche sin iluminación,1,0,0,1
2681,2019,Alicante,1,Lunes,13,Travesía,Otro,Colisión frontolateral,Buen tiempo,Pleno día,1,0,0,1
2682,2019,Alicante,1,Lunes,9,Zona interurbana,Vía convencional,Colisión por alcance,Buen tiempo,Pleno día,1,0,0,1
2683,2019,Alicante,1,Viernes,8,Travesía,Otro urbano,Choque obstáculo lateral,Buen tiempo,Pleno día,1,0,0,1
2684,2019,Alicante,1,Jueves,13,Zona interurbana,Vía convencional,Choque obstáculo calzada,Buen tiempo,Pleno día,1,0,0,1
2685,2019,Alicante,1,Martes,6,Travesía,Otro,Colisión lateral,Buen tiempo,Noche sin iluminación,1,0,0,1
2686,2019,Alicante,1,Viernes,12,Travesía,Otro,Animal en calzada,Buen tiempo,Pleno día,1,0,0,1
2687,2019,Alicante,1,Viernes,18,Travesía,Otro,Colisión por alcance,Buen tiempo,Noche sin iluminación,1,0,0,1
2688,2019,Alicante,1,Viernes,17,Travesía,Otro,Choque obstáculo lateral,Buen tiempo,Pleno día,1,0,0,1
2689,2019,Alicante,1,Viernes,15,Travesía,Otro,Se desconoce,Buen tiempo,Pleno día,1,0,0,1
2690,2019,Alicante,1,Domingo,19,Travesía,Otro,Colisión por alcance,Buen tiempo,Noche sin iluminación,1,0,0,1
2691,2019,Alicante,1,Jueves,8,Travesía,Otro,Choque obstáculo lateral,Buen tiempo,Pleno día,1,0,0,1
2692,2019,Alicante,1,Jueves,13,Travesía,Otro,Colisión lateral,Buen tiempo,Pleno día,1,0,0,1
2693,2019,Alicante,1,Jueves,9,Travesía,Otro,Colisión por alcance,Lluvia,Pleno día,2,0,0,2
2694,2019,Alicante,1,Sábado,20,Travesía,Otro,Choque obstáculo lateral,Buen tiempo,Noche sin iluminación,1,0,0,1
2695,2019,Alicante,1,Lunes,7,Travesía,Otro,Colisión frontolateral,Buen tiempo,Noche sin iluminación,1,0,1,0
2696,2019,Alicante,1,Miércoles,13,Travesía,Otro,Animal en calzada,Buen tiempo,Pleno día,1,0,0,1
2697,2019,Alicante,1,Domingo,19,Zona interurbana,Vía convencional,Choque obstáculo lateral,Buen tiempo,Se desconoce,3,1,0,2
2698,2019,Alicante,1,Jueves,9,Zona interurbana,Camino vecinal,Colisión por alcance,Lluvia,Pleno día,3,0,0,3
2699,2019,Alicante,1,Miércoles,15,Zona interurbana,Vía convencional,Colisión frontolateral,Buen tiempo,Pleno día,1,0,0,1
2700,2019,Alicante,1,Martes,8,Travesía,Otro,Colisión lateral,Buen tiempo,Pleno día,1,0,0,1
2701,2019,Alicante,1,Jueves,19,Travesía,Otro,Colisión por alcance,Buen tiempo,Noche sin iluminación,1,0,0,1
2702,2019,Alicante,1,Lunes,19,Travesía,Otro,Choque obstáculo lateral,Buen tiempo,Noche sin iluminación,2,0,0,2
2703,2019,Alicante,1,Miércoles,17,Zona interurbana,Camino vecinal,Caída de motociclista,Buen tiempo,Pleno día,1,0,0,1
2704,2019,Alicante,1,Jueves,19,Travesía,Otro,Colisión frontolateral,Buen tiempo,Se desconoce,1,0,0,1
2705,2019,Alicante,1,Viernes,12,Travesía,Otro urbano,Colisión frontolateral,Buen tiempo,Pleno día,1,0,0,1
2706,2019,Alicante,1,Jueves,16,Travesía,Otro,Colisión múltiple,Buen tiempo,Pleno día,1,0,0,1
2707,2019,Alicante,1,Miércoles,16,Travesía,Otro,Colisión frontolateral,Buen tiempo,Pleno día,2,0,0,2
2708,2019,Alicante,1,Martes,14,Travesía,Otro,Salida vía izquierda,Buen tiempo,Pleno día,1,0,0,1
2709,2019,Alicante,1,Sábado,12,Travesía,Otro,Choque obstáculo lateral,Buen tiempo,Pleno día,1,0,0,1
2710,2019,Alicante,1,Miércoles,17,Travesía,Otro,Animal en calzada,Buen tiempo,Pleno día,2,0,0,2
2711,2019,Alicante,2,Lunes,8,Zona interurbana,Vía convencional,Colisión múltiple,Buen tiempo,Pleno día,1,0,0,1
2712,2019,Alicante,2,Sábado,6,Zona interurbana,Vía convencional,Caída de motociclista,Buen tiempo,Se desconoce,1,0,0,1
2713,2019,Alicante,1,Martes,8,Travesía,Otro,Choque obstáculo lateral,Buen tiempo,Pleno día,1,0,0,1
2714,2019,Alicante,2,Lunes,18,Zona interurbana,Vía urbana,Se desconoce,Buen tiempo,Se desconoce,1,0,0,1
2715,2019,Alicante,2,Lunes,7,Zona interurbana,Vía urbana,Colisión por alcance,Buen tiempo,Se desconoce,2,0,0,2
2716,2019,Alicante,1,Lunes,19,Travesía,Otro,Choque obstáculo lateral,Otro,Pleno día,1,0,0,1
2717,2019,Alicante,2,Lunes,13,Zona interurbana,Vía urbana,Otro tipo,Buen tiempo,Pleno día,1,0,0,1
2718,2019,Alicante,2,Lunes,8,Zona interurbana,Camino vecinal,Colisión lateral,Buen tiempo,Amanecer/Anochecer,1,0,0,1
2719,2019,Alicante,2,Miércoles,22,Travesía,Otro,Colisión frontolateral,Buen tiempo,Noche sin iluminación,1,0,1,0
2720,2019,Alicante,2,Miércoles,14,Travesía,Otro,Objeto desprendido,Buen tiempo,Pleno día,2,0,0,2
2721,2019,Alicante,2,Martes,15,Zona interurbana,Vía urbana,Colisión frontolateral,Buen tiempo,Pleno día,1,0,0,1
2722,2019,Alicante,2,Miércoles,19,Zona interurbana,Camino vecinal,Colisión por alcance,Buen tiempo,Se desconoce,2,0,0,2
2723,2019,Alicante,2,Jueves,6,Travesía,Otro,Colisión por alcance,Buen tiempo,Noche sin iluminación,1,0,0,1
2724,2019,Alicante,2,Sábado,17,Zona interurbana,Camino vecinal,Colisión frontolateral,Buen tiempo,Pleno día,1,0,0,1
2725,2019,Alicante,2,Domingo,9,Zona interurbana,Camino vecinal,Colisión lateral,Buen tiempo,Pleno día,1,0,1,0
2726,2019,Alicante,1,Martes,14,Travesía,Otro,Animal en calzada,Buen tiempo,Pleno día,1,0,0,1
2727,2019,Alicante,2,Lunes,13,Zona interurbana,Camino vecinal,Colisión por alcance,Buen tiempo,Pleno día,3,0,0,3
2728,2019,Alicante,1,Miércoles,10,Travesía,Otro,Colisión lateral,Buen tiempo,Pleno día,2,0,1,1
2729,2019,Alicante,2,Viernes,12,Travesía,Otro,Colisión por alcance,Granizo,Pleno día,1,0,0,1
2730,2019,Alicante,2,Martes,18,Zona interurbana,Vía urbana,Colisión lateral,Buen tiempo,Amanecer/Anochecer,1,0,0,1
2731,2019,Alicante,2,Martes,17,Travesía,Otro,Colisión frontolateral,Buen tiempo,Amanecer/Anochecer,1,0,0,1
2732,2019,Alicante,2,Miércoles,14,Zona interurbana,Camino vecinal,Colisión múltiple,Buen tiempo,Pleno día,4,0,0,4
2733,2019,Alicante,2,Miércoles,21,Travesía,Otro,Colisión frontolateral,Buen tiempo,Noche sin iluminación,2,0,0,2
2734,2019,Alicante,2,Domingo,10,Travesía,Otro,Colisión por alcance,Buen tiempo,Pleno día,1,0,0,1
2735,2019,Alicante,2,Viernes,13,Travesía,Otro,Colisión frontolateral,Buen tiempo,Pleno día,1,0,0,1
2736,2019,Alicante,2,Domingo,10,Zona interurbana,Camino vecinal,Caída de motociclista,Buen tiempo,Pleno día,1,0,0,1
2737,2019,Alicante,2,Miércoles,18,Travesía,Otro,Colisión frontolateral,Buen tiempo,Noche sin iluminación,1,0,0,1
2738,2019,Alicante,2,Miércoles,17,Travesía,Otro,Choque obstáculo lateral,Buen tiempo,Pleno día,2,0,0,2
2739,2019,Alicante,2,Sábado,19,Travesía,Otro,Animal en calzada,Buen tiempo,Noche sin iluminación,1,0,0,1
2740,2019,Alicante,2,Lunes,12,Zona interurbana,Vía urbana,Colisión frontal,Buen tiempo,Pleno día,3,0,0,3
2741,2019,Alicante,2,Jueves,18,Travesía,Otro,Objeto desprendido,Buen tiempo,Pleno día,1,0,0,1
2742,2019,Alicante,2,Martes,19,Travesía,Otro,Colisión por alcance,Buen tiempo,Noche sin iluminación,2,0,0,2
2743,2019,Alicante,2,Viernes,14,Travesía,Otro,Colisión por alcance,Buen tiempo,Pleno día,1,0,0,1
2744,2019,Alicante,2,Viernes,17,Zona interurbana,Camino vecinal,Colisión por alcance,Buen tiempo,Pleno día,1,0,0,1
2745,2019,Alicante,2,Domingo,19,Travesía,Otro,Colisión frontolateral,Buen tiempo,Noche sin iluminación,1,0,0,1
2746,2019,Alicante,2,Lunes,13,Travesía,Otro,Choque obstáculo lateral,Buen tiempo,Pleno día,1,0,0,1
2747,2019,Alicante,2,Miércoles,12,Travesía,Otro,Colisión frontolateral,Buen tiempo,Pleno día,2,0,0,2
2748,2019,Alicante,2,Miércoles,16,Travesía,Otro,Colisión frontolateral,Buen tiempo,Pleno día,1,0,0,1
2749,2019,Alicante,2,Sábado,10,Travesía,Otro,Colisión lateral,Buen tiempo,Pleno día,1,0,0,1
2750,2019,Alicante,2,Martes,18,Zona interurbana,Camino vecinal,Colisión frontolateral,Buen tiempo,Amanecer/Anochecer,1,0,0,1
2751,2019,Alicante,2,Jueves,7,Travesía,Otro,Colisión por alcance,Buen tiempo,Pleno día,1,0,0,1
2752,2019,Alicante,2,Jueves,18,Travesía,Otro,Choque obstáculo lateral,Buen tiempo,Amanecer/Anochecer,2,1,0,1
2753,2019,Alicante,3,Viernes,16,Travesía,Otro,Choque obstáculo lateral,Buen tiempo,Pleno día,1,0,0,1
2754,2019,Alicante,2,Viernes,20,Travesía,Otro,Choque obstáculo lateral,Buen tiempo,Noche sin iluminación,1,0,0,1
2755,2019,Alicante,2,Lunes,14,Travesía,Otro,Animal en calzada,Buen tiempo,Pleno día,1,0,0,1
2756,2019,Alicante,2,Miércoles,17,Travesía,Otro,Animal en calzada,Buen tiempo,Pleno día,1,0,0,1
2757,2019,Alicante,3,Viernes,13,Travesía,Otro,Choque obstáculo lateral,Buen tiempo,Pleno día,1,0,0,1
2758,2019,Alicante,3,Viernes,11,Travesía,Otro,Colisión por alcance,Buen tiempo,Pleno día,1,0,0,1
2759,2019,Alicante,2,Jueves,14,Travesía,Otro,Colisión frontolateral,Buen tiempo,Pleno día,1,0,0,1
2760,2019,Alicante,2,Jueves,9,Travesía,Otro,Colisión frontolateral,Buen tiempo,Pleno día,2,0,0,2
2761,2019,Alicante,2,Miércoles,9,Zona interurbana,Vía urbana,Colisión por alcance,Buen tiempo,Pleno día,1,0,0,1
2762,2019,Alicante,2,Miércoles,8,Travesía,Otro,Colisión frontolateral,Buen tiempo,Pleno día,1,0,0,1
2763,2019,Alicante,2,Martes,22,Zona interurbana,Vía urbana,Colisión lateral,Buen tiempo,Se desconoce,1,0,0,1
2764,2019,Alicante,2,Miércoles,11,Travesía,Otro,Colisión por alcance,Buen tiempo,Pleno día,1,0,0,1
2765,2019,Alicante,2,Martes,18,Travesía,Otro,Colisión frontolateral,Buen tiempo,Noche sin iluminación,1,0,0,1
2766,2019,Alicante,2,Viernes,8,Travesía,Otro,Colisión por alcance,Buen tiempo,Pleno día,2,0,0,2
2767,2019,Alicante,2,Martes,13,Travesía,Otro,Colisión frontolateral,Buen tiempo,Pleno día,1,0,0,1
2768,2019,Alicante,2,Martes,10,Travesía,Otro,Choque obstáculo lateral,Buen tiempo,Pleno día,1,0,0,1
2769,2019,Alicante,2,Lunes,8,Travesía,Otro,Caída de ocupante,Buen tiempo,Pleno día,1,0,1,0
2770,2019,Alicante,3,Sábado,9,Travesía,Otro,Colisión por alcance,Buen tiempo,Pleno día,1,0,0,1
2771,2019,Alicante,3,Jueves,13,Travesía,Otro,Colisión frontolateral,Buen tiempo,Pleno día,1,0,0,1
2772,2019,Alicante,3,Domingo,7,Travesía,Otro,Colisión por alcance,Buen tiempo,Amanecer/Anochecer,1,0,0,1
2773,2019,Alicante,1,Lunes,10,Travesía,Otro,Choque obstáculo lateral,Buen tiempo,Pleno día,1,0,0,1
2774,2019,Alicante,2,Martes,13,Travesía,Otro,Choque obstáculo lateral,Buen tiempo,Pleno día,2,0,0,2
2775,2019,Alicante,3,Viernes,8,Zona interurbana,Vía urbana,Colisión lateral,Buen tiempo,Pleno día,3,0,0,3
2776,2019,Alicante,3,Miércoles,14,Travesía,Otro,Animal en calzada,Buen tiempo,Pleno día,1,0,1,0
2777,2019,Alicante,2,Jueves,11,Travesía,Otro,Colisión frontolateral,Buen tiempo,Pleno día,2,0,0,2
2778,2019,Alicante,3,Lunes,12,Travesía,Otro,Salida vía izquierda,Buen tiempo,Pleno día,1,0,0,1
2779,2019,Alicante,3,Lunes,17,Zona interurbana,Vía urbana,Colisión lateral,Buen tiempo,Pleno día,1,0,0,1
2780,2019,Alicante,3,Jueves,18,Travesía,Otro,Colisión por alcance,Buen tiempo,Pleno día,1,0,0,1
2781,2019,Alicante,3,Viernes,12,Travesía,Otro,Animal en calzada,Buen tiempo,Pleno día,1,0,0,1
2782,2019,Alicante,3,Jueves,20,Travesía,Otro,Colisión frontolateral,Buen tiempo,Noche sin iluminación,1,0,0,1
2783,2019,Alicante,3,Miércoles,18,Travesía,Otro,Choque obstáculo lateral,Buen tiempo,Pleno día,1,0,0,1
2784,2019,Alicante,3,Martes,8,Travesía,Otro,Colisión frontolateral,Buen tiempo,Pleno día,1,0,0,1
2785,2019,Alicante,3,Sábado,11,Travesía,Otro,Colisión lateral,Buen tiempo,Pleno día,1,0,0,1
2786,2019,Alicante,2,Jueves,6,Zona interurbana,Vía urbana,Salida vía izquierda,Buen tiempo,Noche ilum. insuficiente,1,0,0,1
2787,2019,Alicante,2,Sábado,12,Travesía,Otro,Colisión frontolateral,Buen tiempo,Pleno día,1,0,0,1
2788,2019,Alicante,3,Jueves,0,Travesía,Otro,Colisión frontolateral,Buen tiempo,Noche sin iluminación,1,0,0,1
2789,2019,Alicante,3,Domingo,12,Travesía,Otro,Animal en calzada,Buen tiempo,Pleno día,1,0,0,1
2790,2019,Alicante,3,Miércoles,11,Travesía,Otro,Colisión frontolateral,Buen tiempo,Pleno día,1,0,0,1
2791,2019,Alicante,3,Viernes,9,Travesía,Otro,Colisión frontolateral,Buen tiempo,Pleno día,1,0,0,1
2792,2019,Alicante,3,Lunes,13,Travesía,Otro,Colisión frontolateral,Buen tiempo,Pleno día,1,0,0,1
2793,2019,Alicante,3,Jueves,12,Zona interurbana,Camino vecinal,Colisión por alcance,Buen tiempo,Pleno día,1,0,0,1
2794,2019,Alicante,3,Sábado,0,Travesía,Otro,Colisión frontolateral,Buen tiempo,Noche sin iluminación,1,0,0,1
2795,2019,Alicante,3,Viernes,7,Zona interurbana,Vía convencional,Atropello a ciclista,Buen tiempo,Pleno día,1,0,0,1
2796,2019,Alicante,3,Sábado,22,Travesía,Otro,Animal en calzada,Buen tiempo,Noche sin iluminación,1,0,0,1
2797,2019,Alicante,3,Lunes,20,Zona interurbana,Camino vecinal,Colisión frontolateral,Lluvia,Noche sin iluminación,1,0,0,1
2798,2019,Alicante,2,Miércoles,14,Travesía,Otro,Choque obstáculo lateral,Buen tiempo,Pleno día,1,0,1,0
2799,2019,Alicante,3,Miércoles,7,Travesía,Otro,Colisión múltiple,Buen tiempo,Amanecer/Anochecer,3,0,0,3
2800,2019,Alicante,3,Martes,21,Zona interurbana,Camino vecinal,Choque obstáculo lateral,Buen tiempo,Noche sin iluminación,1,0,0,1
2801,2019,Alicante,3,Miércoles,14,Travesía,Otro,Colisión por alcance,Buen tiempo,Pleno día,3,0,0,3
2802,2019,Alicante,3,Viernes,10,Travesía,Otro,Choque obstáculo calzada,Buen tiempo,Pleno día,1,0,0,1
2803,2019,Alicante,3,Viernes,11,Travesía,Otro,Choque obstáculo lateral,Buen tiempo,Pleno día,1,0,1,0
2804,2019,Alicante,3,Miércoles,21,Zona interurbana,Camino vecinal,Colisión lateral,Buen tiempo,Noche sin iluminación,2,0,0,2
2805,2019,Alicante,3,Martes,8,Travesía,Otro,Choque obstáculo lateral,Buen tiempo,Pleno día,1,0,0,1
2806,2019,Alicante,2,Lunes,20,Travesía,Otro,Choque obstáculo lateral,Buen tiempo,Noche sin iluminación,1,0,0,1
2807,2019,Alicante,3,Martes,14,Zona interurbana,Vía urbana,Colisión frontolateral,Buen tiempo,Pleno día,1,0,0,1
2808,2019,Alicante,3,Viernes,13,Travesía,Otro,Colisión frontolateral,Buen tiempo,Pleno día,2,0,0,2
2809,2019,Alicante,3,Miércoles,13,Travesía,Otro,Colisión múltiple,Buen tiempo,Pleno día,1,0,0,1
2810,2019,Alicante,3,Miércoles,9,Zona interurbana,Vía urbana,Colisión frontolateral,Buen tiempo,Pleno día,1,0,0,1
2811,2019,Alicante,3,Jueves,16,Zona interurbana,Vía urbana,Se desconoce,Buen tiempo,Pleno día,1,0,0,1
2812,2019,Alicante,3,Domingo,13,Travesía,Otro,Choque obstáculo lateral,Buen tiempo,Pleno día,1,0,0,1
2813,2019,Alicante,3,Jueves,11,Travesía,Otro,Colisión por alcance,Buen tiempo,Pleno día,4,0,0,4
2814,2019,Alicante,3,Jueves,17,Zona interurbana,Vía urbana,Colisión frontolateral,Buen tiempo,Pleno día,1,0,0,1
2815,2019,Alicante,3,Domingo,21,Travesía,Otro,Animal en calzada,Granizo,Noche sin iluminación,1,0,0,1
2816,2019,Alicante,3,Martes,14,Zona interurbana,Camino vecinal,Colisión por alcance,Buen tiempo,Pleno día,1,0,0,1
2817,2019,Alicante,3,Lunes,9,Travesía,Otro,Salida vía izquierda,Granizo,Pleno día,1,0,0,1
2818,2019,Alicante,2,Sábado,3,Travesía,Otro,Colisión frontolateral,Buen tiempo,Noche sin iluminación,1,0,0,1
2819,2019,Alicante,3,Sábado,2,Travesía,Otro,Choque obstáculo lateral,Buen tiempo,Noche sin iluminación,1,0,0,1
2820,2019,Alicante,3,Viernes,22,Travesía,Otro,Colisión por alcance,Buen tiempo,Noche sin iluminación,1,0,0,1
2821,2019,Alicante,3,Martes,11,Travesía,Otro,Colisión por alcance,Buen tiempo,Pleno día,2,0,0,2
2822,2019,Alicante,3,Martes,13,Travesía,Otro,Colisión lateral,Buen tiempo,Pleno día,1,0,0,1
2823,2019,Alicante,3,Domingo,20,Zona interurbana,Calle,Colisión frontolateral,Granizo,Amanecer/Anochecer,2,0,2,0
2824,2019,Alicante,4,Martes,22,Travesía,Otro,Colisión por alcance,Lluvia,Noche sin iluminación,1,0,0,1
2825,2019,Alicante,3,Viernes,9,Travesía,Otro,Salida vía izquierda,Buen tiempo,Pleno día,1,0,0,1
2826,2019,Alicante,4,Miércoles,8,Zona interurbana,Camino vecinal,Colisión por alcance,Buen tiempo,Pleno día,1,0,0,1
2827,2019,Alicante,4,Jueves,8,Zona interurbana,Vía urbana,Colisión frontolateral,Buen tiempo,Pleno día,1,0,0,1
2828,2019,Alicante,4,Jueves,9,Zona interurbana,Vía urbana,Animal en calzada,Buen tiempo,Pleno día,1,0,0,1
2829,2019,Alicante,4,Jueves,16,Travesía,Otro,Colisión frontolateral,Buen tiempo,Pleno día,1,0,0,1
2830,2019,Alicante,4,Viernes,14,Travesía,Otro,Colisión frontolateral,Buen tiempo,Pleno día,1,0,0,1
2831,2019,Alicante,4,Jueves,18,Travesía,Otro,Choque obstáculo lateral,Buen tiempo,Pleno día,1,0,0,1
2832,2019,Alicante,3,Miércoles,14,Travesía,Otro,Colisión frontolateral,Buen tiempo,Pleno día,1,0,0,1
2833,2019,Alicante,4,Sábado,15,Travesía,Otro,Salida vía izquierda,Granizo,Pleno día,1,0,0,1
2834,2019,Alicante,4,Miércoles,21,Zona interurbana,Vía convencional,Se desconoce,Buen tiempo,Noche ilum. insuficiente,2,0,0,2
2835,2019,Alicante,4,Lunes,20,Travesía,Otro,Colisión por alcance,Buen tiempo,Noche sin iluminación,2,0,0,2
2836,2019,Alicante,4,Viernes,12,Travesía,Otro,Colisión frontolateral,Buen tiempo,Pleno día,1,0,0,1
2837,2019,Alicante,3,Lunes,21,Zona interurbana,Vía urbana,Colisión por alcance,Buen tiempo,Noche sin iluminación,2,0,0,2
2838,2019,Alicante,4,Lunes,9,Travesía,Otro,Colisión frontolateral,Lluvia,Pleno día,3,0,0,3
2839,2019,Alicante,4,Viernes,9,Travesía,Otro,Animal en calzada,Buen tiempo,Pleno día,1,0,0,1
2840,2019,Alicante,4,Miércoles,7,Travesía,Otro,Colisión lateral,Lluvia,Noche con iluminación,1,0,0,1
2841,2019,Alicante,4,Lunes,17,Zona interurbana,Vía urbana,Colisión por alcance,Lluvia,Pleno día,3,0,0,3
2842,2019,Alicante,4,Martes,14,Travesía,Otro,Choque obstáculo lateral,Lluvia,Pleno día,1,0,0,1
2843,2019,Alicante,4,Miércoles,16,Travesía,Otro,Colisión frontolateral,Lluvia,Pleno día,1,0,0,1
2844,2019,Alicante,4,Martes,14,Zona interurbana,Vía urbana,Otro tipo,Buen tiempo,Pleno día,1,0,0,1
2845,2019,Alicante,3,Lunes,12,Travesía,Otro,Colisión lateral,Buen tiempo,Pleno día,1,0,0,1
2846,2019,Alicante,3,Viernes,11,Travesía,Otro,Colisión frontolateral,Buen tiempo,Pleno día,1,0,0,1
2847,2019,Alicante,3,Martes,10,Travesía,Otro,Choque obstáculo lateral,Buen tiempo,Pleno día,1,0,0,1
2848,2019,Alicante,3,Jueves,8,Travesía,Otro,Colisión frontolateral,Buen tiempo,Pleno día,1,0,0,1
2849,2019,Alicante,4,Jueves,10,Travesía,Otro,Colisión múltiple,Buen tiempo,Pleno día,2,0,0,2
2850,2019,Alicante,3,Miércoles,13,Travesía,Otro,Colisión frontolateral,Buen tiempo,Pleno día,1,0,1,0
2851,2019,Alicante,4,Lunes,14,Zona interurbana,Vía urbana,Colisión frontolateral,Buen tiempo,Pleno día,1,0,0,1
2852,2019,Alicante,4,Viernes,18,Zona interurbana,Camino vecinal,Colisión por alcance,Lluvia,Pleno día,1,0,0,1
2853,2019,Alicante,4,Jueves,0,Travesía,Otro,Colisión por alcance,Buen tiempo,Noche sin iluminación,1,0,0,1
2854,2019,Alicante,2,Jueves,15,Travesía,Otro,Colisión frontolateral,Buen tiempo,Pleno día,1,0,0,1
2855,2019,Alicante,3,Lunes,18,Travesía,Otro,Choque obstáculo lateral,Buen tiempo,Pleno día,1,0,0,1
2856,2019,Alicante,4,Lunes,1,Zona interurbana,Vía convencional,Salida vía izquierda,Granizo,Se desconoce,3,0,0,3
2857,2019,Alicante,4,Sábado,10,Travesía,Otro,Se desconoce,Granizo,Pleno día,1,0,0,1
2858,2019,Alicante,4,Lunes,20,Travesía,Otro,Choque obstáculo lateral,Buen tiempo,Noche sin iluminación,1,0,0,1
2859,2019,Alicante,4,Martes,21,Travesía,Otro,Choque obstáculo lateral,Buen tiempo,Noche sin iluminación,1,0,0,1