ID_ACCIDENTE,AÑO,PROVINCIA,MES,DIA_SEMANA,HORA,ZONA,TIPO_VIA,TIPO_ACCIDENTE,CONDICION_METEO,CONDICION_ILUMINACION,TOTAL_VICTIMAS,FALLECIDOS_24H,HERIDOS_GRAVES,HERIDOS_LEVES
2860,2019,Alicante,4,Viernes,20,Travesía,Otro,Choque obstáculo lateral,Buen tiempo,Pleno día,1,0,0,1
2861,2019,Alicante,4,Jueves,16,Zona interurbana,Vía urbana,Colisión lateral,Buen tiempo,Pleno día,1,0,1,0
2862,2019,Alicante,4,Viernes,15,Zona interurbana,Vía urbana,Caída de motociclista,Granizo,Pleno día,1,0,0,1
2863,2019,Alicante,4,Domingo,19,Travesía,Otro,Choque obstáculo lateral,Buen tiempo,Amanecer/Anochecer,1,0,0,1
2864,2019,Alicante,4,Sábado,17,Zona interurbana,Vía urbana,Colisión frontolateral,Buen tiempo,Pleno día,1,0,0,1
2865,2019,Alicante,3,Jueves,12,Travesía,Otro,Animal en calzada,Buen tiempo,Pleno día,1,0,0,1
2866,2019,Alicante,4,Viernes,12,Travesía,Otro,Animal en calzada,Buen tiempo,Pleno día,1,0,0,1
2867,2019,Alicante,4,Miércoles,15,Zona interurbana,Vía urbana,Colisión por alcance,Buen tiempo,Pleno día,1,0,0,1
2868,2019,Alicante,4,Viernes,13,Travesía,Otro,Choque obstáculo calzada,Buen tiempo,Pleno día,1,0,0,1
2869,2019,Alicante,4,Lunes,21,Travesía,Otro,Animal en calzada,Buen tiempo,Se desconoce,1,0,0,1
2870,2019,Alicante,4,Miércoles,11,Travesía,Otro,Animal en calzada,Lluvia,Pleno día,1,0,0,1
2871,2019,Alicante,4,Sábado,17,Zona interurbana,Vía urbana,Colisión lateral,Buen tiempo,Pleno día,1,0,0,1
2872,2019,Alicante,4,Martes,22,Travesía,Otro,Animal en calzada,Buen tiempo,Noche ilum. insuficiente,1,0,0,1
2873,2019,Alicante,5,Viernes,16,Zona interurbana,Vía urbana,Colisión frontolateral,Lluvia,Pleno día,1,0,1,0
2874,2019,Alicante,5,Domingo,0,Zona interurbana,Vía convencional,Colisión por alcance,Buen tiempo,Pleno día,2,0,1,1
2875,2019,Alicante,4,Jueves,14,Zona interurbana,Vía convencional,Se desconoce,Buen tiempo,Pleno día,2,0,0,2
2876,2019,Alicante,4,Viernes,19,Zona interurbana,Vía urbana,Atropello a ciclista,Granizo,Pleno día,2,0,0,2
2877,2019,Alicante,4,Viernes,20,Travesía,Otro,Caída de motociclista,Buen tiempo,Pleno día,1,0,0,1
2878,2019,Alicante,4,Domingo,19,Travesía,Otro,Colisión por alcance,Buen tiempo,Pleno día,1,0,0,1
2879,2019,Alicante,5,Martes,21,Travesía,Otro,Colisión por alcance,Buen tiempo,Noche sin iluminación,1,0,0,1
2880,2019,Alicante,5,Miércoles,18,Travesía,Otro,Colisión por alcance,Buen tiempo,Pleno día,1,0,0,1
2881,2019,Alicante,4,Lunes,17,Travesía,Otro,Colisión lateral,Buen tiempo,Pleno día,1,0,0,1
2882,2019,Alicante,3,Domingo,22,Travesía,Otro,Animal en calzada,Granizo,Noche sin iluminación,1,0,0,1
2883,2019,Alicante,5,Martes,12,Zona interurbana,Camino vecinal,Se desconoce,Buen tiempo,Pleno día,1,0,1,0
2884,2019,Alicante,4,Miércoles,17,Travesía,Otro urbano,Colisión frontolateral,Buen tiempo,Pleno día,3,0,0,3
2885,2019,Alicante,4,Jueves,12,Travesía,Otro,Colisión frontolateral,Buen tiempo,Pleno día,1,0,0,1
2886,2019,Alicante,4,Miércoles,21,Travesía,Otro,Colisión frontolateral,Buen tiempo,Noche sin iluminación,1,0,0,1
2887,2019,Alicante,4,Sábado,5,Travesía,Otro,Salida vía izquierda,Buen tiempo,Noche sin iluminación,1,0,0,1
2888,2019,Alicante,5,Jueves,14,Zona interurbana,Vía urbana,Colisión por alcance,Buen tiempo,Pleno día,1,0,0,1
2889,2019,Alicante,5,Miércoles,13,Travesía,Otro,Choque obstáculo lateral,Buen tiempo,Pleno día,1,0,0,1
2890,2019,Alicante,4,Martes,11,Travesía,Otro,Choque obstáculo calzada,Buen tiempo,Pleno día,2,0,0,2
2891,2019,Alicante,5,Sábado,11,Zona interurbana,Vía urbana,Colisión frontolateral,Buen tiempo,Pleno día,1,0,0,1
2892,2019,Alicante,5,Sábado,12,Zona interurbana,Vía urbana,Colisión lateral,Buen tiempo,Pleno día,1,0,0,1
2893,2019,Alicante,5,Sábado,10,Zona interurbana,Vía urbana,Colisión por alcance,Buen tiempo,Pleno día,1,0,0,1
2894,2019,Alicante,5,Lunes,23,Travesía,Otro,Animal en calzada,Buen tiempo,Noche sin iluminación,1,0,0,1
2895,2019,Alicante,5,Domingo,4,Travesía,Otro,Colisión lateral,Buen tiempo,Noche sin iluminación,1,0,0,1
2896,2019,Alicante,5,Miércoles,22,Travesía,Otro,Se desconoce,Otro,Noche sin iluminación,1,0,0,1
2897,2019,Alicante,5,Miércoles,8,Zona interurbana,Vía convencional,Colisión por alcance,Buen tiempo,Pleno día,1,0,0,1
2898,2019,Alicante,5,Jueves,9,Travesía,Otro,Colisión frontolateral,Buen tiempo,Pleno día,1,0,0,1
2899,2019,Alicante,5,Lunes,19,Travesía,Otro,Salida vía izquierda,Buen tiempo,Pleno día,1,0,0,1
2900,2019,Alicante,5,Miércoles,19,Zona interurbana,Vía urbana,Colisión múltiple,Buen tiempo,Pleno día,6,0,0,6
2901,2019,Alicante,5,Viernes,6,Travesía,Otro,Colisión por alcance,Buen tiempo,Pleno día,2,0,0,2
2902,2019,Alicante,5,Viernes,13,Travesía,Otro,Colisión frontolateral,Buen tiempo,Pleno día,1,0,0,1
2903,2019,Alicante,5,Martes,10,Travesía,Otro,Animal en calzada,Buen tiempo,Pleno día,2,0,0,2
2904,2019,Alicante,5,Viernes,14,Travesía,Otro,Choque obstáculo lateral,Buen tiempo,Pleno día,1,0,0,1
2905,2019,Alicante,5,Viernes,12,Travesía,Otro,Animal en calzada,Buen tiempo,Pleno día,1,0,0,1
2906,2019,Alicante,5,Sábado,11,Zona interurbana,Vía urbana,Animal en calzada,Buen tiempo,Pleno día,3,0,0,3
2907,2019,Alicante,5,Lunes,10,Travesía,Otro,Colisión por alcance,Buen tiempo,Pleno día,1,0,0,1
2908,2019,Alicante,5,Lunes,13,Travesía,Otro,Choque obstáculo lateral,Buen tiempo,Pleno día,1,0,0,1
2909,2019,Alicante,5,Domingo,20,Travesía,Otro,Colisión lateral,Buen tiempo,Pleno día,1,0,0,1
2910,2019,Alicante,5,Jueves,17,Travesía,Otro,Choque obstáculo lateral,Buen tiempo,Pleno día,1,0,0,1
2911,2019,Alicante,5,Lunes,19,Travesía,Otro,Objeto desprendido,Buen tiempo,Pleno día,1,0,1,0
2912,2019,Alicante,4,Lunes,13,Travesía,Otro,Colisión por alcance,Buen tiempo,Pleno día,1,0,0,1
2913,2019,Alicante,5,Viernes,14,Zona interurbana,Vía convencional,Colisión por alcance,Buen tiempo,Pleno día,1,0,0,1
2914,2019,Alicante,4,Viernes,19,Travesía,Calle peatonal,Colisión frontolateral,Buen tiempo,Noche sin iluminación,1,0,0,1
2915,2019,Alicante,5,Miércoles,21,Zona interurbana,Vía urbana,Atropello a ciclista,Buen tiempo,Amanecer/Anochecer,2,0,0,2
2916,2019,Alicante,5,Jueves,16,Zona interurbana,Vía convencional,Animal en calzada,Buen tiempo,Pleno día,1,0,0,1
2917,2019,Alicante,5,Jueves,7,Travesía,Otro,Animal en calzada,Buen tiempo,Pleno día,1,0,0,1
2918,2019,Alicante,5,Martes,7,Travesía,Otro,Colisión frontolateral,Buen tiempo,Pleno día,1,0,0,1
2919,2019,Alicante,5,Miércoles,14,Travesía,Otro,Objeto desprendido,Buen tiempo,Pleno día,1,0,0,1
2920,2019,Alicante,5,Sábado,16,Travesía,Otro,Colisión múltiple,Buen tiempo,Pleno día,2,0,0,2
2921,2019,Alicante,5,Viernes,16,Travesía,Otro,Colisión lateral,Buen tiempo,Pleno día,1,0,0,1
2922,2019,Alicante,5,Viernes,0,Travesía,Otro,Colisión lateral,Buen tiempo,Noche sin iluminación,3,0,0,3
2923,2019,Alicante,5,Lunes,8,Zona interurbana,Vía urbana,Colisión por alcance,Buen tiempo,Pleno día,1,0,0,1
2924,2019,Alicante,5,Domingo,7,Zona interurbana,Vía urbana,Se desconoce,Buen tiempo,Pleno día,1,0,0,1
2925,2019,Alicante,5,Viernes,23,Zona interurbana,Vía convencional,Salida vía izquierda,Buen tiempo,Se desconoce,2,0,0,2
2926,2019,Alicante,5,Jueves,15,Zona interurbana,Vía convencional,Colisión múltiple,Buen tiempo,Pleno día,2,0,0,2
2927,2019,Alicante,5,Jueves,11,Travesía,Otro,Colisión frontolateral,Buen tiempo,Pleno día,1,0,0,1
2928,2019,Alicante,6,Domingo,6,Zona interurbana,Vía convencional,Colisión lateral,Buen tiempo,Pleno día,1,0,0,1
2929,2019,Alicante,5,Jueves,12,Travesía,Otro,Choque obstáculo lateral,Buen tiempo,Pleno día,1,0,0,1
2930,2019,Alicante,5,Miércoles,21,Travesía,Otro,Colisión por alcance,Buen tiempo,Amanecer/Anochecer,1,0,0,1
2931,2019,Alicante,5,Lunes,15,Travesía,Otro,Animal en calzada,Buen tiempo,Pleno día,1,0,0,1
2932,2019,Alicante,5,Viernes,16,Travesía,Otro,Choque obstáculo lateral,Buen tiempo,Pleno día,1,0,0,1
2933,2019,Alicante,5,Viernes,21,Travesía,Otro,Se desconoce,Buen tiempo,Noche sin iluminación,1,0,0,1
2934,2019,Alicante,5,Miércoles,13,Travesía,Otro,Colisión frontolateral,Buen tiempo,Pleno día,1,0,0,1
2935,2019,Alicante,6,Lunes,7,Zona interurbana,Vía convencional,Colisión por alcance,Buen tiempo,Pleno día,1,0,0,1
2936,2019,Alicante,6,Miércoles,20,Travesía,Otro,Objeto desprendido,Buen tiempo,Pleno día,2,0,0,2
2937,2019,Alicante,6,Viernes,22,Travesía,Otro,Animal en calzada,Buen tiempo,Noche sin iluminación,1,0,0,1
2938,2019,Alicante,6,Martes,21,Travesía,Otro,Colisión lateral,Buen tiempo,Noche sin iluminación,1,0,1,0
2939,2019,Alicante,6,Jueves,18,Zona interurbana,Camino vecinal,Colisión frontolateral,Buen tiempo,Pleno día,1,0,0,1
2940,2019,Alicante,6,Lunes,1,Travesía,Otro,Choque obstáculo lateral,Buen tiempo,Noche sin iluminación,2,0,0,2
2941,2019,Alicante,6,Sábado,20,Travesía,Otro,Colisión por alcance,Buen tiempo,Pleno día,1,0,0,1
2942,2019,Alicante,6,Sábado,20,Travesía,Otro,Colisión por alcance,Buen tiempo,Pleno día,3,0,0,3
2943,2019,Alicante,6,Lunes,14,Zona interurbana,Vía urbana,Colisión frontal,Buen tiempo,Pleno día,2,0,0,2
2944,2019,Alicante,6,Martes,13,Travesía,Otro,Colisión por alcance,Buen tiempo,Pleno día,2,0,0,2
2945,2019,Alicante,6,Viernes,11,Zona interurbana,Vía convencional,Colisión múltiple,Buen tiempo,Pleno día,1,0,0,1
2946,2019,Alicante,6,Miércoles,14,Travesía,Otro,Objeto desprendido,Buen tiempo,Pleno día,1,0,0,1
2947,2019,Alicante,5,Jueves,19,Travesía,Otro,Colisión frontolateral,Buen tiempo,Amanecer/Anochecer,1,0,0,1
2948,2019,Alicante,4,Miércoles,11,Travesía,Otro,Animal en calzada,Buen tiempo,Pleno día,1,0,0,1
2949,2019,Alicante,6,Jueves,10,Travesía,Otro,Animal en calzada,Buen tiempo,Pleno día,1,0,0,1
2950,2019,Alicante,6,Lunes,7,Zona interurbana,Camino vecinal,Colisión por alcance,Buen tiempo,Pleno día,1,0,0,1
2951,2019,Alicante,6,Martes,13,Travesía,Otro,Animal en calzada,Buen tiempo,Pleno día,1,0,1,0
2952,2019,Alicante,6,Sábado,12,Travesía,Otro,Colisión por alcance,Buen tiempo,Pleno día,1,0,0,1
2953,2019,Alicante,6,Jueves,16,Travesía,Otro,Colisión por alcance,Buen tiempo,Pleno día,2,0,0,2
2954,2019,Alicante,6,Viernes,15,Travesía,Otro,Choque obstáculo lateral,Buen tiempo,Pleno día,1,0,0,1
2955,2019,Alicante,5,Martes,19,Travesía,Otro urbano,Colisión lateral,Buen tiempo,Pleno día,1,0,1,0
2956,2019,Alicante,6,Jueves,10,Zona interurbana,Vía urbana,Colisión por alcance,Buen tiempo,Pleno día,1,0,0,1
2957,2019,Alicante,6,Viernes,17,Travesía,Otro,Colisión por alcance,Buen tiempo,Pleno día,1,0,0,1
2958,2019,Alicante,5,Domingo,21,Travesía,Otro,Colisión frontolateral,Buen tiempo,Amanecer/Anochecer,2,0,0,2
2959,2019,Alicante,6,Sábado,9,Zona interurbana,Camino vecinal,Colisión por alcance,Buen tiempo,Pleno día,2,0,0,2
2960,2019,Alicante,6,Jueves,16,Travesía,Otro,Colisión frontolateral,Buen tiempo,Pleno día,2,0,0,2
2961,2019,Alicante,6,Viernes,19,Travesía,Otro,Animal en calzada,Buen tiempo,Pleno día,2,0,0,2
2962,2019,Alicante,6,Martes,20,Travesía,Otro,Colisión por alcance,Buen tiempo,Pleno día,1,0,0,1
2963,2019,Alicante,5,Miércoles,11,Travesía,Otro,Choque obstáculo lateral,Buen tiempo,Pleno día,1,0,0,1
2964,2019,Alicante,6,Sábado,12,Zona interurbana,Vía urbana,Colisión por alcance,Buen tiempo,Pleno día,2,0,0,2
2965,2019,Alicante,6,Martes,11,Travesía,Otro,Choque obstáculo lateral,Buen tiempo,Amanecer/Anochecer,1,0,0,1
2966,2019,Alicante,6,Domingo,12,Travesía,Otro urbano,Colisión frontal,Buen tiempo,Pleno día,1,0,0,1
2967,2019,Alicante,6,Viernes,10,Travesía,Otro,Colisión lateral,Buen tiempo,Pleno día,1,0,0,1
2968,2019,Alicante,6,Lunes,7,Zona interurbana,Vía urbana,Colisión frontolateral,Buen tiempo,Pleno día,1,0,0,1
2969,2019,Alicante,6,Sábado,22,Travesía,Otro,Colisión frontolateral,Buen tiempo,Noche ilum. insuficiente,1,0,0,1
2970,2019,Alicante,6,Miércoles,19,Zona interurbana,Vía urbana,Colisión por alcance,Buen tiempo,Pleno día,1,0,0,1
2971,2019,Alicante,7,Lunes,8,Zona interurbana,Vía convencional,Objeto desprendido,Buen tiempo,Pleno día,1,0,0,1
2972,2019,Alicante,6,Domingo,11,Travesía,Otro,Colisión frontolateral,Buen tiempo,Pleno día,3,0,0,3
2973,2019,Alicante,6,Jueves,20,Travesía,Otro,Colisión frontolateral,Buen tiempo,Pleno día,1,0,0,1
2974,2019,Alicante,5,Martes,17,Travesía,Otro urbano,Animal en calzada,Buen tiempo,Pleno día,1,0,0,1
2975,2019,Alicante,7,Lunes,13,Zona interurbana,Vía convencional,Animal en calzada,Buen tiempo,Pleno día,1,0,0,1
2976,2019,Alicante,6,Viernes,9,Travesía,Otro,Colisión frontolateral,Buen tiempo,Pleno día,1,0,0,1
2977,2019,Alicante,7,Lunes,8,Travesía,Otro,Animal en calzada,Buen tiempo,Pleno día,1,0,0,1
2978,2019,Alicante,7,Lunes,16,Travesía,Otro,Se desconoce,Buen tiempo,Pleno día,1,0,0,1
2979,2019,Alicante,7,Miércoles,21,Travesía,Otro,Caída de motociclista,Buen tiempo,Noche con iluminación,1,0,0,1
2980,2019,Alicante,6,Jueves,8,Zona interurbana,Vía urbana,Colisión lateral,Buen tiempo,Pleno día,1,0,0,1
2981,2019,Alicante,7,Jueves,14,Travesía,Otro,Colisión por alcance,Buen tiempo,Pleno día,1,0,0,1
2982,2019,Alicante,6,Martes,14,Travesía,Otro,Colisión por alcance,Buen tiempo,Pleno día,3,0,0,3
2983,2019,Alicante,6,Lunes,14,Travesía,Otro,Colisión por alcance,Buen tiempo,Pleno día,1,0,0,1
2984,2019,Alicante,6,Lunes,14,Zona interurbana,Camino vecinal,Animal en calzada,Buen tiempo,Pleno día,1,0,0,1
2985,2019,Alicante,5,Martes,11,Travesía,Otro,Choque obstáculo lateral,Buen tiempo,Pleno día,2,0,0,2
2986,2019,Alicante,6,Jueves,13,Travesía,Otro,Colisión frontolateral,Buen tiempo,Pleno día,1,0,0,1
2987,2019,Alicante,7,Miércoles,14,Travesía,Otro,Colisión frontolateral,Buen tiempo,Pleno día,1,0,0,1
2988,2019,Alicante,7,Viernes,21,Zona interurbana,Vía urbana,Colisión múltiple,Buen tiempo,Pleno día,1,0,0,1
2989,2019,Alicante,7,Jueves,1,Travesía,Otro,Salida vía izquierda,Buen tiempo,Noche sin iluminación,2,0,0,2
2990,2019,Alicante,6,Sábado,23,Travesía,Otro,Choque obstáculo calzada,Buen tiempo,Se desconoce,1,0,1,0
2991,2019,Alicante,7,Sábado,10,Zona interurbana,Vía urbana,Caída de motociclista,Buen tiempo,Pleno día,1,0,1,0
2992,2019,Alicante,7,Sábado,17,Travesía,Otro,Colisión frontolateral,Lluvia,Pleno día,2,0,0,2
2993,2019,Alicante,6,Viernes,23,Travesía,Otro urbano,Colisión frontolateral,Buen tiempo,Noche ilum. insuficiente,1,0,0,1
2994,2019,Alicante,7,Martes,9,Zona interurbana,Vía convencional,Colisión por alcance,Buen tiempo,Pleno día,1,0,0,1
2995,2019,Alicante,7,Sábado,9,Travesía,Otro urbano,Se desconoce,Buen tiempo,Pleno día,2,1,1,0
2996,2019,Alicante,7,Martes,15,Travesía,Otro,Colisión frontolateral,Buen tiempo,Pleno día,1,0,0,1
2997,2019,Alicante,7,Martes,16,Zona urbana,Vía urbana,Caída de motociclista,Buen tiempo,Pleno día,2,0,0,2
2998,2019,Alicante,7,Viernes,15,Zona interurbana,Vía urbana,Colisión por alcance,Buen tiempo,Pleno día,2,0,0,2
2999,2019,Alicante,6,Viernes,8,Travesía,Otro,Colisión frontolateral,Buen tiempo,Pleno día,2,0,1,1
3000,2019,Alicante,5,Jueves,10,Travesía,Otro,Animal en calzada,Buen tiempo,Pleno día,1,0,0,1
3001,2019,Alicante,3,Jueves,6,Travesía,Otro,Colisión frontolateral,Buen tiempo,Noche sin iluminación,1,0,0,1
3002,2019,Alicante,7,Miércoles,6,Travesía,Otro,Choque obstáculo lateral,Buen tiempo,Pleno día,2,0,0,2
3003,2019,Alicante,7,Lunes,16,Travesía,Otro,Salida vía izquierda,Buen tiempo,Pleno día,1,0,0,1
3004,2019,Alicante,7,Lunes,13,Zona interurbana,Vía convencional,Colisión lateral,Buen tiempo,Pleno día,1,0,0,1
3005,2019,Alicante,6,Viernes,9,Travesía,Otro,Colisión por alcance,Buen tiempo,Pleno día,1,0,0,1
3006,2019,Alicante,7,Martes,17,Zona interurbana,Vía convencional,Colisión frontolateral,Buen tiempo,Pleno día,1,0,0,1
3007,2019,Alicante,7,Jueves,0,Zona interurbana,Vía urbana,Colisión por alcance,Buen tiempo,Se desconoce,1,0,0,1
3008,2019,Alicante,7,Sábado,12,Zona interurbana,Vía urbana,Colisión por alcance,Buen tiempo,Pleno día,1,0,0,1
3009,2019,Alicante,7,Domingo,19,Zona interurbana,Vía convencional,Colisión por alcance,Buen tiempo,Pleno día,2,0,0,2
3010,2019,Alicante,6,Jueves,11,Zona interurbana,Vía urbana,Animal en calzada,Buen tiempo,Pleno día,1,0,0,1
3011,2019,Alicante,7,Martes,14,Travesía,Otro,Colisión frontolateral,Buen tiempo,Pleno día,1,0,0,1
3012,2019,Alicante,7,Jueves,21,Travesía,Otro,Animal en calzada,Buen tiempo,Noche sin iluminación,1,0,0,1
3013,2019,Alicante,7,Lunes,17,Travesía,Otro,Caída de motociclista,Buen tiempo,Pleno día,1,0,0,1
3014,2019,Alicante,7,Martes,20,Travesía,Otro,Choque obstáculo lateral,Buen tiempo,Amanecer/Anochecer,1,0,0,1
3015,2019,Alicante,7,Lunes,11,Zona interurbana,Camino vecinal,Colisión frontolateral,Buen tiempo,Pleno día,1,0,0,1
3016,2019,Alicante,6,Miércoles,8,Travesía,Otro,Choque obstáculo lateral,Buen tiempo,Pleno día,1,0,0,1
3017,2019,Alicante,7,Martes,21,Travesía,Otro,Choque obstáculo lateral,Buen tiempo,Noche sin iluminación,1,0,0,1
3018,2019,Alicante,6,Sábado,8,Travesía,Otro,Colisión frontolateral,Buen tiempo,Pleno día,1,0,0,1
3019,2019,Alicante,6,Domingo,8,Travesía,Otro,Colisión frontolateral,Buen tiempo,Pleno día,1,0,0,1
3020,2019,Alicante,6,Viernes,11,Travesía,Otro,Colisión frontolateral,Buen tiempo,Pleno día,2,0,0,2
3021,2019,Alicante,7,Miércoles,16,Travesía,Otro,Colisión frontal,Buen tiempo,Pleno día,2,0,0,2
3022,2019,Alicante,7,Jueves,14,Travesía,Otro urbano,Colisión frontal,Buen tiempo,Pleno día,2,0,0,2
3023,2019,Alicante,7,Viernes,14,Travesía,Otro,Colisión frontal,Buen tiempo,Pleno día,2,0,0,2
3024,2019,Alicante,7,Domingo,23,Travesía,Otro,Se desconoce,Buen tiempo,Noche sin iluminación,1,0,0,1
3025,2019,Alicante,7,Domingo,15,Travesía,Calle peatonal,Choque obstáculo calzada,Buen tiempo,Pleno día,2,0,0,2
3026,2019,Alicante,6,Lunes,19,Travesía,Otro,Colisión frontolateral,Buen tiempo,Pleno día,3,0,0,3
3027,2019,Alicante,7,Martes,17,Travesía,Otro,Colisión lateral,Buen tiempo,Pleno día,1,0,0,1
3028,2019,Alicante,6,Martes,13,Travesía,Otro,Choque obstáculo lateral,Buen tiempo,Pleno día,1,0,0,1
3029,2019,Alicante,5,Martes,7,Travesía,Otro,Animal en calzada,Buen tiempo,Noche con iluminación,1,0,0,1
3030,2019,Alicante,7,Martes,10,Travesía,Otro,Choque obstáculo lateral,Buen tiempo,Pleno día,1,0,0,1
3031,2019,Alicante,6,Martes,7,Travesía,Otro,Colisión frontolateral,Buen tiempo,Pleno día,1,0,0,1
3032,2019,Alicante,7,Lunes,13,Travesía,Otro,Objeto desprendido,Buen tiempo,Pleno día,1,0,0,1
3033,2019,Alicante,7,Lunes,7,Travesía,Otro,Colisión lateral,Buen tiempo,Pleno día,1,0,1,0
3034,2019,Alicante,7,Domingo,20,Travesía,Otro,Colisión frontal,Buen tiempo,Pleno día,5,0,0,5
3035,2019,Alicante,6,Viernes,18,Travesía,Otro,Choque obstáculo lateral,Buen tiempo,Pleno día,1,0,0,1
3036,2019,Alicante,7,Jueves,17,Travesía,Otro,Animal en calzada,Buen tiempo,Pleno día,1,0,0,1
3037,2019,Alicante,7,Jueves,18,Travesía,Otro,Colisión por alcance,Buen tiempo,Pleno día,1,0,0,1
3038,2019,Alicante,7,Martes,15,Travesía,Otro,Colisión frontolateral,Buen tiempo,Pleno día,1,0,0,1
3039,2019,Alicante,7,Martes,17,Travesía,Otro,Choque obstáculo lateral,Buen tiempo,Pleno día,1,0,0,1
3040,2019,Alicante,7,Sábado,8,Travesía,Otro,Salida vía izquierda,Buen tiempo,Pleno día,1,0,0,1
3041,2019,Alicante,6,Lunes,13,Travesía,Otro,Colisión por alcance,Buen tiempo,Pleno día,1,0,0,1
3042,2019,Alicante,7,Martes,13,Travesía,Otro,Colisión por alcance,Buen tiempo,Pleno día,1,0,0,1
3043,2019,Alicante,8,Jueves,20,Travesía,Otro,Choque obstáculo lateral,Buen tiempo,Pleno día,1,0,0,1
3044,2019,Alicante,8,Sábado,5,Zona interurbana,Ramal/enlace,Salida vía izquierda,Buen tiempo,Se desconoce,1,0,0,1
3045,2019,Alicante,8,Martes,7,Travesía,Otro urbano,Colisión por alcance,Buen tiempo,Pleno día,1,0,0,1
3046,2019,Alicante,8,Domingo,22,Zona interurbana,Camino vecinal,Animal en calzada,Buen tiempo,Noche ilum. insuficiente,1,0,0,1
3047,2019,Alicante,5,Sábado,21,Travesía,Otro,Colisión frontal,Buen tiempo,Noche sin iluminación,1,0,0,1
3048,2019,Alicante,8,Viernes,14,Zona interurbana,Vía urbana,Se desconoce,Buen tiempo,Pleno día,1,1,0,0
3049,2019,Alicante,8,Sábado,22,Travesía,Otro,Colisión por alcance,Buen tiempo,Noche sin iluminación,2,0,0,2
3050,2019,Alicante,7,Jueves,9,Travesía,Otro,Colisión frontolateral,Buen tiempo,Pleno día,1,0,0,1
3051,2019,Alicante,8,Sábado,4,Travesía,Otro urbano,Salida vía izquierda,Buen tiempo,Noche ilum. insuficiente,1,0,0,1
3052,2019,Alicante,8,Jueves,12,Zona interurbana,Vía urbana,Colisión frontolateral,Buen tiempo,Pleno día,1,0,0,1
3053,2019,Alicante,8,Viernes,8,Zona interurbana,Camino vecinal,Colisión frontolateral,Buen tiempo,Pleno día,1,0,0,1
3054,2019,Alicante,8,Lunes,11,Zona interurbana,Camino vecinal,Colisión lateral,Buen tiempo,Pleno día,1,0,0,1
3055,2019,Alicante,8,Lunes,16,Zona interurbana,Ramal/enlace,Se desconoce,Buen tiempo,Pleno día,1,0,0,1
3056,2019,Alicante,6,Domingo,7,Travesía,Otro,Objeto desprendido,Buen tiempo,Pleno día,2,0,0,2
3057,2019,Alicante,7,Lunes,13,Travesía,Otro,Colisión frontolateral,Buen tiempo,Pleno día,1,0,0,1
3058,2019,Alicante,8,Jueves,14,Travesía,Otro,Colisión frontolateral,Buen tiempo,Pleno día,1,0,0,1
3059,2019,Alicante,8,Viernes,8,Travesía,Otro,Choque obstáculo lateral,Buen tiempo,Pleno día,1,0,0,1
3060,2019,Alicante,8,Viernes,14,Travesía,Otro,Choque obstáculo lateral,Buen tiempo,Pleno día,1,0,0,1
3061,2019,Alicante,8,Domingo,13,Travesía,Otro urbano,Colisión por alcance,Buen tiempo,Pleno día,1,0,0,1
3062,2019,Alicante,8,Domingo,10,Travesía,Otro,Animal en calzada,Buen tiempo,Pleno día,1,0,0,1
3063,2019,Alicante,7,Lunes,13,Travesía,Otro,Colisión frontolateral,Buen tiempo,Pleno día,1,0,0,1
3064,2019,Alicante,7,Viernes,10,Travesía,Otro,Colisión frontolateral,Buen tiempo,Pleno día,1,0,0,1
3065,2019,Alicante,7,Viernes,12,Travesía,Otro,Objeto desprendido,Buen tiempo,Pleno día,1,0,0,1
3066,2019,Alicante,8,Miércoles,8,Zona interurbana,Vía urbana,Otro tipo,Buen tiempo,Pleno día,1,0,0,1
3067,2019,Alicante,8,Viernes,9,Travesía,Otro,Choque obstáculo lateral,Buen tiempo,Pleno día,1,0,1,0
3068,2019,Alicante,7,Miércoles,10,Travesía,Otro,Choque obstáculo lateral,Buen tiempo,Pleno día,2,0,1,1
3069,2019,Alicante,8,Jueves,11,Zona interurbana,Vía urbana,Colisión frontolateral,Buen tiempo,Pleno día,1,0,1,0
3070,2019,Alicante,7,Viernes,22,Travesía,Otro,Salida vía izquierda,Buen tiempo,Noche sin iluminación,1,0,0,1
3071,2019,Alicante,8,Jueves,12,Travesía,Otro,Colisión por alcance,Buen tiempo,Pleno día,1,0,0,1
3072,2019,Alicante,8,Martes,12,Travesía,Otro,Animal en calzada,Buen tiempo,Pleno día,1,0,0,1
3073,2019,Alicante,8,Lunes,10,Travesía,Otro,Colisión por alcance,Buen tiempo,Pleno día,1,0,0,1
3074,2019,Alicante,8,Miércoles,20,Zona interurbana,Autovía,Salida vía izquierda,Buen tiempo,Amanecer/Anochecer,1,0,0,1
3075,2019,Alicante,8,Miércoles,20,Zona interurbana,Autovía,Colisión por alcance,Buen tiempo,Amanecer/Anochecer,1,0,0,1
3076,2019,Alicante,6,Miércoles,13,Travesía,Otro,Choque obstáculo lateral,Buen tiempo,Pleno día,1,0,0,1
3077,2019,Alicante,7,Sábado,22,Travesía,Travesía,Caída de motociclista,Buen tiempo,Se desconoce,1,0,0,1
3078,2019,Alicante,9,Viernes,0,Zona interurbana,Vía urbana,Colisión frontolateral,Lluvia,Se desconoce,3,0,0,3
3079,2019,Alicante,9,Jueves,9,Travesía,Otro,Colisión frontolateral,Buen tiempo,Pleno día,1,0,0,1