ID_ACCIDENTE,AÑO,PROVINCIA,MES,DIA_SEMANA,HORA,ZONA,TIPO_VIA,TIPO_ACCIDENTE,CONDICION_METEO,CONDICION_ILUMINACION,TOTAL_VICTIMAS,FALLECIDOS_24H,HERIDOS_GRAVES,HERIDOS_LEVES
3080,2019,Alicante,8,Viernes,20,Travesía,Otro,Colisión lateral,Buen tiempo,Noche con iluminación,1,0,0,1
3081,2019,Alicante,8,Viernes,19,Travesía,Otro,Colisión frontolateral,Buen tiempo,Pleno día,1,0,0,1
3082,2019,Alicante,9,Sábado,18,Zona interurbana,Vía urbana,Colisión por alcance,Buen tiempo,Pleno día,1,0,0,1
3083,2019,Alicante,7,Domingo,9,Travesía,Otro urbano,Se desconoce,Buen tiempo,Pleno día,2,0,1,1
3084,2019,Alicante,9,Jueves,20,Zona interurbana,Camino vecinal,Colisión por alcance,Buen tiempo,Pleno día,1,0,0,1
3085,2019,Alicante,6,Sábado,10,Travesía,Otro,Colisión frontolateral,Buen tiempo,Pleno día,1,0,0,1
3086,2019,Alicante,8,Jueves,20,Travesía,Otro,Colisión lateral,Buen tiempo,Pleno día,1,0,0,1
3087,2019,Alicante,8,Martes,18,Travesía,Otro,Choque obstáculo lateral,Buen tiempo,Pleno día,1,0,0,1
3088,2019,Alicante,9,Martes,18,Zona interurbana,Vía urbana,Colisión frontal,Lluvia,Pleno día,2,1,0,1
3089,2019,Alicante,8,Martes,11,Travesía,Otro urbano,Animal en calzada,Buen tiempo,Pleno día,1,0,0,1
3090,2019,Alicante,8,Miércoles,13,Travesía,Otro,Colisión por alcance,Buen tiempo,Pleno día,3,0,0,3
3091,2019,Alicante,8,Viernes,13,Travesía,Otro,Colisión por alcance,Buen tiempo,Pleno día,3,0,0,3
3092,2019,Alicante,7,Lunes,17,Travesía,Otro,Colisión lateral,Buen tiempo,Pleno día,1,0,0,1
3093,2019,Alicante,9,Domingo,21,Travesía,Otro,Choque obstáculo lateral,Buen tiempo,Noche sin iluminación,2,0,0,2
3094,2019,Alicante,8,Jueves,18,Travesía,Otro,Colisión frontolateral,Buen tiempo,Pleno día,1,0,0,1
3095,2019,Alicante,9,Martes,10,Zona interurbana,Vía urbana,Caída de ocupante,Buen tiempo,Pleno día,1,0,0,1
3096,2019,Alicante,8,Domingo,9,Travesía,Otro,Colisión frontolateral,Buen tiempo,Pleno día,2,0,0,2
3097,2019,Alicante,8,Lunes,10,Travesía,Otro,Choque obstáculo lateral,Buen tiempo,Pleno día,1,0,0,1
3098,2019,Alicante,9,Sábado,0,Travesía,Otro,Colisión por alcance,Buen tiempo,Noche sin iluminación,1,0,0,1
3099,2019,Alicante,6,Martes,9,Travesía,Otro,Colisión frontolateral,Buen tiempo,Pleno día,1,0,0,1
3100,2019,Alicante,8,Lunes,0,Travesía,Otro,Salida vía izquierda,Buen tiempo,Noche sin iluminación,4,0,0,4
3101,2019,Alicante,6,Martes,7,Travesía,Otro,Choque obstáculo lateral,Buen tiempo,Pleno día,1,0,0,1
3102,2019,Alicante,9,Miércoles,15,Travesía,Otro,Colisión frontolateral,Buen tiempo,Pleno día,1,0,0,1
3103,2019,Alicante,8,Viernes,10,Travesía,Otro,Choque obstáculo lateral,Buen tiempo,Pleno día,1,0,0,1
3104,2019,Alicante,9,Martes,11,Travesía,Otro,Choque obstáculo lateral,Buen tiempo,Pleno día,1,0,0,1
3105,2019,Alicante,9,Lunes,9,Travesía,Otro,Salida vía izquierda,Buen tiempo,Pleno día,1,0,0,1
3106,2019,Alicante,9,Domingo,11,Travesía,Otro,Colisión por alcance,Buen tiempo,Pleno día,4,0,0,4
3107,2019,Alicante,9,Lunes,14,Zona interurbana,Vía convencional,Salida vía izquierda,Buen tiempo,Pleno día,2,0,0,2
3108,2019,Alicante,9,Lunes,11,Travesía,Otro,Choque obstáculo lateral,Buen tiempo,Pleno día,1,0,0,1
3109,2019,Alicante,9,Martes,16,Travesía,Otro,Colisión por alcance,Buen tiempo,Pleno día,1,0,0,1
3110,2019,Alicante,9,Domingo,8,Travesía,Otro,Salida vía izquierda,Buen tiempo,Noche sin iluminación,2,0,0,2
3111,2019,Alicante,9,Domingo,7,Travesía,Otro,Se desconoce,Buen tiempo,Noche sin iluminación,2,0,0,2
3112,2019,Alicante,9,Lunes,12,Travesía,Otro urbano,Se desconoce,Lluvia,Pleno día,1,0,0,1
3113,2019,Alicante,9,Martes,12,Travesía,Otro,Colisión por alcance,Buen tiempo,Pleno día,1,0,0,1
3114,2019,Alicante,9,Martes,8,Travesía,Otro,Choque obstáculo lateral,Buen tiempo,Pleno día,1,0,0,1
3115,2019,Alicante,9,Martes,19,Travesía,Otro,Colisión lateral,Buen tiempo,Pleno día,1,0,0,1
3116,2019,Alicante,9,Domingo,16,Travesía,Otro,Colisión frontolateral,Buen tiempo,Pleno día,1,0,0,1
3117,2019,Alicante,9,Miércoles,22,Travesía,Otro,Choque obstáculo lateral,Buen tiempo,Noche sin iluminación,1,0,0,1
3118,2019,Alicante,9,Viernes,11,Travesía,Otro,Colisión frontolateral,Buen tiempo,Pleno día,1,0,0,1
3119,2019,Alicante,9,Lunes,8,Travesía,Otro,Colisión frontolateral,Buen tiempo,Pleno día,1,0,0,1
3120,2019,Alicante,9,Lunes,12,Travesía,Otro,Choque obstáculo lateral,Buen tiempo,Pleno día,1,0,0,1
3121,2019,Alicante,9,Jueves,21,Travesía,Otro,Colisión por alcance,Buen tiempo,Noche sin iluminación,1,0,0,1
3122,2019,Alicante,9,Viernes,15,Travesía,Otro,Colisión lateral,Buen tiempo,Pleno día,1,0,0,1
3123,2019,Alicante,9,Miércoles,21,Travesía,Otro,Colisión frontolateral,Buen tiempo,Noche sin iluminación,1,0,0,1
3124,2019,Alicante,9,Sábado,6,Zona interurbana,Vía urbana,Colisión por alcance,Buen tiempo,Se desconoce,1,0,1,0
3125,2019,Alicante,6,Domingo,12,Travesía,Otro,Colisión por alcance,Buen tiempo,Pleno día,1,0,0,1
3126,2019,Alicante,9,Sábado,0,Travesía,Otro,Colisión lateral,Buen tiempo,Noche sin iluminación,3,0,0,3
3127,2019,Alicante,7,Jueves,9,Travesía,Otro,Colisión por alcance,Buen tiempo,Pleno día,2,0,0,2
3128,2019,Alicante,8,Sábado,9,Travesía,Otro,Colisión frontolateral,Buen tiempo,Pleno día,1,0,0,1
3129,2019,Alicante,8,Domingo,23,Travesía,Otro,Colisión frontolateral,Buen tiempo,Noche sin iluminación,1,0,0,1
3130,2019,Alicante,9,Sábado,11,Travesía,Otro,Choque obstáculo lateral,Buen tiempo,Pleno día,1,0,0,1
3131,2019,Alicante,9,Jueves,14,Travesía,Otro,Colisión por alcance,Buen tiempo,Pleno día,1,0,0,1
3132,2019,Alicante,9,Viernes,3,Zona interurbana,Vía urbana,Salida vía izquierda,Buen tiempo,Se desconoce,1,0,0,1
3133,2019,Alicante,9,Sábado,10,Zona interurbana,Vía convencional,Choque obstáculo lateral,Lluvia,Pleno día,1,0,1,0
3134,2019,Alicante,9,Jueves,11,Zona interurbana,Camino vecinal,Colisión lateral,Buen tiempo,Pleno día,1,0,0,1
3135,2019,Alicante,9,Miércoles,17,Travesía,Otro,Colisión por alcance,Buen tiempo,Pleno día,2,0,0,2
3136,2019,Alicante,9,Martes,18,Travesía,Otro,Choque obstáculo lateral,Buen tiempo,Pleno día,2,0,0,2
3137,2019,Alicante,10,Viernes,22,Travesía,Otro,Colisión por alcance,Buen tiempo,Noche sin iluminación,1,0,0,1
3138,2019,Alicante,10,Sábado,21,Zona interurbana,Vía urbana,Colisión por alcance,Buen tiempo,Se desconoce,3,0,0,3
3139,2019,Alicante,10,Domingo,8,Zona interurbana,Vía convencional,Salida vía izquierda,Buen tiempo,Pleno día,1,0,1,0
3140,2019,Alicante,10,Domingo,0,Zona interurbana,Vía urbana,Colisión frontolateral,Buen tiempo,Se desconoce,1,0,0,1
3141,2019,Alicante,10,Jueves,9,Zona interurbana,Vía convencional,Animal en calzada,Buen tiempo,Pleno día,1,0,0,1
3142,2019,Alicante,9,Domingo,23,Travesía,Otro urbano,Colisión por alcance,Buen tiempo,Noche sin iluminación,1,0,0,1
3143,2019,Alicante,9,Martes,23,Travesía,Otro urbano,Otro tipo,Buen tiempo,Noche sin iluminación,1,0,0,1
3144,2019,Alicante,9,Domingo,21,Travesía,Otro,Colisión frontolateral,Buen tiempo,Noche sin iluminación,2,0,0,2
3145,2019,Alicante,9,Lunes,23,Travesía,Otro,Colisión por alcance,Buen tiempo,Noche sin iluminación,1,0,0,1
3146,2019,Alicante,8,Viernes,22,Travesía,Otro urbano,Choque obstáculo lateral,Buen tiempo,Noche sin iluminación,1,0,0,1
3147,2019,Alicante,10,Lunes,8,Zona interurbana,Vía urbana,Colisión lateral,Buen tiempo,Pleno día,1,0,0,1
3148,2019,Alicante,10,Lunes,7,Zona interurbana,Vía convencional,Colisión por alcance,Buen tiempo,Noche con iluminación,2,0,0,2
3149,2019,Alicante,10,Miércoles,8,Zona interurbana,Vía convencional,Colisión por alcance,Buen tiempo,Pleno día,1,0,0,1
3150,2019,Alicante,10,Martes,18,Travesía,Otro,Choque obstáculo lateral,Buen tiempo,Pleno día,1,0,0,1
3151,2019,Alicante,10,Martes,19,Travesía,Otro,Colisión frontolateral,Buen tiempo,Amanecer/Anochecer,1,0,0,1
3152,2019,Alicante,10,Miércoles,17,Travesía,Otro,Colisión frontolateral,Buen tiempo,Pleno día,1,0,0,1
3153,2019,Alicante,9,Viernes,20,Travesía,Otro,Colisión frontolateral,Buen tiempo,Noche sin iluminación,2,0,0,2
3154,2019,Alicante,10,Viernes,11,Zona interurbana,Vía convencional,Caída de motociclista,Buen tiempo,Pleno día,1,0,0,1
3155,2019,Alicante,10,Martes,21,Travesía,Otro,Colisión frontolateral,Buen tiempo,Noche sin iluminación,1,0,0,1
3156,2019,Alicante,10,Lunes,8,Zona interurbana,Vía convencional,Colisión múltiple,Buen tiempo,Pleno día,3,0,0,3
3157,2019,Alicante,10,Domingo,13,Zona interurbana,Vía urbana,Colisión por alcance,Buen tiempo,Pleno día,1,0,0,1
3158,2019,Alicante,9,Jueves,12,Travesía,Otro,Animal en calzada,Buen tiempo,Pleno día,1,0,0,1
3159,2019,Alicante,9,Viernes,11,Travesía,Otro,Choque obstáculo lateral,Buen tiempo,Pleno día,1,0,1,0
3160,2019,Alicante,10,Sábado,16,Travesía,Otro,Colisión frontolateral,Buen tiempo,Pleno día,1,0,1,0
3161,2019,Alicante,9,Lunes,8,Travesía,Otro,Choque obstáculo lateral,Buen tiempo,Pleno día,1,0,0,1
3162,2019,Alicante,10,Viernes,13,Zona interurbana,Camino vecinal,Salida vía izquierda,Buen tiempo,Pleno día,1,0,0,1
3163,2019,Alicante,10,Lunes,21,Travesía,Otro,Colisión por alcance,Buen tiempo,Noche sin iluminación,1,0,0,1
3164,2019,Alicante,10,Sábado,19,Travesía,Otro,Animal en calzada,Buen tiempo,Pleno día,1,0,0,1
3165,2019,Alicante,10,Jueves,22,Travesía,Otro,Colisión frontolateral,Buen tiempo,Noche sin iluminación,1,0,0,1
3166,2019,Alicante,10,Viernes,1,Zona interurbana,Vía convencional,Salida vía izquierda,Buen tiempo,Se desconoce,1,0,0,1
3167,2019,Alicante,10,Jueves,13,Travesía,Otro,Choque obstáculo lateral,Buen tiempo,Pleno día,1,0,0,1
3168,2019,Alicante,10,Lunes,18,Zona interurbana,Vía urbana,Colisión lateral,Buen tiempo,Pleno día,1,0,0,1
3169,2019,Alicante,10,Miércoles,20,Travesía,Otro,Colisión por alcance,Buen tiempo,Se desconoce,2,0,0,2
3170,2019,Alicante,10,Jueves,13,Travesía,Otro,Caída de motociclista,Buen tiempo,Pleno día,1,0,0,1
3171,2019,Alicante,10,Viernes,8,Zona interurbana,Camino vecinal,Colisión frontolateral,Buen tiempo,Pleno día,1,0,0,1
3172,2019,Alicante,10,Martes,21,Travesía,Otro,Choque obstáculo lateral,Buen tiempo,Noche sin iluminación,1,0,0,1
3173,2019,Alicante,10,Viernes,10,Travesía,Otro,Choque obstáculo lateral,Buen tiempo,Pleno día,2,0,0,2
3174,2019,Alicante,9,Miércoles,18,Travesía,Otro,Colisión por alcance,Buen tiempo,Pleno día,1,0,0,1
3175,2019,Alicante,10,Martes,6,Travesía,Otro,Colisión frontolateral,Buen tiempo,Se desconoce,1,0,1,0
3176,2019,Alicante,10,Sábado,12,Travesía,Otro,Colisión lateral,Buen tiempo,Pleno día,1,0,0,1
3177,2019,Alicante,10,Martes,7,Zona interurbana,Vía urbana,Colisión frontal,Buen tiempo,Se desconoce,2,0,0,2
3178,2019,Alicante,10,Domingo,10,Travesía,Travesía,Colisión frontolateral,Buen tiempo,Pleno día,1,0,0,1
3179,2019,Alicante,10,Martes,15,Zona interurbana,Calle,Salida vía izquierda,Granizo,Pleno día,2,0,2,0
3180,2019,Alicante,8,Martes,11,Travesía,Otro,Colisión por alcance,Buen tiempo,Pleno día,1,0,0,1
3181,2019,Alicante,10,Jueves,9,Travesía,Otro,Choque obstáculo lateral,Buen tiempo,Pleno día,1,0,0,1
3182,2019,Alicante,10,Miércoles,18,Travesía,Otro,Colisión por alcance,Buen tiempo,Pleno día,1,0,0,1
3183,2019,Alicante,10,Viernes,15,Travesía,Otro,Colisión frontolateral,Buen tiempo,Pleno día,1,0,0,1
3184,2019,Alicante,10,Miércoles,14,Travesía,Otro,Colisión lateral,Buen tiempo,Pleno día,1,0,0,1
3185,2019,Alicante,8,Miércoles,15,Travesía,Otro urbano,Colisión frontolateral,Buen tiempo,Pleno día,1,0,0,1
3186,2019,Alicante,10,Miércoles,17,Zona interurbana,Vía convencional,Colisión múltiple,Lluvia,Pleno día,5,0,0,5
3187,2019,Alicante,10,Martes,17,Travesía,Otro,Colisión frontolateral,Buen tiempo,Pleno día,1,0,0,1
3188,2019,Alicante,8,Jueves,14,Travesía,Otro,Colisión frontolateral,Buen tiempo,Pleno día,1,0,0,1
3189,2019,Alicante,8,Martes,20,Travesía,Otro,Colisión frontolateral,Buen tiempo,Pleno día,1,0,0,1
3190,2019,Alicante,9,Viernes,13,Travesía,Otro,Colisión frontolateral,Buen tiempo,Pleno día,1,0,0,1
3191,2019,Alicante,10,Martes,9,Travesía,Otro,Choque obstáculo lateral,Granizo,Pleno día,1,0,0,1
3192,2019,Alicante,10,Lunes,7,Zona interurbana,Vía urbana,Animal en calzada,Buen tiempo,Noche ilum. insuficiente,1,0,0,1
3193,2019,Alicante,10,Martes,7,Zona interurbana,Camino vecinal,Colisión frontolateral,Nieve,Amanecer/Anochecer,1,0,0,1
3194,2019,Alicante,10,Miércoles,8,Travesía,Otro,Choque obstáculo lateral,Buen tiempo,Pleno día,1,0,0,1
3195,2019,Alicante,10,Viernes,19,Zona interurbana,Vía urbana,Colisión por alcance,Buen tiempo,Amanecer/Anochecer,2,0,0,2
3196,2019,Alicante,10,Jueves,12,Travesía,Otro,Colisión lateral,Buen tiempo,Pleno día,1,0,0,1
3197,2019,Alicante,10,Miércoles,8,Travesía,Otro,Colisión frontolateral,Buen tiempo,Pleno día,1,0,0,1
3198,2019,Alicante,8,Domingo,19,Travesía,Otro urbano,Otro tipo,Buen tiempo,Pleno día,2,0,0,2
3199,2019,Alicante,10,Jueves,15,Travesía,Otro,Colisión frontolateral,Buen tiempo,Pleno día,1,0,0,1
3200,2019,Alicante,10,Viernes,14,Travesía,Otro,Colisión múltiple,Buen tiempo,Pleno día,1,0,0,1
3201,2019,Alicante,10,Miércoles,8,Zona interurbana,Ramal/enlace,Colisión por alcance,Buen tiempo,Pleno día,1,0,0,1
3202,2019,Alicante,10,Miércoles,20,Zona interurbana,Vía urbana,Animal en calzada,Buen tiempo,Amanecer/Anochecer,1,0,0,1
3203,2019,Alicante,10,Jueves,19,Zona interurbana,Vía convencional,Colisión por alcance,Buen tiempo,Se desconoce,2,0,0,2
3204,2019,Alicante,10,Jueves,11,Travesía,Otro,Colisión por alcance,Buen tiempo,Pleno día,1,0,0,1
3205,2019,Alicante,8,Jueves,13,Travesía,Otro,Colisión por alcance,Buen tiempo,Pleno día,1,0,0,1
3206,2019,Alicante,10,Lunes,21,Travesía,Otro,Colisión múltiple,Lluvia,Noche sin iluminación,4,0,0,4
3207,2019,Alicante,10,Domingo,2,Zona interurbana,Vía urbana,Colisión por alcance,Buen tiempo,Se desconoce,1,0,0,1
3208,2019,Alicante,10,Viernes,10,Travesía,Otro,Colisión lateral,Buen tiempo,Pleno día,1,0,0,1
3209,2019,Alicante,10,Jueves,19,Travesía,Otro,Colisión frontolateral,Buen tiempo,Amanecer/Anochecer,1,0,0,1
3210,2019,Alicante,10,Jueves,13,Travesía,Otro,Colisión frontolateral,Buen tiempo,Pleno día,1,0,0,1
3211,2019,Alicante,10,Domingo,7,Zona interurbana,Vía urbana,Colisión por alcance,Buen tiempo,Pleno día,1,0,0,1
3212,2019,Alicante,10,Jueves,10,Travesía,Otro,Colisión frontolateral,Buen tiempo,Pleno día,1,0,0,1
3213,2019,Alicante,10,Martes,17,Travesía,Otro,Colisión por alcance,Buen tiempo,Pleno día,1,0,0,1
3214,2019,Alicante,10,Viernes,9,Travesía,Otro,Colisión lateral,Buen tiempo,Pleno día,1,0,0,1
3215,2019,Alicante,10,Martes,13,Travesía,Otro,Colisión frontolateral,Granizo,Pleno día,1,0,0,1
3216,2019,Alicante,11,Lunes,13,Zona interurbana,Vía urbana,Se desconoce,Buen tiempo,Pleno día,1,0,0,1
3217,2019,Alicante,11,Domingo,20,Zona interurbana,Vía urbana,Colisión por alcance,Buen tiempo,Se desconoce,2,0,0,2
3218,2019,Alicante,10,Martes,14,Travesía,Otro,Se desconoce,Granizo,Pleno día,1,0,0,1
3219,2019,Alicante,10,Jueves,15,Zona interurbana,Vía convencional,Colisión por alcance,Buen tiempo,Pleno día,1,0,0,1
3220,2019,Alicante,10,Martes,20,Travesía,Otro,Colisión por alcance,Buen tiempo,Noche sin iluminación,1,0,0,1
3221,2019,Alicante,10,Jueves,18,Travesía,Otro urbano,Choque obstáculo lateral,Buen tiempo,Pleno día,1,0,0,1
3222,2019,Alicante,10,Miércoles,9,Travesía,Otro,Choque obstáculo lateral,Buen tiempo,Pleno día,1,0,0,1
3223,2019,Alicante,11,Jueves,7,Travesía,Otro,Colisión lateral,Buen tiempo,Noche con iluminación,1,0,0,1
3224,2019,Alicante,10,Lunes,7,Travesía,Otro urbano,Colisión frontolateral,Buen tiempo,Se desconoce,1,0,0,1
3225,2019,Alicante,10,Jueves,18,Travesía,Otro,Colisión frontolateral,Buen tiempo,Noche sin iluminación,2,0,0,2
3226,2019,Alicante,11,Sábado,0,Travesía,Otro,Salida vía izquierda,Buen tiempo,Noche sin iluminación,1,0,0,1
3227,2019,Alicante,10,Viernes,13,Travesía,Otro,Colisión frontolateral,Buen tiempo,Pleno día,1,0,0,1
3228,2019,Alicante,11,Martes,11,Travesía,Otro,Animal en calzada,Buen tiempo,Pleno día,1,0,0,1
3229,2019,Alicante,11,Viernes,9,Travesía,Otro,Salida vía izquierda,Buen tiempo,Pleno día,1,0,0,1
3230,2019,Alicante,11,Lunes,10,Travesía,Otro,Colisión frontolateral,Buen tiempo,Pleno día,1,0,0,1
3231,2019,Alicante,10,Miércoles,19,Travesía,Otro,Choque obstáculo calzada,Buen tiempo,Noche con iluminación,1,0,0,1
3232,2019,Alicante,11,Jueves,15,Travesía,Otro,Choque obstáculo lateral,Buen tiempo,Pleno día,1,0,0,1
3233,2019,Alicante,10,Viernes,13,Travesía,Otro,Salida vía izquierda,Buen tiempo,Pleno día,1,0,0,1
3234,2019,Alicante,11,Martes,15,Travesía,Otro,Colisión por alcance,Buen tiempo,Pleno día,1,0,0,1
3235,2019,Alicante,11,Miércoles,11,Travesía,Otro,Choque obstáculo lateral,Buen tiempo,Pleno día,1,0,0,1
3236,2019,Alicante,10,Miércoles,9,Travesía,Otro,Colisión lateral,Buen tiempo,Pleno día,1,0,0,1
3237,2019,Alicante,11,Jueves,12,Travesía,Otro,Colisión frontolateral,Lluvia,Pleno día,2,0,0,2
3238,2019,Alicante,11,Jueves,10,Travesía,Otro,Colisión frontolateral,Lluvia,Pleno día,1,0,0,1
3239,2019,Alicante,10,Lunes,9,Travesía,Otro,Choque obstáculo lateral,Buen tiempo,Pleno día,1,0,0,1
3240,2019,Alicante,11,Jueves,11,Travesía,Otro,Colisión frontolateral,Buen tiempo,Pleno día,1,0,0,1
3241,2019,Alicante,11,Sábado,10,Travesía,Otro,Colisión frontolateral,Buen tiempo,Pleno día,1,0,0,1
3242,2019,Alicante,11,Lunes,15,Travesía,Otro,Colisión por alcance,Lluvia,Pleno día,1,0,0,1
3243,2019,Alicante,11,Viernes,20,Zona interurbana,Vía urbana,Salida vía izquierda,Granizo,Se desconoce,1,0,0,1
3244,2019,Alicante,11,Jueves,8,Zona interurbana,Camino vecinal,Colisión lateral,Buen tiempo,Pleno día,1,0,0,1
3245,2019,Alicante,11,Viernes,8,Zona interurbana,Vía convencional,Colisión por alcance,Lluvia,Pleno día,2,0,0,2
3246,2019,Alicante,11,Miércoles,17,Zona interurbana,Camino vecinal,Colisión frontolateral,Buen tiempo,Noche con iluminación,3,0,0,3
3247,2019,Alicante,11,Jueves,18,Travesía,Otro,Animal en calzada,Buen tiempo,Noche sin iluminación,1,0,0,1
3248,2019,Alicante,11,Jueves,15,Travesía,Otro,Colisión frontolateral,Buen tiempo,Pleno día,2,0,0,2
3249,2019,Alicante,11,Lunes,10,Travesía,Otro,Colisión por alcance,Buen tiempo,Pleno día,2,0,0,2
3250,2019,Alicante,11,Lunes,21,Travesía,Otro,Choque obstáculo lateral,Buen tiempo,Noche sin iluminación,1,0,0,1
3251,2019,Alicante,12,Domingo,3,Zona interurbana,Vía convencional,Salida vía izquierda,Buen tiempo,Noche sin iluminación,1,0,0,1
3252,2019,Alicante,11,Viernes,18,Travesía,Otro,Choque obstáculo calzada,Granizo,Noche sin iluminación,1,0,0,1
3253,2019,Alicante,10,Lunes,21,Travesía,Otro,Colisión frontolateral,Buen tiempo,Noche sin iluminación,1,0,0,1
3254,2019,Alicante,11,Miércoles,14,Travesía,Otro,Colisión por alcance,Buen tiempo,Pleno día,2,0,0,2
3255,2019,Alicante,8,Viernes,19,Travesía,Otro,Colisión lateral,Buen tiempo,Amanecer/Anochecer,1,0,0,1
3256,2019,Alicante,11,Jueves,20,Travesía,Otro,Colisión frontolateral,Buen tiempo,Noche sin iluminación,1,0,0,1
3257,2019,Alicante,11,Lunes,17,Travesía,Otro,Colisión frontolateral,Buen tiempo,Amanecer/Anochecer,1,0,0,1
3258,2019,Alicante,12,Martes,18,Travesía,Otro,Colisión frontolateral,Granizo,Pleno día,1,0,0,1
3259,2019,Alicante,11,Martes,21,Travesía,Otro,Colisión por alcance,Lluvia,Noche sin iluminación,1,0,0,1
3260,2019,Alicante,11,Miércoles,11,Zona interurbana,Vía convencional,Animal en calzada,Buen tiempo,Pleno día,1,0,0,1
3261,2019,Alicante,11,Domingo,19,Zona interurbana,Camino vecinal,Animal en calzada,Buen tiempo,Se desconoce,2,0,0,2
3262,2019,Alicante,11,Miércoles,14,Zona interurbana,Vía urbana,Colisión por alcance,Buen tiempo,Pleno día,1,0,0,1
3263,2019,Alicante,12,Domingo,18,Zona interurbana,Vía convencional,Colisión por alcance,Buen tiempo,Se desconoce,1,0,0,1
3264,2019,Alicante,12,Sábado,16,Zona interurbana,Vía convencional,Animal en calzada,Buen tiempo,Pleno día,1,0,0,1
3265,2019,Alicante,12,Lunes,14,Zona interurbana,Vía urbana,Colisión por alcance,Buen tiempo,Pleno día,1,0,0,1
3266,2019,Alicante,12,Domingo,20,Zona interurbana,Vía convencional,Colisión lateral,Buen tiempo,Se desconoce,1,0,0,1
3267,2019,Alicante,12,Domingo,10,Zona interurbana,Vía urbana,Animal en calzada,Buen tiempo,Pleno día,1,0,0,1
3268,2019,Alicante,12,Miércoles,14,Zona interurbana,Vía urbana,Colisión por alcance,Buen tiempo,Pleno día,3,0,0,3
3269,2019,Alicante,12,Martes,15,Zona interurbana,Vía convencional,Colisión por alcance,Buen tiempo,Pleno día,2,0,0,2
3270,2019,Alicante,12,Domingo,15,Zona interurbana,Vía urbana,Colisión por alcance,Buen tiempo,Pleno día,1,0,0,1
3271,2019,Alicante,12,Domingo,6,Zona interurbana,Vía urbana,Se desconoce,Buen tiempo,Se desconoce,1,0,0,1
3272,2019,Alicante,12,Viernes,20,Zona interurbana,Vía urbana,Otro tipo,Granizo,Se desconoce,1,0,0,1
3273,2019,Alicante,12,Viernes,23,Zona interurbana,Vía convencional,Otro tipo,Lluvia,Se desconoce,2,0,0,2
3274,2019,Alicante,12,Martes,9,Zona interurbana,Camino vecinal,Colisión lateral,Buen tiempo,Pleno día,1,0,0,1
3275,2019,Alicante,1,Jueves,20,Travesía,Otro,Colisión lateral,Buen tiempo,Noche sin iluminación,2,0,0,2
3276,2019,Alicante,1,Miércoles,19,Travesía,Otro,Choque obstáculo lateral,Buen tiempo,Noche sin iluminación,1,0,0,1
3277,2019,Alicante,1,Lunes,10,Zona interurbana,Vía urbana,Colisión frontolateral,Buen tiempo,Pleno día,2,0,0,2
3278,2019,Alicante,2,Domingo,18,Travesía,Otro,Colisión frontolateral,Buen tiempo,Pleno día,1,0,0,1
3279,2019,Alicante,2,Jueves,17,Travesía,Otro,Choque obstáculo lateral,Buen tiempo,Amanecer/Anochecer,1,0,0,1
3280,2019,Alicante,2,Lunes,15,Travesía,Otro,Animal en calzada,Buen tiempo,Pleno día,1,0,0,1
3281,2019,Alicante,2,Sábado,17,Zona interurbana,Vía urbana,Caída de motociclista,Buen tiempo,Pleno día,2,0,0,2
3282,2019,Alicante,3,Sábado,10,Travesía,Otro,Choque obstáculo lateral,Buen tiempo,Pleno día,1,0,0,1
3283,2019,Alicante,3,Miércoles,7,Travesía,Otro,Colisión frontolateral,Buen tiempo,Pleno día,1,0,0,1
3284,2019,Alicante,3,Viernes,15,Travesía,Otro,Colisión por alcance,Buen tiempo,Pleno día,1,0,0,1
3285,2019,Alicante,4,Martes,15,Travesía,Otro,Colisión por alcance,Lluvia,Pleno día,3,0,0,3
3286,2019,Alicante,4,Viernes,21,Travesía,Otro,Colisión frontolateral,Nieve,Noche sin iluminación,1,0,0,1
3287,2019,Alicante,4,Viernes,13,Travesía,Otro,Colisión múltiple,Granizo,Pleno día,1,0,0,1
3288,2019,Alicante,4,Domingo,13,Zona interurbana,Vía convencional,Colisión múltiple,Granizo,Pleno día,1,0,0,1
3289,2019,Alicante,5,Jueves,20,Travesía,Otro,Colisión por alcance,Buen tiempo,Pleno día,1,0,1,0
3290,2019,Alicante,5,Viernes,17,Travesía,Otro,Se desconoce,Buen tiempo,Pleno día,1,1,0,0
3291,2019,Alicante,5,Jueves,11,Travesía,Otro,Choque obstáculo lateral,Buen tiempo,Pleno día,2,0,1,1
3292,2019,Alicante,5,Martes,19,Travesía,Otro,Choque obstáculo lateral,Buen tiempo,Amanecer/Anochecer,1,0,0,1
3293,2019,Alicante,5,Viernes,17,Travesía,Otro,Choque obstáculo lateral,Buen tiempo,Pleno día,1,0,0,1
3294,2019,Alicante,6,Martes,14,Travesía,Otro,Colisión lateral,Buen tiempo,Pleno día,1,0,0,1
3295,2019,Alicante,5,Martes,11,Travesía,Otro,Choque obstáculo lateral,Buen tiempo,Pleno día,1,0,0,1
3296,2019,Alicante,6,Jueves,16,Travesía,Otro,Choque obstáculo lateral,Buen tiempo,Pleno día,1,0,0,1