ID_ACCIDENTE,AÑO,PROVINCIA,MES,DIA_SEMANA,HORA,ZONA,TIPO_VIA,TIPO_ACCIDENTE,CONDICION_METEO,CONDICION_ILUMINACION,TOTAL_VICTIMAS,FALLECIDOS_24H,HERIDOS_GRAVES,HERIDOS_LEVES
3297,2019,Alicante,6,Viernes,20,Travesía,Otro,Choque obstáculo lateral,Buen tiempo,Noche con iluminación,1,0,0,1
3298,2019,Alicante,6,Jueves,1,Travesía,Otro,Colisión frontolateral,Buen tiempo,Noche sin iluminación,1,0,0,1
3299,2019,Alicante,6,Domingo,20,Travesía,Otro,Animal en calzada,Buen tiempo,Amanecer/Anochecer,2,0,0,2
3300,2019,Alicante,6,Miércoles,11,Travesía,Otro,Choque obstáculo lateral,Buen tiempo,Pleno día,1,0,0,1
3301,2019,Alicante,6,Martes,18,Travesía,Otro,Colisión frontolateral,Buen tiempo,Pleno día,1,0,0,1
3302,2019,Alicante,6,Martes,12,Travesía,Otro,Choque obstáculo lateral,Buen tiempo,Pleno día,1,0,0,1
3303,2019,Alicante,6,Miércoles,18,Zona interurbana,Vía urbana,Colisión frontolateral,Buen tiempo,Pleno día,2,0,0,2
3304,2019,Alicante,7,Lunes,12,Travesía,Otro,Choque obstáculo lateral,Buen tiempo,Pleno día,1,0,0,1
3305,2019,Alicante,7,Miércoles,21,Travesía,Otro,Colisión frontolateral,Buen tiempo,Amanecer/Anochecer,2,0,0,2
3306,2019,Alicante,8,Viernes,7,Travesía,Otro,Choque obstáculo lateral,Buen tiempo,Pleno día,1,0,0,1
3307,2019,Alicante,8,Lunes,20,Travesía,Otro,Colisión frontolateral,Buen tiempo,Pleno día,1,0,0,1
3308,2019,Alicante,8,Sábado,21,Travesía,Otro,Colisión por alcance,Buen tiempo,Noche con iluminación,1,0,0,1
3309,2019,Alicante,7,Viernes,0,Travesía,Otro,Colisión frontolateral,Buen tiempo,Noche sin iluminación,2,0,0,2
3310,2019,Alicante,9,Miércoles,16,Travesía,Otro,Colisión frontolateral,Buen tiempo,Pleno día,1,0,0,1
3311,2019,Alicante,8,Sábado,11,Zona interurbana,Vía urbana,Colisión frontal,Buen tiempo,Pleno día,1,0,0,1
3312,2019,Alicante,9,Lunes,9,Zona interurbana,Camino vecinal,Caída de motociclista,Buen tiempo,Pleno día,1,0,0,1
3313,2019,Alicante,9,Miércoles,11,Zona interurbana,Camino vecinal,Colisión frontolateral,Buen tiempo,Pleno día,1,0,1,0
3314,2019,Alicante,9,Sábado,23,Travesía,Otro,Colisión frontolateral,Buen tiempo,Noche sin iluminación,1,0,0,1
3315,2019,Alicante,11,Miércoles,7,Zona interurbana,Vía urbana,Caída de motociclista,Buen tiempo,Pleno día,1,0,0,1
3316,2019,Alicante,11,Lunes,14,Travesía,Otro,Colisión frontolateral,Buen tiempo,Pleno día,1,0,0,1
3317,2019,Alicante,11,Viernes,9,Travesía,Otro,Colisión por alcance,Buen tiempo,Pleno día,3,0,0,3
3318,2019,Alicante,11,Miércoles,20,Travesía,Otro,Objeto desprendido,Buen tiempo,Noche sin iluminación,1,0,0,1
3319,2019,Alicante,11,Jueves,14,Travesía,Otro,Choque obstáculo lateral,Buen tiempo,Pleno día,1,0,0,1
3320,2019,Alicante,11,Viernes,21,Travesía,Otro,Objeto desprendido,Granizo,Noche sin iluminación,1,0,0,1
3321,2019,Alicante,11,Viernes,10,Travesía,Otro,Choque obstáculo lateral,Buen tiempo,Pleno día,1,0,0,1
3322,2019,Alicante,11,Viernes,20,Zona interurbana,Vía urbana,Choque obstáculo lateral,Buen tiempo,Se desconoce,1,0,1,0
3323,2019,Alicante,11,Viernes,14,Travesía,Otro,Animal en calzada,Buen tiempo,Pleno día,1,0,0,1
3324,2019,Alicante,12,Miércoles,17,Travesía,Travesía,Choque obstáculo lateral,Buen tiempo,Pleno día,1,0,0,1
3325,2019,Alicante,12,Jueves,18,Travesía,Otro,Colisión frontolateral,Buen tiempo,Noche sin iluminación,1,0,0,1
3326,2019,Alicante,12,Domingo,11,Zona interurbana,Ramal/enlace,Caída de motociclista,Buen tiempo,Pleno día,1,0,0,1
3327,2019,Alicante,12,Sábado,11,Travesía,Otro,Colisión frontolateral,Buen tiempo,Pleno día,1,0,0,1
3328,2019,Alicante,12,Lunes,14,Travesía,Otro,Colisión frontolateral,Buen tiempo,Pleno día,1,0,0,1
3329,2019,Alicante,2,Sábado,11,Zona interurbana,Vía urbana,Colisión frontolateral,Buen tiempo,Pleno día,1,0,0,1
3330,2019,Alicante,3,Domingo,10,Zona interurbana,Vía urbana,Se desconoce,Buen tiempo,Pleno día,1,0,0,1
3331,2019,Alicante,3,Lunes,14,Zona interurbana,Camino vecinal,Colisión frontolateral,Buen tiempo,Pleno día,1,0,0,1
3332,2019,Alicante,3,Jueves,13,Travesía,Otro,Colisión por alcance,Buen tiempo,Pleno día,1,0,0,1
3333,2019,Alicante,3,Viernes,11,Zona interurbana,Vía urbana,Atropello a peatón,Buen tiempo,Pleno día,1,0,0,1
3334,2019,Alicante,3,Miércoles,11,Travesía,Otro,Choque obstáculo lateral,Buen tiempo,Pleno día,1,0,1,0
3335,2019,Alicante,4,Miércoles,2,Travesía,Otro,Colisión lateral,Buen tiempo,Noche sin iluminación,1,0,0,1
3336,2019,Alicante,4,Miércoles,15,Zona interurbana,Vía urbana,Atropello a ciclista,Buen tiempo,Pleno día,1,0,0,1
3337,2019,Alicante,4,Sábado,14,Travesía,Otro,Colisión lateral,Buen tiempo,Pleno día,1,0,0,1
3338,2019,Alicante,4,Sábado,14,Travesía,Otro,Animal en calzada,Buen tiempo,Pleno día,1,0,0,1
3339,2019,Alicante,4,Martes,18,Travesía,Otro,Choque obstáculo lateral,Buen tiempo,Pleno día,1,0,0,1
3340,2019,Alicante,5,Viernes,10,Travesía,Otro,Colisión lateral,Buen tiempo,Pleno día,1,0,0,1
3341,2019,Alicante,5,Miércoles,14,Travesía,Otro,Colisión por alcance,Buen tiempo,Pleno día,2,0,0,2
3342,2019,Alicante,5,Miércoles,2,Zona interurbana,Vía urbana,Colisión lateral,Buen tiempo,Noche sin iluminación,1,0,0,1
3343,2019,Alicante,6,Sábado,10,Travesía,Otro,Colisión lateral,Buen tiempo,Pleno día,1,0,0,1
3344,2019,Alicante,6,Jueves,18,Travesía,Otro,Colisión frontolateral,Buen tiempo,Pleno día,1,0,0,1
3345,2019,Alicante,7,Sábado,19,Zona interurbana,Vía urbana,Colisión por alcance,Buen tiempo,Pleno día,1,0,0,1
3346,2019,Alicante,7,Sábado,19,Zona interurbana,Vía urbana,Colisión lateral,Buen tiempo,Pleno día,1,0,0,1
3347,2019,Alicante,7,Lunes,8,Zona interurbana,Vía urbana,Animal en calzada,Granizo,Pleno día,1,0,0,1
3348,2019,Alicante,7,Jueves,11,Travesía,Otro,Choque obstáculo lateral,Buen tiempo,Pleno día,1,0,0,1
3349,2019,Alicante,7,Sábado,11,Zona interurbana,Vía urbana,Colisión lateral,Buen tiempo,Pleno día,1,0,0,1
3350,2019,Alicante,8,Lunes,11,Zona interurbana,Ramal/enlace,Colisión múltiple,Buen tiempo,Pleno día,1,0,0,1
3351,2019,Alicante,8,Martes,13,Zona interurbana,Camino vecinal,Atropello a peatón,Buen tiempo,Pleno día,1,0,0,1
3352,2019,Alicante,8,Domingo,15,Zona interurbana,Vía urbana,Se desconoce,Buen tiempo,Pleno día,1,0,0,1
3353,2019,Alicante,8,Jueves,12,Travesía,Otro,Colisión lateral,Buen tiempo,Pleno día,1,0,1,0
3354,2019,Alicante,8,Martes,7,Zona interurbana,Vía urbana,Colisión frontolateral,Buen tiempo,Pleno día,1,0,0,1
3355,2019,Alicante,8,Sábado,19,Zona interurbana,Vía urbana,Animal en calzada,Buen tiempo,Pleno día,1,0,0,1
3356,2019,Alicante,8,Lunes,14,Travesía,Otro,Colisión múltiple,Buen tiempo,Pleno día,2,0,0,2
3357,2019,Alicante,9,Lunes,19,Travesía,Otro,Colisión por alcance,Buen tiempo,Pleno día,1,0,0,1
3358,2019,Alicante,9,Jueves,13,Travesía,Otro,Se desconoce,Buen tiempo,Pleno día,2,0,0,2
3359,2019,Alicante,9,Viernes,12,Travesía,Calle peatonal,Colisión lateral,Buen tiempo,Pleno día,2,0,0,2
3360,2019,Alicante,10,Jueves,20,Zona interurbana,Camino vecinal,Atropello a peatón,Buen tiempo,Noche sin iluminación,1,0,1,0
3361,2019,Alicante,10,Martes,18,Travesía,Otro,Colisión por alcance,Buen tiempo,Pleno día,1,0,0,1
3362,2019,Alicante,10,Martes,16,Zona interurbana,Camino vecinal,Atropello a peatón,Lluvia,Pleno día,1,0,0,1
3363,2019,Alicante,10,Martes,8,Zona interurbana,Camino vecinal,Salida vía izquierda,Nieve,Amanecer/Anochecer,1,0,0,1
3364,2019,Alicante,11,Martes,16,Travesía,Otro,Animal en calzada,Buen tiempo,Pleno día,1,0,0,1
3365,2019,Alicante,11,Martes,21,Travesía,Otro,Choque obstáculo lateral,Buen tiempo,Noche sin iluminación,1,0,0,1
3366,2019,Alicante,11,Viernes,20,Travesía,Otro,Colisión por alcance,Granizo,Noche sin iluminación,2,0,0,2
3367,2019,Alicante,11,Jueves,12,Travesía,Otro,Choque obstáculo lateral,Buen tiempo,Pleno día,1,0,0,1
3368,2019,Alicante,11,Viernes,16,Zona interurbana,Vía urbana,Colisión por alcance,Buen tiempo,Pleno día,1,0,0,1
3369,2019,Alicante,12,Domingo,17,Zona interurbana,Vía urbana,Colisión frontolateral,Buen tiempo,Pleno día,1,0,0,1
3370,2019,Alicante,4,Viernes,23,Zona interurbana,Calle,Animal en calzada,Buen tiempo,Noche sin iluminación,1,0,0,1
3371,2019,Alicante,5,Lunes,14,Zona interurbana,Vía urbana,Colisión frontolateral,Buen tiempo,Pleno día,1,0,0,1
3372,2019,Alicante,7,Miércoles,20,Zona interurbana,Vía urbana,Colisión por alcance,Buen tiempo,Pleno día,4,0,0,4
3373,2019,Alicante,10,Sábado,18,Zona interurbana,Vía urbana,Salida vía izquierda,Buen tiempo,Noche con iluminación,1,0,0,1
3374,2019,Alicante,11,Martes,19,Zona interurbana,Vía urbana,Colisión frontolateral,Buen tiempo,Noche sin iluminación,1,0,0,1
3375,2019,Alicante,1,Jueves,19,Zona interurbana,Vía urbana,Colisión por alcance,Buen tiempo,Se desconoce,1,0,0,1
3376,2019,Alicante,7,Viernes,12,Zona interurbana,Vía urbana,Choque obstáculo lateral,Buen tiempo,Pleno día,2,0,2,0
3377,2019,Alicante,8,Viernes,18,Zona interurbana,Vía urbana,Colisión por alcance,Buen tiempo,Pleno día,2,0,0,2
3378,2019,Alicante,9,Miércoles,1,Zona interurbana,Autopista,Atropello a ciclista,Buen tiempo,Se desconoce,1,0,0,1
3379,2019,Alicante,10,Sábado,9,Zona interurbana,Autopista,Salida vía izquierda,Buen tiempo,Pleno día,1,0,0,1
3380,2019,Alicante,11,Lunes,17,Zona interurbana,Vía urbana,Colisión frontolateral,Buen tiempo,Pleno día,1,0,0,1
3381,2019,Alicante,12,Viernes,23,Zona interurbana,Vía urbana,Colisión frontal,Buen tiempo,Se desconoce,5,1,3,1
3382,2019,Alicante,6,Lunes,10,Zona interurbana,Vía urbana,Otro tipo,Buen tiempo,Pleno día,1,0,0,1
3383,2019,Alicante,8,Jueves,12,Zona interurbana,Vía urbana,Colisión frontal,Buen tiempo,Pleno día,1,0,1,0
3384,2019,Alicante,12,Martes,10,Zona interurbana,Vía urbana,Colisión frontolateral,Buen tiempo,Pleno día,2,0,0,2
3385,2019,Alicante,5,Domingo,10,Zona interurbana,Vía urbana,Colisión lateral,Buen tiempo,Pleno día,1,0,0,1
3386,2019,Alicante,10,Viernes,8,Zona interurbana,Vía urbana,Colisión frontolateral,Buen tiempo,Pleno día,2,0,0,2
3387,2019,Alicante,11,Lunes,4,Zona interurbana,Calle,Se desconoce,Buen tiempo,Se desconoce,2,0,0,2
3388,2019,Alicante,12,Miércoles,6,Zona interurbana,Vía urbana,Colisión por alcance,Lluvia,Noche sin iluminación,1,0,0,1
3389,2019,Alicante,1,Lunes,11,Zona interurbana,Vía urbana,Colisión frontolateral,Buen tiempo,Pleno día,1,0,0,1
3390,2019,Alicante,2,Lunes,9,Travesía,Otro,Choque obstáculo lateral,Buen tiempo,Pleno día,1,0,1,0
3391,2019,Alicante,2,Miércoles,22,Zona interurbana,Vía urbana,Colisión frontolateral,Buen tiempo,Se desconoce,1,0,0,1
3392,2019,Alicante,2,Viernes,13,Zona interurbana,Vía urbana,Colisión frontolateral,Buen tiempo,Pleno día,1,0,0,1
3393,2019,Alicante,3,Miércoles,22,Travesía,Otro,Choque obstáculo lateral,Otro,Noche sin iluminación,2,0,0,2
3394,2019,Alicante,3,Viernes,14,Zona interurbana,Camino vecinal,Se desconoce,Buen tiempo,Pleno día,1,0,0,1
3395,2019,Alicante,3,Sábado,9,Zona interurbana,Vía urbana,Colisión por alcance,Buen tiempo,Pleno día,1,0,0,1
3396,2019,Alicante,3,Martes,17,Zona interurbana,Camino vecinal,Caída de motociclista,Buen tiempo,Pleno día,1,0,0,1
3397,2019,Alicante,4,Sábado,16,Travesía,Otro,Colisión frontolateral,Granizo,Se desconoce,1,0,0,1
3398,2019,Alicante,4,Jueves,11,Travesía,Otro,Colisión frontolateral,Buen tiempo,Pleno día,1,0,0,1
3399,2019,Alicante,5,Martes,20,Zona interurbana,Vía urbana,Colisión frontolateral,Buen tiempo,Pleno día,1,0,0,1
3400,2019,Alicante,5,Viernes,20,Zona interurbana,Calle,Colisión frontolateral,Buen tiempo,Noche con iluminación,1,0,1,0
3401,2019,Alicante,5,Miércoles,21,Zona interurbana,Vía urbana,Colisión frontolateral,Buen tiempo,Amanecer/Anochecer,1,0,0,1
3402,2019,Alicante,5,Jueves,19,Zona interurbana,Calle,Colisión frontolateral,Buen tiempo,Pleno día,1,0,0,1
3403,2019,Alicante,6,Martes,11,Zona interurbana,Vía urbana,Colisión frontolateral,Buen tiempo,Pleno día,1,0,0,1
3404,2019,Alicante,6,Miércoles,13,Zona interurbana,Vía urbana,Colisión múltiple,Buen tiempo,Pleno día,2,0,0,2
3405,2019,Alicante,6,Jueves,12,Travesía,Otro,Objeto desprendido,Buen tiempo,Pleno día,1,0,0,1
3406,2019,Alicante,7,Miércoles,17,Travesía,Otro,Colisión frontolateral,Buen tiempo,Pleno día,4,0,0,4
3407,2019,Alicante,7,Lunes,11,Travesía,Otro,Colisión lateral,Buen tiempo,Pleno día,2,0,0,2
3408,2019,Alicante,7,Martes,12,Zona interurbana,Vía urbana,Colisión múltiple,Buen tiempo,Pleno día,2,0,0,2
3409,2019,Alicante,8,Martes,2,Zona interurbana,Vía urbana,Atropello a ciclista,Buen tiempo,Se desconoce,1,0,0,1
3410,2019,Alicante,8,Miércoles,11,Travesía,Otro,Animal en calzada,Buen tiempo,Pleno día,1,0,0,1
3411,2019,Alicante,8,Viernes,12,Travesía,Otro,Animal en calzada,Buen tiempo,Pleno día,1,0,0,1
3412,2019,Alicante,9,Miércoles,15,Zona interurbana,Calle,Atropello a ciclista,Buen tiempo,Pleno día,2,0,0,2
3413,2019,Alicante,8,Miércoles,0,Travesía,Otro,Colisión frontolateral,Buen tiempo,Noche sin iluminación,2,0,2,0
3414,2019,Alicante,9,Miércoles,11,Travesía,Calle peatonal,Choque obstáculo lateral,Buen tiempo,Pleno día,1,0,0,1
3415,2019,Alicante,10,Domingo,12,Travesía,Otro,Colisión frontolateral,Buen tiempo,Pleno día,1,0,0,1
3416,2019,Alicante,12,Martes,13,Zona interurbana,Camino vecinal,Colisión frontolateral,Buen tiempo,Pleno día,1,0,0,1
3417,2019,Alicante,4,Viernes,19,Zona interurbana,Vía urbana,Colisión por alcance,Buen tiempo,Noche con iluminación,1,0,0,1
3418,2019,Alicante,9,Sábado,20,Zona interurbana,Vía urbana,Choque obstáculo lateral,Buen tiempo,Se desconoce,1,0,1,0
3419,2019,Alicante,1,Sábado,18,Zona interurbana,Calle,Atropello a ciclista,Buen tiempo,Se desconoce,1,0,0,1
3420,2019,Alicante,2,Miércoles,15,Zona interurbana,Vía urbana,Choque obstáculo lateral,Buen tiempo,Pleno día,1,1,0,0
3421,2019,Alicante,1,Domingo,6,Travesía,Otro,Se desconoce,Buen tiempo,Noche sin iluminación,1,0,0,1
3422,2019,Alicante,1,Viernes,12,Travesía,Otro,Animal en calzada,Buen tiempo,Pleno día,1,0,0,1
3423,2019,Alicante,2,Viernes,11,Travesía,Otro,Colisión frontolateral,Buen tiempo,Pleno día,1,0,0,1
3424,2019,Alicante,3,Lunes,19,Zona interurbana,Vía urbana,Animal en calzada,Buen tiempo,Se desconoce,1,0,0,1
3425,2019,Alicante,3,Jueves,7,Travesía,Otro,Choque obstáculo lateral,Buen tiempo,Amanecer/Anochecer,1,0,0,1
3426,2019,Alicante,3,Miércoles,9,Travesía,Otro,Colisión por alcance,Lluvia,Pleno día,1,0,0,1
3427,2019,Alicante,4,Jueves,6,Travesía,Otro,Choque obstáculo lateral,Buen tiempo,Amanecer/Anochecer,1,0,0,1
3428,2019,Alicante,4,Sábado,5,Travesía,Otro,Choque obstáculo calzada,Buen tiempo,Noche sin iluminación,1,0,0,1
3429,2019,Alicante,4,Martes,18,Travesía,Otro,Choque obstáculo lateral,Buen tiempo,Amanecer/Anochecer,1,0,0,1
3430,2019,Alicante,5,Jueves,18,Travesía,Otro,Choque obstáculo lateral,Buen tiempo,Pleno día,1,0,0,1
3431,2019,Alicante,5,Lunes,18,Travesía,Otro,Colisión frontolateral,Buen tiempo,Pleno día,1,0,0,1
3432,2019,Alicante,5,Jueves,5,Zona interurbana,Vía urbana,Colisión frontolateral,Buen tiempo,Se desconoce,1,0,0,1
3433,2019,Alicante,6,Lunes,11,Zona interurbana,Vía urbana,Atropello a peatón,Buen tiempo,Pleno día,1,0,0,1
3434,2019,Alicante,6,Sábado,13,Zona interurbana,Vía urbana,Choque obstáculo mediana,Buen tiempo,Pleno día,1,0,0,1
3435,2019,Alicante,6,Viernes,17,Zona interurbana,Vía urbana,Colisión frontolateral,Buen tiempo,Pleno día,2,0,0,2
3436,2019,Alicante,7,Sábado,8,Zona interurbana,Vía convencional,Se desconoce,Buen tiempo,Pleno día,1,0,0,1
3437,2019,Alicante,7,Martes,21,Zona interurbana,Vía urbana,Colisión por alcance,Buen tiempo,Pleno día,1,0,1,0
3438,2019,Alicante,8,Martes,15,Zona interurbana,Vía convencional,Colisión por alcance,Buen tiempo,Pleno día,1,0,0,1
3439,2019,Alicante,9,Miércoles,14,Zona interurbana,Vía convencional,Colisión por alcance,Buen tiempo,Pleno día,3,0,0,3
3440,2019,Alicante,9,Martes,18,Zona interurbana,Vía convencional,Se desconoce,Lluvia,Pleno día,1,0,0,1
3441,2019,Alicante,11,Domingo,19,Zona interurbana,Vía convencional,Colisión por alcance,Buen tiempo,Noche ilum. insuficiente,2,0,0,2
3442,2019,Alicante,3,Sábado,17,Zona interurbana,Vía urbana,Atropello a ciclista,Buen tiempo,Pleno día,1,0,0,1
3443,2019,Alicante,7,Viernes,21,Travesía,Otro,Colisión frontolateral,Buen tiempo,Noche sin iluminación,1,0,0,1
3444,2019,Alicante,7,Sábado,15,Zona interurbana,Vía urbana,Caída de motociclista,Buen tiempo,Pleno día,1,0,0,1
3445,2019,Alicante,9,Viernes,11,Zona interurbana,Vía urbana,Colisión por alcance,Buen tiempo,Pleno día,1,0,0,1
3446,2019,Alicante,12,Domingo,4,Zona interurbana,Vía urbana,Atropello a ciclista,Buen tiempo,Se desconoce,3,0,0,3
3447,2019,Alicante,12,Sábado,12,Zona interurbana,Vía urbana,Atropello a ciclista,Buen tiempo,Pleno día,2,0,0,2
3448,2019,Alicante,6,Domingo,5,Zona interurbana,Vía urbana,Salida vía izquierda,Buen tiempo,Noche sin iluminación,1,0,0,1
3449,2019,Alicante,11,Domingo,14,Zona interurbana,Vía urbana,Colisión frontal,Buen tiempo,Pleno día,2,0,2,0
3450,2019,Alicante,1,Miércoles,11,Zona interurbana,Vía urbana,Animal en calzada,Buen tiempo,Pleno día,2,0,0,2
3451,2019,Alicante,3,Viernes,13,Zona interurbana,Vía urbana,Animal en calzada,Buen tiempo,Pleno día,1,0,0,1
3452,2019,Alicante,5,Miércoles,18,Zona interurbana,Vía urbana,Colisión múltiple,Buen tiempo,Pleno día,1,0,1,0
3453,2019,Alicante,5,Jueves,23,Zona interurbana,Vía urbana,Caída de motociclista,Buen tiempo,Noche sin iluminación,1,0,0,1
3454,2019,Alicante,5,Jueves,13,Zona interurbana,Vía urbana,Colisión frontal,Buen tiempo,Pleno día,2,0,0,2
3455,2019,Alicante,6,Martes,11,Zona interurbana,Vía urbana,Colisión por alcance,Buen tiempo,Pleno día,2,0,0,2
3456,2019,Alicante,6,Lunes,12,Zona interurbana,Vía urbana,Atropello a ciclista,Buen tiempo,Pleno día,1,0,1,0
3457,2019,Alicante,6,Jueves,6,Zona interurbana,Vía urbana,Se desconoce,Buen tiempo,Amanecer/Anochecer,1,0,0,1
3458,2019,Alicante,7,Domingo,16,Zona interurbana,Vía urbana,Choque obstáculo mediana,Buen tiempo,Pleno día,1,0,0,1
3459,2019,Alicante,7,Jueves,11,Zona interurbana,Vía urbana,Colisión múltiple,Buen tiempo,Pleno día,1,0,0,1
3460,2019,Alicante,8,Lunes,13,Zona interurbana,Vía urbana,Colisión por alcance,Buen tiempo,Pleno día,2,0,0,2
3461,2019,Alicante,8,Martes,23,Zona interurbana,Vía urbana,Colisión lateral,Buen tiempo,Noche sin iluminación,1,0,0,1
3462,2019,Alicante,8,Domingo,13,Zona interurbana,Vía urbana,Colisión por alcance,Buen tiempo,Pleno día,2,0,0,2
3463,2019,Alicante,8,Jueves,10,Zona interurbana,Vía urbana,Colisión frontolateral,Buen tiempo,Pleno día,2,0,0,2
3464,2019,Alicante,9,Domingo,12,Zona interurbana,Vía urbana,Colisión frontolateral,Buen tiempo,Pleno día,1,0,0,1
3465,2019,Alicante,9,Sábado,14,Travesía,Otro,Choque obstáculo lateral,Buen tiempo,Pleno día,1,0,0,1
3466,2019,Alicante,8,Viernes,2,Travesía,Otro,Colisión frontolateral,Buen tiempo,Noche con iluminación,1,0,0,1
3467,2019,Alicante,8,Jueves,20,Travesía,Otro,Colisión lateral,Buen tiempo,Pleno día,1,0,0,1
3468,2019,Alicante,8,Martes,15,Travesía,Otro,Colisión frontolateral,Buen tiempo,Pleno día,1,0,0,1
3469,2019,Alicante,8,Miércoles,0,Travesía,Otro,Animal en calzada,Otro,Noche sin iluminación,1,0,0,1
3470,2019,Alicante,9,Miércoles,9,Travesía,Otro,Colisión frontolateral,Buen tiempo,Pleno día,1,0,0,1
3471,2019,Alicante,11,Jueves,21,Zona interurbana,Vía urbana,Colisión frontolateral,Buen tiempo,Noche ilum. insuficiente,1,0,0,1
3472,2019,Alicante,11,Martes,9,Zona interurbana,Vía urbana,Colisión lateral,Buen tiempo,Pleno día,1,0,0,1
3473,2019,Alicante,11,Martes,20,Zona interurbana,Vía urbana,Caída de motociclista,Buen tiempo,Noche sin iluminación,1,0,0,1
3474,2019,Alicante,1,Sábado,13,Zona interurbana,Vía urbana,Se desconoce,Buen tiempo,Pleno día,1,0,1,0
3475,2019,Alicante,2,Viernes,15,Travesía,Otro,Colisión por alcance,Otro,Pleno día,1,0,0,1
3476,2019,Alicante,2,Sábado,14,Zona interurbana,Vía urbana,Caída de motociclista,Buen tiempo,Pleno día,1,0,1,0
3477,2019,Alicante,3,Domingo,12,Zona interurbana,Vía urbana,Otro tipo,Buen tiempo,Pleno día,1,0,0,1
3478,2019,Alicante,3,Miércoles,14,Zona interurbana,Vía urbana,Caída de motociclista,Lluvia,Se desconoce,2,0,0,2
3479,2019,Alicante,3,Sábado,9,Zona interurbana,Vía urbana,Vuelco en calzada,Lluvia,Pleno día,1,0,0,1
3480,2019,Alicante,3,Domingo,11,Zona interurbana,Vía urbana,Caída de motociclista,Buen tiempo,Pleno día,1,0,0,1
3481,2019,Alicante,3,Domingo,12,Zona interurbana,Vía urbana,Caída de motociclista,Buen tiempo,Pleno día,1,0,0,1
3482,2019,Alicante,6,Sábado,11,Zona interurbana,Vía de servicio,Colisión frontolateral,Buen tiempo,Pleno día,1,0,0,1
3483,2019,Alicante,8,Viernes,19,Zona interurbana,Vía urbana,Colisión por alcance,Buen tiempo,Pleno día,2,0,1,1
3484,2019,Alicante,8,Martes,17,Zona interurbana,Vía convencional,Colisión por alcance,Nieve,Pleno día,2,0,0,2
3485,2019,Alicante,8,Viernes,18,Travesía,Otro,Choque obstáculo lateral,Buen tiempo,Pleno día,1,0,0,1
3486,2019,Alicante,10,Domingo,12,Zona interurbana,Vía urbana,Caída de motociclista,Buen tiempo,Pleno día,1,0,0,1
3487,2019,Alicante,11,Viernes,12,Zona interurbana,Vía urbana,Colisión frontal,Buen tiempo,Pleno día,2,1,0,1
3488,2019,Alicante,11,Viernes,9,Zona interurbana,Vía urbana,Caída de motociclista,Buen tiempo,Pleno día,1,0,0,1
3489,2019,Alicante,12,Jueves,7,Zona interurbana,Vía urbana,Otro tipo,Lluvia,Se desconoce,1,0,0,1
3490,2019,Alicante,12,Sábado,18,Zona interurbana,Vía urbana,Choque con bordillo,Buen tiempo,Se desconoce,2,0,0,2
3491,2019,Alicante,3,Miércoles,12,Zona interurbana,Vía urbana,Se desconoce,Buen tiempo,Pleno día,1,0,0,1
3492,2019,Alicante,5,Lunes,13,Zona interurbana,Vía urbana,Salida vía izquierda,Buen tiempo,Pleno día,1,0,0,1
3493,2019,Alicante,7,Martes,13,Zona interurbana,Vía urbana,Colisión frontolateral,Buen tiempo,Pleno día,1,0,0,1
3494,2019,Alicante,1,Jueves,17,Zona interurbana,Vía convencional,Colisión por alcance,Buen tiempo,Pleno día,1,0,0,1
3495,2019,Alicante,1,Domingo,0,Zona interurbana,Vía convencional,Colisión múltiple,Buen tiempo,Se desconoce,7,0,0,7
3496,2019,Alicante,1,Domingo,12,Zona interurbana,Calle,Caída de motociclista,Lluvia,Pleno día,1,0,0,1
3497,2019,Alicante,2,Sábado,10,Zona interurbana,Vía urbana,Caída de motociclista,Buen tiempo,Pleno día,1,0,0,1
3498,2019,Alicante,2,Viernes,11,Zona interurbana,Vía convencional,Colisión por alcance,Buen tiempo,Pleno día,2,0,0,2
3499,2019,Alicante,3,Lunes,19,Zona interurbana,Vía convencional,Colisión por alcance,Buen tiempo,Se desconoce,1,0,0,1
3500,2019,Alicante,2,Miércoles,17,Zona interurbana,Autopista,Salida vía izquierda,Buen tiempo,Pleno día,1,0,1,0
3501,2019,Alicante,4,Jueves,17,Zona interurbana,Vía convencional,Otro tipo,Nieve,Pleno día,2,0,0,2
3502,2019,Alicante,5,Domingo,17,Zona interurbana,Vía convencional,Caída de motociclista,Buen tiempo,Pleno día,1,0,0,1
3503,2019,Alicante,6,Domingo,18,Zona interurbana,Vía convencional,Colisión por alcance,Buen tiempo,Pleno día,1,0,0,1
3504,2019,Alicante,6,Martes,12,Zona interurbana,Vía convencional,Colisión múltiple,Buen tiempo,Pleno día,2,0,0,2
3505,2019,Alicante,7,Jueves,20,Zona interurbana,Vía convencional,Se desconoce,Buen tiempo,Pleno día,1,0,1,0
3506,2019,Alicante,7,Jueves,20,Zona interurbana,Vía convencional,Colisión por alcance,Buen tiempo,Pleno día,1,0,0,1