ID_ACCIDENTE,AÑO,PROVINCIA,MES,DIA_SEMANA,HORA,ZONA,TIPO_VIA,TIPO_ACCIDENTE,CONDICION_METEO,CONDICION_ILUMINACION,TOTAL_VICTIMAS,FALLECIDOS_24H,HERIDOS_GRAVES,HERIDOS_LEVES
3507,2019,Alicante,7,Sábado,8,Zona interurbana,Vía urbana,Colisión frontolateral,Buen tiempo,Pleno día,1,0,0,1
3508,2019,Alicante,8,Jueves,5,Zona interurbana,Vía convencional,Caída de ocupante,Buen tiempo,Se desconoce,1,1,0,0
3509,2019,Alicante,8,Sábado,8,Zona interurbana,Vía urbana,Colisión lateral,Buen tiempo,Pleno día,1,0,0,1
3510,2019,Alicante,8,Jueves,8,Zona interurbana,Vía convencional,Colisión por alcance,Buen tiempo,Pleno día,1,0,0,1
3511,2019,Alicante,9,Miércoles,7,Zona interurbana,Vía convencional,Otro tipo,Buen tiempo,Pleno día,2,0,0,2
3512,2019,Alicante,9,Martes,23,Zona interurbana,Vía convencional,Caída de motociclista,Buen tiempo,Se desconoce,1,0,0,1
3513,2019,Alicante,10,Sábado,5,Zona interurbana,Vía convencional,Vuelco en calzada,Buen tiempo,Noche ilum. insuficiente,2,0,0,2
3514,2019,Alicante,7,Lunes,19,Zona interurbana,Vía urbana,Colisión frontal,Buen tiempo,Pleno día,1,0,1,0
3515,2019,Alicante,11,Lunes,7,Zona interurbana,Vía convencional,Colisión múltiple,Buen tiempo,Pleno día,3,0,0,3
3516,2019,Alicante,11,Lunes,8,Zona interurbana,Vía convencional,Colisión por alcance,Buen tiempo,Pleno día,1,0,0,1
3517,2019,Alicante,11,Viernes,8,Zona interurbana,Vía convencional,Colisión múltiple,Buen tiempo,Pleno día,2,0,0,2
3518,2019,Alicante,11,Lunes,19,Zona interurbana,Vía convencional,Choque obstáculo calzada,Buen tiempo,Se desconoce,2,0,0,2
3519,2019,Alicante,12,Viernes,8,Zona interurbana,Vía convencional,Choque obstáculo calzada,Buen tiempo,Amanecer/Anochecer,1,0,0,1
3520,2019,Alicante,1,Sábado,13,Zona interurbana,Calle,Colisión frontolateral,Buen tiempo,Pleno día,1,0,0,1
3521,2019,Alicante,1,Miércoles,8,Travesía,Otro,Choque obstáculo lateral,Buen tiempo,Pleno día,1,0,0,1
3522,2019,Alicante,4,Jueves,17,Zona interurbana,Vía urbana,Colisión frontal,Buen tiempo,Pleno día,2,0,0,2
3523,2019,Alicante,6,Viernes,17,Zona interurbana,Vía urbana,Atropello a ciclista,Buen tiempo,Pleno día,2,0,0,2
3524,2019,Alicante,6,Jueves,11,Zona interurbana,Camino vecinal,Colisión frontolateral,Buen tiempo,Pleno día,1,0,1,0
3525,2019,Alicante,7,Martes,16,Zona interurbana,Vía urbana,Colisión frontolateral,Buen tiempo,Pleno día,1,0,0,1
3526,2019,Alicante,3,Martes,9,Travesía,Otro,Colisión frontolateral,Buen tiempo,Pleno día,1,0,1,0
3527,2019,Alicante,3,Miércoles,6,Travesía,Otro,Colisión frontolateral,Buen tiempo,Noche sin iluminación,3,0,0,3
3528,2019,Alicante,4,Sábado,13,Travesía,Otro,Colisión lateral,Buen tiempo,Pleno día,1,0,0,1
3529,2019,Alicante,7,Lunes,7,Zona interurbana,Vía urbana,Colisión por alcance,Buen tiempo,Pleno día,1,0,0,1
3530,2019,Alicante,5,Viernes,21,Travesía,Otro,Colisión frontolateral,Buen tiempo,Noche sin iluminación,2,0,0,2
3531,2019,Alicante,6,Viernes,19,Travesía,Otro,Colisión frontolateral,Buen tiempo,Pleno día,1,0,0,1
3532,2019,Alicante,6,Jueves,20,Travesía,Otro,Se desconoce,Buen tiempo,Noche con iluminación,1,0,1,0
3533,2019,Alicante,6,Sábado,20,Travesía,Otro,Choque obstáculo lateral,Buen tiempo,Amanecer/Anochecer,1,0,0,1
3534,2019,Alicante,7,Lunes,9,Travesía,Otro,Salida vía izquierda,Buen tiempo,Pleno día,2,0,0,2
3535,2019,Alicante,10,Viernes,13,Travesía,Otro,Colisión frontolateral,Buen tiempo,Pleno día,1,0,0,1
3536,2019,Alicante,10,Martes,22,Travesía,Otro,Animal en calzada,Buen tiempo,Noche sin iluminación,1,0,0,1
3537,2019,Alicante,11,Miércoles,15,Travesía,Otro,Colisión múltiple,Buen tiempo,Pleno día,3,0,0,3
3538,2019,Alicante,1,Miércoles,18,Zona interurbana,Camino vecinal,Colisión frontolateral,Buen tiempo,Noche sin iluminación,1,0,0,1
3539,2019,Alicante,1,Sábado,14,Zona interurbana,Camino vecinal,Se desconoce,Buen tiempo,Pleno día,1,0,0,1
3540,2019,Alicante,1,Miércoles,22,Zona interurbana,Calle,Colisión frontolateral,Buen tiempo,Se desconoce,1,0,0,1
3541,2019,Alicante,1,Lunes,16,Zona interurbana,Camino vecinal,Colisión lateral,Buen tiempo,Pleno día,1,0,0,1
3542,2019,Alicante,2,Jueves,19,Zona interurbana,Vía urbana,Colisión por alcance,Buen tiempo,Noche con iluminación,1,0,0,1
3543,2019,Alicante,2,Lunes,15,Zona interurbana,Vía urbana,Colisión por alcance,Lluvia,Pleno día,1,0,0,1
3544,2019,Alicante,2,Viernes,19,Zona interurbana,Autopista,Caída de ocupante,Buen tiempo,Amanecer/Anochecer,4,0,2,2
3545,2019,Alicante,2,Domingo,10,Zona interurbana,Vía urbana,Caída de motociclista,Buen tiempo,Pleno día,1,0,0,1
3546,2019,Alicante,3,Sábado,12,Zona interurbana,Vía urbana,Colisión lateral,Buen tiempo,Pleno día,2,0,1,1
3547,2019,Alicante,2,Domingo,21,Travesía,Otro,Colisión frontolateral,Buen tiempo,Noche sin iluminación,1,0,0,1
3548,2019,Alicante,3,Martes,11,Zona interurbana,Camino vecinal,Colisión frontolateral,Lluvia,Pleno día,1,0,0,1
3549,2019,Alicante,3,Domingo,20,Zona interurbana,Calle,Colisión por alcance,Buen tiempo,Se desconoce,1,0,0,1
3550,2019,Alicante,3,Lunes,22,Zona interurbana,Camino vecinal,Colisión frontolateral,Buen tiempo,Noche sin iluminación,1,0,0,1
3551,2019,Alicante,3,Lunes,19,Travesía,Otro,Salida vía izquierda,Buen tiempo,Noche sin iluminación,1,1,0,0
3552,2019,Alicante,2,Sábado,23,Travesía,Otro,Choque obstáculo calzada,Buen tiempo,Noche sin iluminación,1,0,0,1
3553,2019,Alicante,1,Viernes,9,Travesía,Otro,Choque obstáculo lateral,Buen tiempo,Pleno día,1,0,0,1
3554,2019,Alicante,3,Viernes,7,Travesía,Otro,Colisión frontolateral,Buen tiempo,Amanecer/Anochecer,1,0,0,1
3555,2019,Alicante,3,Jueves,16,Travesía,Otro,Choque obstáculo lateral,Buen tiempo,Pleno día,1,0,0,1
3556,2019,Alicante,3,Miércoles,7,Zona interurbana,Vía urbana,Otro tipo,Granizo,Pleno día,1,0,0,1
3557,2019,Alicante,2,Domingo,16,Travesía,Otro,Choque obstáculo lateral,Buen tiempo,Pleno día,2,0,0,2
3558,2019,Alicante,5,Martes,14,Zona interurbana,Vía urbana,Salida vía izquierda,Buen tiempo,Pleno día,1,0,0,1
3559,2019,Alicante,6,Martes,9,Zona interurbana,Camino vecinal,Colisión frontolateral,Buen tiempo,Pleno día,1,0,0,1
3560,2019,Alicante,6,Domingo,16,Zona interurbana,Vía urbana,Caída de motociclista,Lluvia,Pleno día,1,0,0,1
3561,2019,Alicante,6,Viernes,18,Zona interurbana,Ramal/enlace,Se desconoce,Buen tiempo,Pleno día,1,0,0,1
3562,2019,Alicante,6,Jueves,23,Zona interurbana,Vía urbana,Otro tipo,Buen tiempo,Se desconoce,1,0,0,1
3563,2019,Alicante,6,Domingo,7,Zona interurbana,Vía urbana,Colisión lateral,Buen tiempo,Pleno día,1,0,0,1
3564,2019,Alicante,7,Sábado,0,Zona interurbana,Vía convencional,Colisión lateral,Buen tiempo,Se desconoce,1,0,0,1
3565,2019,Alicante,7,Viernes,17,Zona interurbana,Vía urbana,Colisión por alcance,Buen tiempo,Pleno día,2,0,0,2
3566,2019,Alicante,7,Sábado,16,Zona interurbana,Vía urbana,Animal en calzada,Buen tiempo,Pleno día,1,0,0,1
3567,2019,Alicante,8,Domingo,9,Zona interurbana,Camino vecinal,Animal en calzada,Lluvia,Pleno día,1,0,0,1
3568,2019,Alicante,8,Sábado,12,Zona interurbana,Vía urbana,Colisión frontolateral,Buen tiempo,Pleno día,1,0,0,1
3569,2019,Alicante,8,Jueves,14,Zona interurbana,Vía urbana,Caída de motociclista,Buen tiempo,Pleno día,1,0,1,0
3570,2019,Alicante,8,Domingo,18,Zona interurbana,Camino vecinal,Colisión por alcance,Buen tiempo,Pleno día,1,0,0,1
3571,2019,Alicante,8,Sábado,13,Zona interurbana,Vía urbana,Choque obstáculo calzada,Buen tiempo,Pleno día,1,0,0,1
3572,2019,Alicante,10,Lunes,14,Zona interurbana,Vía urbana,Atropello a ciclista,Granizo,Pleno día,1,0,0,1
3573,2019,Alicante,6,Sábado,20,Travesía,Otro,Colisión frontolateral,Buen tiempo,Amanecer/Anochecer,1,0,0,1
3574,2019,Alicante,5,Viernes,11,Travesía,Otro,Choque obstáculo lateral,Buen tiempo,Pleno día,1,0,0,1
3575,2019,Alicante,6,Martes,14,Travesía,Otro,Colisión frontolateral,Buen tiempo,Pleno día,1,0,0,1
3576,2019,Alicante,7,Sábado,4,Travesía,Otro,Colisión frontolateral,Buen tiempo,Noche sin iluminación,2,0,0,2
3577,2019,Alicante,8,Viernes,14,Travesía,Otro,Colisión por alcance,Buen tiempo,Pleno día,1,0,0,1
3578,2019,Alicante,10,Miércoles,11,Travesía,Otro,Choque obstáculo lateral,Buen tiempo,Pleno día,2,0,0,2
3579,2019,Alicante,11,Martes,19,Zona interurbana,Calle,Animal en calzada,Buen tiempo,Se desconoce,1,0,0,1
3580,2019,Alicante,11,Jueves,6,Zona interurbana,Vía urbana,Caída de ocupante,Buen tiempo,Se desconoce,1,0,0,1
3581,2019,Alicante,12,Miércoles,7,Zona interurbana,Vía urbana,Colisión frontolateral,Buen tiempo,Amanecer/Anochecer,1,0,0,1
3582,2019,Alicante,12,Domingo,14,Zona interurbana,Vía urbana,Colisión lateral,Buen tiempo,Pleno día,1,0,0,1
3583,2019,Alicante,12,Martes,8,Zona interurbana,Vía urbana,Colisión por alcance,Buen tiempo,Pleno día,2,0,0,2
3584,2019,Alicante,12,Sábado,10,Zona interurbana,Camino vecinal,Colisión frontal,Buen tiempo,Pleno día,4,0,0,4
3585,2019,Alicante,6,Domingo,13,Zona interurbana,Vía urbana,Atropello a ciclista,Buen tiempo,Pleno día,1,0,0,1
3586,2019,Alicante,1,Martes,11,Zona interurbana,Vía convencional,Salida vía izquierda,Buen tiempo,Pleno día,1,0,0,1
3587,2019,Alicante,1,Domingo,20,Zona interurbana,Camino vecinal,Colisión por alcance,Buen tiempo,Noche sin iluminación,1,0,0,1
3588,2019,Alicante,2,Viernes,10,Zona interurbana,Vía urbana,Colisión frontolateral,Granizo,Pleno día,1,0,0,1
3589,2019,Alicante,1,Martes,10,Travesía,Otro,Colisión frontolateral,Buen tiempo,Pleno día,1,0,1,0
3590,2019,Alicante,2,Miércoles,9,Zona interurbana,Vía convencional,Choque con bordillo,Buen tiempo,Pleno día,1,0,0,1
3591,2019,Alicante,2,Jueves,17,Zona interurbana,Calle,Colisión frontolateral,Buen tiempo,Pleno día,2,0,0,2
3592,2019,Alicante,4,Sábado,19,Zona interurbana,Vía urbana,Se desconoce,Buen tiempo,Pleno día,2,0,0,2
3593,2019,Alicante,4,Jueves,13,Travesía,Otro,Colisión frontolateral,Lluvia,Pleno día,1,0,0,1
3594,2019,Alicante,6,Sábado,15,Travesía,Otro,Colisión frontolateral,Buen tiempo,Pleno día,2,0,0,2
3595,2019,Alicante,7,Lunes,21,Travesía,Otro,Colisión frontolateral,Otro,Amanecer/Anochecer,2,0,0,2
3596,2019,Alicante,7,Martes,20,Zona interurbana,Vía urbana,Salida vía izquierda,Buen tiempo,Pleno día,1,0,0,1
3597,2019,Alicante,8,Viernes,16,Zona interurbana,Vía convencional,Otro tipo,Buen tiempo,Pleno día,1,0,0,1
3598,2019,Alicante,8,Martes,20,Zona interurbana,Vía convencional,Caída de ocupante,Nieve,Amanecer/Anochecer,2,0,0,2
3599,2019,Alicante,7,Sábado,14,Travesía,Otro,Colisión frontolateral,Buen tiempo,Pleno día,1,0,0,1
3600,2019,Alicante,8,Domingo,11,Travesía,Otro,Colisión por alcance,Buen tiempo,Pleno día,2,0,0,2
3601,2019,Alicante,9,Miércoles,15,Zona interurbana,Vía convencional,Salida vía izquierda,Buen tiempo,Pleno día,1,0,0,1
3602,2019,Alicante,11,Sábado,1,Travesía,Otro,Objeto desprendido,Buen tiempo,Noche sin iluminación,1,0,1,0
3603,2019,Alicante,2,Viernes,2,Zona interurbana,Vía convencional,Choque obstáculo calzada,Buen tiempo,Se desconoce,3,1,2,0
3604,2019,Alicante,3,Martes,10,Zona interurbana,Vía convencional,Se desconoce,Buen tiempo,Pleno día,1,0,0,1
3605,2019,Alicante,2,Domingo,13,Zona interurbana,Vía urbana,Colisión lateral,Buen tiempo,Pleno día,3,0,0,3
3606,2019,Alicante,3,Miércoles,8,Zona interurbana,Vía convencional,Colisión lateral,Buen tiempo,Pleno día,1,0,0,1
3607,2019,Alicante,4,Jueves,11,Zona interurbana,Vía urbana,Colisión por alcance,Lluvia,Pleno día,3,0,0,3
3608,2019,Alicante,4,Martes,22,Zona interurbana,Camino vecinal,Salida vía izquierda,Nieve,Se desconoce,1,0,0,1
3609,2019,Alicante,4,Jueves,2,Zona interurbana,Vía urbana,Caída de ocupante,Buen tiempo,Se desconoce,3,0,0,3
3610,2019,Alicante,5,Sábado,21,Zona interurbana,Vía convencional,Otro tipo,Buen tiempo,Se desconoce,1,0,0,1
3611,2019,Alicante,5,Sábado,17,Zona interurbana,Vía urbana,Salida vía izquierda,Buen tiempo,Pleno día,1,0,0,1
3612,2019,Alicante,5,Domingo,11,Zona interurbana,Vía urbana,Caída de motociclista,Buen tiempo,Pleno día,1,0,0,1
3613,2019,Alicante,1,Lunes,13,Travesía,Otro,Choque obstáculo lateral,Buen tiempo,Pleno día,1,0,1,0
3614,2019,Alicante,8,Viernes,19,Zona interurbana,Vía urbana,Choque obstáculo mediana,Buen tiempo,Pleno día,2,0,0,2
3615,2019,Alicante,8,Jueves,7,Zona interurbana,Vía urbana,Colisión frontolateral,Buen tiempo,Pleno día,1,0,0,1
3616,2019,Alicante,8,Miércoles,12,Zona interurbana,Calle,Caída de ocupante,Buen tiempo,Pleno día,1,0,0,1
3617,2019,Alicante,8,Miércoles,16,Zona interurbana,Vía convencional,Colisión por alcance,Buen tiempo,Pleno día,2,0,0,2
3618,2019,Alicante,8,Jueves,20,Zona interurbana,Vía urbana,Atropello a ciclista,Buen tiempo,Amanecer/Anochecer,1,0,0,1
3619,2019,Alicante,2,Jueves,11,Travesía,Otro,Colisión frontolateral,Buen tiempo,Pleno día,1,0,0,1
3620,2019,Alicante,9,Sábado,23,Zona interurbana,Camino vecinal,Caída de motociclista,Buen tiempo,Noche sin iluminación,1,0,0,1
3621,2019,Alicante,2,Viernes,19,Travesía,Otro,Colisión frontolateral,Buen tiempo,Noche sin iluminación,1,0,0,1
3622,2019,Alicante,2,Miércoles,20,Travesía,Otro,Choque obstáculo lateral,Buen tiempo,Noche sin iluminación,1,0,0,1
3623,2019,Alicante,8,Martes,18,Zona interurbana,Vía urbana,Colisión frontal,Buen tiempo,Pleno día,2,0,1,1
3624,2019,Alicante,3,Domingo,4,Travesía,Otro,Colisión múltiple,Buen tiempo,Noche sin iluminación,1,0,0,1
3625,2019,Alicante,10,Viernes,18,Zona interurbana,Vía urbana,Se desconoce,Buen tiempo,Pleno día,1,0,0,1
3626,2019,Alicante,11,Sábado,15,Zona interurbana,Vía convencional,Salida vía izquierda,Buen tiempo,Pleno día,2,0,0,2
3627,2019,Alicante,12,Martes,16,Zona interurbana,Vía convencional,Se desconoce,Granizo,Pleno día,1,0,0,1
3628,2019,Alicante,2,Miércoles,18,Zona interurbana,Vía urbana,Colisión frontolateral,Buen tiempo,Noche sin iluminación,1,0,0,1
3629,2019,Alicante,3,Jueves,10,Zona interurbana,Vía urbana,Colisión múltiple,Buen tiempo,Pleno día,1,0,0,1
3630,2019,Alicante,3,Martes,17,Zona interurbana,Vía urbana,Atropello a ciclista,Buen tiempo,Pleno día,1,0,0,1
3631,2019,Alicante,3,Viernes,12,Zona interurbana,Vía urbana,Colisión frontolateral,Buen tiempo,Pleno día,1,0,0,1
3632,2019,Alicante,4,Sábado,20,Zona interurbana,Vía urbana,Atropello a peatón,Granizo,Noche sin iluminación,1,0,0,1
3633,2019,Alicante,5,Domingo,13,Zona interurbana,Vía urbana,Animal en calzada,Buen tiempo,Pleno día,1,0,0,1
3634,2019,Alicante,5,Lunes,9,Zona interurbana,Camino vecinal,Colisión frontolateral,Buen tiempo,Pleno día,1,0,0,1
3635,2019,Alicante,6,Lunes,9,Zona interurbana,Vía urbana,Choque obstáculo lateral,Buen tiempo,Pleno día,1,0,0,1
3636,2019,Alicante,7,Lunes,0,Zona interurbana,Vía urbana,Choque con bordillo,Buen tiempo,Se desconoce,2,0,0,2
3637,2019,Alicante,7,Domingo,2,Zona interurbana,Vía urbana,Se desconoce,Buen tiempo,Noche sin iluminación,1,0,0,1
3638,2019,Alicante,7,Miércoles,0,Zona interurbana,Camino vecinal,Se desconoce,Buen tiempo,Noche sin iluminación,1,0,0,1
3639,2019,Alicante,7,Miércoles,10,Zona interurbana,Camino vecinal,Colisión múltiple,Buen tiempo,Pleno día,1,0,0,1
3640,2019,Alicante,8,Miércoles,19,Zona interurbana,Vía urbana,Colisión por alcance,Buen tiempo,Pleno día,2,0,0,2
3641,2019,Alicante,8,Sábado,3,Zona interurbana,Vía urbana,Atropello a ciclista,Buen tiempo,Noche sin iluminación,1,0,0,1
3642,2019,Alicante,8,Viernes,8,Zona interurbana,Vía urbana,Choque obstáculo calzada,Buen tiempo,Pleno día,1,0,0,1
3643,2019,Alicante,9,Lunes,17,Zona interurbana,Vía urbana,Colisión frontolateral,Buen tiempo,Pleno día,1,0,0,1
3644,2019,Alicante,9,Domingo,1,Zona interurbana,Camino vecinal,Caída de motociclista,Buen tiempo,Noche sin iluminación,1,0,0,1
3645,2019,Alicante,10,Lunes,14,Zona interurbana,Vía urbana,Otro tipo,Granizo,Pleno día,1,0,0,1
3646,2019,Alicante,11,Miércoles,12,Zona interurbana,Vía urbana,Colisión frontolateral,Buen tiempo,Pleno día,1,0,0,1
3647,2019,Alicante,4,Martes,10,Travesía,Otro,Objeto desprendido,Buen tiempo,Pleno día,1,0,0,1
3648,2019,Alicante,7,Jueves,14,Zona urbana,Vía urbana,Colisión frontolateral,Buen tiempo,Pleno día,1,0,0,1
3649,2019,Alicante,5,Miércoles,13,Travesía,Otro,Colisión frontolateral,Buen tiempo,Pleno día,1,0,0,1
3650,2019,Alicante,12,Lunes,18,Zona interurbana,Vía urbana,Colisión frontolateral,Buen tiempo,Noche sin iluminación,1,0,0,1
3651,2019,Alicante,12,Miércoles,22,Zona interurbana,Vía urbana,Colisión frontolateral,Buen tiempo,Noche sin iluminación,1,0,0,1
3652,2019,Alicante,12,Sábado,20,Zona interurbana,Vía urbana,Colisión frontolateral,Buen tiempo,Noche sin iluminación,1,0,0,1
3653,2019,Alicante,12,Domingo,11,Zona interurbana,Vía urbana,Atropello a ciclista,Buen tiempo,Pleno día,1,0,0,1
3654,2019,Alicante,12,Martes,13,Zona interurbana,Vía urbana,Colisión por alcance,Buen tiempo,Pleno día,1,0,0,1
3655,2019,Alicante,2,Jueves,13,Zona interurbana,Vía urbana,Caída de ocupante,Buen tiempo,Pleno día,1,0,0,1
3656,2019,Alicante,4,Sábado,11,Zona interurbana,Vía urbana,Choque obstáculo calzada,Lluvia,Pleno día,1,0,0,1
3657,2019,Alicante,6,Domingo,13,Zona interurbana,Ramal/enlace,Atropello a peatón,Buen tiempo,Pleno día,1,1,0,0
3658,2019,Alicante,6,Sábado,12,Zona interurbana,Autopista,Colisión múltiple,Buen tiempo,Pleno día,4,0,0,4
3659,2019,Alicante,7,Viernes,16,Zona interurbana,Vía urbana,Colisión por alcance,Buen tiempo,Pleno día,2,0,0,2
3660,2019,Alicante,12,Domingo,14,Zona interurbana,Vía urbana,Colisión por alcance,Buen tiempo,Pleno día,2,0,0,2
3661,2019,Alicante,1,Viernes,20,Zona interurbana,Vía urbana,Se desconoce,Buen tiempo,Se desconoce,1,0,0,1
3662,2019,Alicante,2,Lunes,3,Zona interurbana,Vía urbana,Caída de ocupante,Buen tiempo,Noche sin iluminación,1,0,0,1
3663,2019,Alicante,8,Sábado,23,Zona interurbana,Vía urbana,Colisión frontal,Buen tiempo,Se desconoce,4,0,0,4
3664,2019,Alicante,11,Sábado,10,Zona interurbana,Vía urbana,Colisión frontolateral,Buen tiempo,Pleno día,1,0,0,1
3665,2019,Alicante,7,Sábado,11,Zona interurbana,Vía urbana,Atropello a peatón,Buen tiempo,Pleno día,1,0,0,1
3666,2019,Alicante,7,Jueves,12,Zona interurbana,Vía urbana,Colisión múltiple,Buen tiempo,Pleno día,2,0,0,2
3667,2019,Alicante,8,Viernes,19,Zona interurbana,Vía urbana,Colisión frontolateral,Buen tiempo,Pleno día,3,0,0,3
3668,2019,Alicante,10,Domingo,10,Zona interurbana,Vía urbana,Colisión frontolateral,Buen tiempo,Pleno día,1,0,1,0
3669,2019,Alicante,1,Miércoles,11,Zona interurbana,Vía urbana,Objeto desprendido,Buen tiempo,Pleno día,1,0,0,1
3670,2019,Alicante,1,Martes,13,Zona interurbana,Vía urbana,Colisión frontal,Buen tiempo,Pleno día,3,0,0,3
3671,2019,Alicante,1,Domingo,16,Zona interurbana,Vía urbana,Colisión lateral,Buen tiempo,Pleno día,2,0,0,2
3672,2019,Alicante,1,Sábado,7,Zona interurbana,Travesía,Colisión frontal,Buen tiempo,Se desconoce,2,0,0,2
3673,2019,Alicante,1,Miércoles,13,Zona interurbana,Vía urbana,Colisión por alcance,Buen tiempo,Pleno día,1,0,0,1
3674,2019,Alicante,1,Jueves,13,Travesía,Otro,Colisión por alcance,Buen tiempo,Pleno día,1,0,0,1
3675,2019,Alicante,1,Domingo,1,Zona interurbana,Vía urbana,Choque obstáculo lateral,Buen tiempo,Noche sin iluminación,1,0,0,1
3676,2019,Alicante,1,Lunes,14,Travesía,Otro,Colisión por alcance,Buen tiempo,Pleno día,1,0,0,1
3677,2019,Alicante,1,Viernes,15,Zona interurbana,Vía urbana,Colisión frontolateral,Buen tiempo,Pleno día,1,0,0,1
3678,2019,Alicante,1,Lunes,9,Zona interurbana,Vía urbana,Colisión frontolateral,Buen tiempo,Pleno día,1,0,0,1
3679,2019,Alicante,2,Viernes,8,Zona interurbana,Vía urbana,Colisión frontolateral,Buen tiempo,Pleno día,1,0,0,1
3680,2019,Alicante,2,Viernes,11,Zona interurbana,Vía urbana,Colisión por alcance,Buen tiempo,Pleno día,1,0,0,1
3681,2019,Alicante,2,Sábado,14,Zona interurbana,Vía urbana,Colisión frontolateral,Buen tiempo,Pleno día,3,0,0,3
3682,2019,Alicante,2,Domingo,11,Zona interurbana,Calle,Colisión frontolateral,Buen tiempo,Pleno día,1,0,0,1
3683,2019,Alicante,2,Domingo,12,Zona interurbana,Vía urbana,Caída de motociclista,Buen tiempo,Pleno día,1,0,0,1
3684,2019,Alicante,2,Lunes,10,Travesía,Otro,Colisión por alcance,Buen tiempo,Pleno día,1,0,0,1
3685,2019,Alicante,2,Miércoles,7,Zona interurbana,Vía urbana,Colisión por alcance,Buen tiempo,Amanecer/Anochecer,1,0,0,1
3686,2019,Alicante,2,Martes,11,Travesía,Otro,Colisión lateral,Buen tiempo,Pleno día,1,0,0,1
3687,2019,Alicante,2,Jueves,9,Zona interurbana,Vía urbana,Colisión por alcance,Buen tiempo,Pleno día,1,0,0,1
3688,2019,Alicante,3,Viernes,18,Zona interurbana,Vía urbana,Caída de ocupante,Buen tiempo,Pleno día,1,0,0,1
3689,2019,Alicante,3,Sábado,17,Zona interurbana,Vía urbana,Caída de ocupante,Buen tiempo,Pleno día,1,0,0,1
3690,2019,Alicante,3,Domingo,14,Zona interurbana,Vía urbana,Caída de ocupante,Buen tiempo,Pleno día,1,0,0,1
3691,2019,Alicante,3,Sábado,15,Zona interurbana,Vía urbana,Colisión frontolateral,Buen tiempo,Pleno día,1,0,0,1
3692,2019,Alicante,3,Sábado,23,Zona interurbana,Vía urbana,Colisión frontolateral,Buen tiempo,Noche sin iluminación,1,0,0,1
3693,2019,Alicante,3,Miércoles,12,Zona interurbana,Vía urbana,Colisión lateral,Buen tiempo,Pleno día,1,0,0,1
3694,2019,Alicante,3,Viernes,9,Zona interurbana,Vía convencional,Colisión múltiple,Buen tiempo,Pleno día,8,0,0,8
3695,2019,Alicante,2,Miércoles,19,Travesía,Otro,Choque obstáculo calzada,Buen tiempo,Noche sin iluminación,1,0,0,1
3696,2019,Alicante,3,Sábado,18,Travesía,Otro,Colisión frontolateral,Buen tiempo,Pleno día,2,0,0,2
3697,2019,Alicante,3,Jueves,12,Travesía,Otro,Atropello a ciclista,Buen tiempo,Pleno día,1,0,0,1
3698,2019,Alicante,3,Miércoles,23,Zona interurbana,Vía urbana,Salida vía izquierda,Buen tiempo,Noche sin iluminación,1,0,0,1
3699,2019,Alicante,3,Viernes,12,Travesía,Otro,Colisión frontolateral,Buen tiempo,Pleno día,1,0,0,1
3700,2019,Alicante,4,Martes,6,Zona interurbana,Vía convencional,Colisión lateral,Lluvia,Se desconoce,1,0,0,1
3701,2019,Alicante,4,Martes,13,Zona interurbana,Vía urbana,Colisión por alcance,Buen tiempo,Pleno día,1,0,0,1
3702,2019,Alicante,4,Miércoles,20,Zona interurbana,Vía urbana,Colisión por alcance,Buen tiempo,Amanecer/Anochecer,5,0,0,5
3703,2019,Alicante,3,Viernes,16,Travesía,Otro,Animal en calzada,Buen tiempo,Pleno día,1,0,0,1
3704,2019,Alicante,3,Sábado,16,Travesía,Otro,Colisión frontolateral,Buen tiempo,Pleno día,4,0,0,4
3705,2019,Alicante,3,Sábado,20,Travesía,Otro,Choque obstáculo lateral,Buen tiempo,Noche sin iluminación,1,0,0,1
3706,2019,Alicante,4,Lunes,11,Travesía,Otro,Colisión por alcance,Lluvia,Pleno día,1,0,0,1
3707,2019,Alicante,4,Martes,14,Zona interurbana,Autopista,Colisión lateral,Buen tiempo,Pleno día,1,0,0,1
3708,2019,Alicante,4,Viernes,18,Zona interurbana,Vía urbana,Caída de motociclista,Buen tiempo,Pleno día,1,0,0,1
3709,2019,Alicante,4,Viernes,17,Zona interurbana,Vía urbana,Colisión por alcance,Buen tiempo,Pleno día,2,0,0,2
3710,2019,Alicante,4,Martes,16,Zona interurbana,Vía urbana,Atropello a peatón,Buen tiempo,Pleno día,1,0,0,1
3711,2019,Alicante,4,Sábado,13,Travesía,Otro,Colisión frontolateral,Buen tiempo,Pleno día,1,0,0,1
3712,2019,Alicante,4,Sábado,21,Zona interurbana,Vía convencional,Colisión múltiple,Lluvia,Se desconoce,3,0,0,3