ID_ACCIDENTE,AÑO,PROVINCIA,MES,DIA_SEMANA,HORA,ZONA,TIPO_VIA,TIPO_ACCIDENTE,CONDICION_METEO,CONDICION_ILUMINACION,TOTAL_VICTIMAS,FALLECIDOS_24H,HERIDOS_GRAVES,HERIDOS_LEVES
3713,2019,Alicante,3,Miércoles,11,Travesía,Otro,Colisión por alcance,Buen tiempo,Pleno día,1,0,0,1
3714,2019,Alicante,2,Jueves,11,Zona interurbana,Vía urbana,Colisión por alcance,Buen tiempo,Pleno día,2,0,0,2
3715,2019,Alicante,3,Lunes,20,Travesía,Otro,Colisión por alcance,Buen tiempo,Noche sin iluminación,2,0,0,2
3716,2019,Alicante,3,Jueves,10,Travesía,Otro,Colisión por alcance,Buen tiempo,Pleno día,1,0,0,1
3717,2019,Alicante,3,Martes,8,Travesía,Otro,Choque obstáculo lateral,Buen tiempo,Pleno día,2,0,0,2
3718,2019,Alicante,3,Miércoles,19,Travesía,Otro,Colisión frontolateral,Buen tiempo,Noche sin iluminación,1,0,0,1
3719,2019,Alicante,3,Martes,18,Travesía,Otro,Se desconoce,Buen tiempo,Pleno día,1,0,0,1
3720,2019,Alicante,5,Domingo,5,Zona interurbana,Vía urbana,Otro tipo,Buen tiempo,Se desconoce,1,0,0,1
3721,2019,Alicante,4,Sábado,6,Zona interurbana,Vía urbana,Otro tipo,Buen tiempo,Se desconoce,1,0,0,1
3722,2019,Alicante,5,Viernes,17,Zona interurbana,Camino vecinal,Colisión frontolateral,Buen tiempo,Pleno día,1,0,0,1
3723,2019,Alicante,5,Sábado,7,Zona interurbana,Vía urbana,Colisión frontolateral,Buen tiempo,Pleno día,1,0,0,1
3724,2019,Alicante,5,Lunes,10,Zona interurbana,Vía urbana,Colisión lateral,Buen tiempo,Pleno día,1,0,0,1
3725,2019,Alicante,5,Lunes,10,Travesía,Otro,Choque obstáculo calzada,Buen tiempo,Pleno día,2,0,0,2
3726,2019,Alicante,3,Sábado,16,Zona urbana,Camino vecinal,Choque obstáculo calzada,Buen tiempo,Pleno día,2,0,0,2
3727,2019,Alicante,4,Jueves,12,Zona interurbana,Vía urbana,Colisión frontolateral,Buen tiempo,Pleno día,1,0,1,0
3728,2019,Alicante,3,Martes,12,Travesía,Otro urbano,Choque obstáculo lateral,Buen tiempo,Pleno día,1,0,0,1
3729,2019,Alicante,3,Jueves,10,Travesía,Otro,Colisión por alcance,Buen tiempo,Pleno día,1,0,0,1
3730,2019,Alicante,3,Viernes,22,Travesía,Otro,Colisión frontolateral,Buen tiempo,Noche sin iluminación,2,0,0,2
3731,2019,Alicante,4,Viernes,19,Zona interurbana,Vía urbana,Colisión por alcance,Buen tiempo,Pleno día,1,0,0,1
3732,2019,Alicante,4,Viernes,7,Travesía,Otro,Colisión lateral,Buen tiempo,Pleno día,1,0,0,1
3733,2019,Alicante,4,Lunes,16,Travesía,Otro,Colisión frontolateral,Buen tiempo,Pleno día,4,0,0,4
3734,2019,Alicante,3,Lunes,9,Zona interurbana,Vía urbana,Colisión por alcance,Buen tiempo,Pleno día,1,0,0,1
3735,2019,Alicante,5,Lunes,14,Zona interurbana,Vía urbana,Colisión frontolateral,Buen tiempo,Pleno día,1,0,0,1
3736,2019,Alicante,5,Lunes,20,Zona interurbana,Vía urbana,Colisión frontolateral,Buen tiempo,Amanecer/Anochecer,1,0,0,1
3737,2019,Alicante,5,Sábado,22,Zona interurbana,Camino vecinal,Choque obstáculo lateral,Buen tiempo,Noche sin iluminación,1,0,0,1
3738,2019,Alicante,5,Miércoles,16,Zona interurbana,Vía urbana,Se desconoce,Buen tiempo,Pleno día,1,0,0,1
3739,2019,Alicante,5,Jueves,8,Travesía,Otro,Colisión lateral,Buen tiempo,Pleno día,1,0,0,1
3740,2019,Alicante,5,Viernes,9,Travesía,Otro,Colisión lateral,Buen tiempo,Pleno día,1,0,0,1
3741,2019,Alicante,5,Domingo,12,Zona interurbana,Vía convencional,Atropello a peatón,Buen tiempo,Pleno día,3,0,0,3
3742,2019,Alicante,5,Viernes,20,Travesía,Otro,Colisión frontolateral,Nieve,Pleno día,2,0,0,2
3743,2019,Alicante,5,Martes,15,Travesía,Otro,Colisión frontolateral,Buen tiempo,Pleno día,1,0,0,1
3744,2019,Alicante,5,Lunes,15,Travesía,Otro,Colisión por alcance,Buen tiempo,Pleno día,5,0,0,5
3745,2019,Alicante,5,Martes,14,Zona interurbana,Calle,Colisión frontal,Buen tiempo,Pleno día,1,0,0,1
3746,2019,Alicante,5,Martes,17,Travesía,Otro,Colisión por alcance,Buen tiempo,Pleno día,1,0,0,1
3747,2019,Alicante,5,Jueves,15,Zona interurbana,Vía urbana,Colisión por alcance,Buen tiempo,Pleno día,2,0,0,2
3748,2019,Alicante,5,Martes,7,Travesía,Otro,Colisión frontolateral,Lluvia,Amanecer/Anochecer,2,0,0,2
3749,2019,Alicante,5,Miércoles,15,Travesía,Otro,Choque obstáculo lateral,Buen tiempo,Pleno día,1,0,1,0
3750,2019,Alicante,6,Jueves,18,Zona interurbana,Vía convencional,Colisión por alcance,Buen tiempo,Pleno día,1,0,0,1
3751,2019,Alicante,6,Sábado,13,Travesía,Otro,Colisión por alcance,Buen tiempo,Pleno día,1,0,0,1
3752,2019,Alicante,4,Sábado,20,Travesía,Calle peatonal,Colisión frontolateral,Buen tiempo,Noche sin iluminación,2,0,0,2
3753,2019,Alicante,5,Viernes,13,Travesía,Otro,Colisión por alcance,Buen tiempo,Pleno día,1,0,0,1
3754,2019,Alicante,5,Miércoles,14,Zona urbana,Vía urbana,Salida vía izquierda,Buen tiempo,Pleno día,1,0,0,1
3755,2019,Alicante,5,Miércoles,10,Travesía,Otro,Choque obstáculo lateral,Buen tiempo,Pleno día,1,0,0,1
3756,2019,Alicante,5,Sábado,14,Travesía,Otro urbano,Choque obstáculo calzada,Buen tiempo,Pleno día,1,0,0,1
3757,2019,Alicante,6,Domingo,18,Zona interurbana,Camino vecinal,Colisión frontolateral,Buen tiempo,Pleno día,2,0,0,2
3758,2019,Alicante,6,Miércoles,15,Zona interurbana,Vía urbana,Colisión por alcance,Buen tiempo,Pleno día,1,0,0,1
3759,2019,Alicante,5,Domingo,0,Travesía,Otro,Colisión lateral,Buen tiempo,Noche sin iluminación,2,0,0,2
3760,2019,Alicante,5,Miércoles,10,Zona urbana,Vía urbana,Colisión por alcance,Buen tiempo,Pleno día,1,0,0,1
3761,2019,Alicante,6,Lunes,13,Travesía,Otro,Colisión frontal,Buen tiempo,Pleno día,1,0,0,1
3762,2019,Alicante,6,Sábado,21,Travesía,Otro,Choque obstáculo lateral,Buen tiempo,Noche con iluminación,1,0,0,1
3763,2019,Alicante,6,Sábado,16,Zona interurbana,Vía urbana,Atropello a ciclista,Buen tiempo,Pleno día,1,0,0,1
3764,2019,Alicante,6,Sábado,7,Zona interurbana,Vía urbana,Colisión por alcance,Buen tiempo,Pleno día,1,0,1,0
3765,2019,Alicante,6,Jueves,20,Zona urbana,Vía urbana,Colisión por alcance,Buen tiempo,Pleno día,1,0,0,1
3766,2019,Alicante,6,Miércoles,20,Travesía,Otro,Colisión frontolateral,Buen tiempo,Pleno día,1,0,0,1
3767,2019,Alicante,6,Miércoles,8,Travesía,Otro,Colisión frontolateral,Buen tiempo,Pleno día,1,0,0,1
3768,2019,Alicante,6,Jueves,10,Zona interurbana,Vía de servicio,Animal en calzada,Buen tiempo,Pleno día,1,0,0,1
3769,2019,Alicante,6,Sábado,20,Zona interurbana,Vía urbana,Colisión frontal,Buen tiempo,Pleno día,4,0,4,0
3770,2019,Alicante,6,Martes,14,Zona interurbana,Vía urbana,Colisión por alcance,Buen tiempo,Pleno día,2,0,0,2
3771,2019,Alicante,6,Miércoles,21,Zona interurbana,Vía urbana,Caída de ocupante,Buen tiempo,Pleno día,1,0,1,0
3772,2019,Alicante,6,Domingo,1,Travesía,Otro,Choque obstáculo lateral,Buen tiempo,Noche sin iluminación,2,0,0,2
3773,2019,Alicante,6,Jueves,20,Travesía,Otro,Colisión por alcance,Buen tiempo,Amanecer/Anochecer,1,0,0,1
3774,2019,Alicante,6,Martes,17,Travesía,Otro,Colisión lateral,Buen tiempo,Pleno día,1,0,0,1
3775,2019,Alicante,6,Jueves,14,Travesía,Otro,Colisión lateral,Buen tiempo,Pleno día,1,0,0,1
3776,2019,Alicante,6,Viernes,23,Travesía,Otro,Colisión frontolateral,Buen tiempo,Noche con iluminación,3,0,1,2
3777,2019,Alicante,6,Sábado,10,Travesía,Otro,Colisión por alcance,Buen tiempo,Pleno día,1,0,0,1
3778,2019,Alicante,6,Martes,18,Travesía,Otro,Choque obstáculo lateral,Buen tiempo,Pleno día,1,0,1,0
3779,2019,Alicante,6,Miércoles,8,Travesía,Otro,Salida vía izquierda,Buen tiempo,Pleno día,1,0,0,1
3780,2019,Alicante,6,Domingo,2,Zona urbana,Vía urbana,Se desconoce,Buen tiempo,Noche sin iluminación,1,0,0,1
3781,2019,Alicante,7,Lunes,13,Travesía,Otro,Colisión por alcance,Buen tiempo,Pleno día,1,0,0,1
3782,2019,Alicante,7,Jueves,17,Zona interurbana,Vía urbana,Caída de motociclista,Buen tiempo,Pleno día,1,0,1,0
3783,2019,Alicante,7,Martes,12,Zona interurbana,Vía urbana,Colisión por alcance,Buen tiempo,Pleno día,1,0,0,1
3784,2019,Alicante,7,Martes,11,Travesía,Otro,Colisión lateral,Buen tiempo,Pleno día,1,1,0,0
3785,2019,Alicante,7,Jueves,13,Travesía,Otro,Colisión por alcance,Buen tiempo,Pleno día,1,0,0,1
3786,2019,Alicante,7,Sábado,22,Zona interurbana,Vía urbana,Salida vía izquierda,Buen tiempo,Se desconoce,1,0,0,1
3787,2019,Alicante,7,Martes,14,Zona interurbana,Vía convencional,Colisión por alcance,Buen tiempo,Pleno día,1,0,0,1
3788,2019,Alicante,7,Viernes,18,Zona interurbana,Vía urbana,Colisión por alcance,Buen tiempo,Pleno día,1,0,0,1
3789,2019,Alicante,7,Jueves,18,Zona interurbana,Vía urbana,Colisión lateral,Buen tiempo,Pleno día,4,0,0,4
3790,2019,Alicante,7,Lunes,9,Zona interurbana,Vía urbana,Caída de ocupante,Buen tiempo,Pleno día,1,0,0,1
3791,2019,Alicante,7,Sábado,11,Zona interurbana,Vía urbana,Colisión por alcance,Buen tiempo,Pleno día,1,0,0,1
3792,2019,Alicante,7,Jueves,13,Travesía,Otro,Caída de motociclista,Buen tiempo,Pleno día,1,0,0,1
3793,2019,Alicante,7,Miércoles,11,Zona interurbana,Vía convencional,Colisión múltiple,Buen tiempo,Pleno día,1,0,0,1
3794,2019,Alicante,7,Domingo,13,Zona interurbana,Vía urbana,Choque obstáculo mediana,Buen tiempo,Pleno día,2,0,0,2
3795,2019,Alicante,8,Sábado,11,Zona interurbana,Vía urbana,Caída de ocupante,Buen tiempo,Pleno día,1,0,0,1
3796,2019,Alicante,8,Lunes,1,Zona interurbana,Autovía,Se desconoce,Buen tiempo,Se desconoce,7,0,0,7
3797,2019,Alicante,8,Jueves,20,Zona interurbana,Vía urbana,Caída de ocupante,Buen tiempo,Pleno día,2,0,0,2
3798,2019,Alicante,8,Jueves,18,Travesía,Otro,Se desconoce,Buen tiempo,Pleno día,1,0,0,1
3799,2019,Alicante,8,Lunes,7,Travesía,Otro,Animal en calzada,Lluvia,Noche con iluminación,1,0,0,1
3800,2019,Alicante,8,Miércoles,23,Travesía,Otro urbano,Caída de ocupante,Buen tiempo,Se desconoce,4,0,0,4
3801,2019,Alicante,8,Domingo,18,Travesía,Otro,Colisión frontolateral,Buen tiempo,Pleno día,3,0,0,3
3802,2019,Alicante,8,Martes,7,Zona interurbana,Vía convencional,Colisión lateral,Buen tiempo,Amanecer/Anochecer,1,0,0,1
3803,2019,Alicante,8,Jueves,22,Zona interurbana,Vía urbana,Colisión lateral,Buen tiempo,Noche sin iluminación,1,0,0,1
3804,2019,Alicante,8,Miércoles,10,Travesía,Otro,Choque obstáculo lateral,Buen tiempo,Pleno día,1,0,0,1
3805,2019,Alicante,9,Martes,18,Zona interurbana,Vía urbana,Animal en calzada,Lluvia,Pleno día,1,0,0,1
3806,2019,Alicante,9,Miércoles,15,Zona interurbana,Vía urbana,Colisión múltiple,Buen tiempo,Pleno día,2,0,0,2
3807,2019,Alicante,9,Lunes,19,Zona interurbana,Vía urbana,Colisión por alcance,Buen tiempo,Amanecer/Anochecer,1,0,0,1
3808,2019,Alicante,9,Jueves,8,Zona interurbana,Vía urbana,Colisión por alcance,Buen tiempo,Amanecer/Anochecer,1,0,0,1
3809,2019,Alicante,9,Jueves,18,Travesía,Otro,Colisión lateral,Buen tiempo,Pleno día,1,0,0,1
3810,2019,Alicante,9,Viernes,17,Travesía,Otro,Colisión lateral,Buen tiempo,Pleno día,1,0,0,1
3811,2019,Alicante,9,Sábado,17,Zona interurbana,Vía urbana,Se desconoce,Buen tiempo,Pleno día,2,0,0,2
3812,2019,Alicante,9,Jueves,20,Travesía,Otro,Colisión por alcance,Buen tiempo,Noche sin iluminación,1,0,0,1
3813,2019,Alicante,10,Viernes,11,Zona interurbana,Camino vecinal,Colisión frontolateral,Buen tiempo,Pleno día,1,0,0,1
3814,2019,Alicante,10,Viernes,21,Travesía,Otro,Colisión por alcance,Buen tiempo,Noche sin iluminación,2,0,0,2
3815,2019,Alicante,10,Jueves,17,Zona interurbana,Travesía,Colisión frontolateral,Buen tiempo,Pleno día,1,0,0,1
3816,2019,Alicante,10,Lunes,5,Zona interurbana,Vía urbana,Caída de ocupante,Buen tiempo,Se desconoce,1,0,1,0
3817,2019,Alicante,10,Domingo,9,Zona interurbana,Vía urbana,Animal en calzada,Buen tiempo,Pleno día,1,0,0,1
3818,2019,Alicante,10,Jueves,18,Zona interurbana,Vía convencional,Colisión por alcance,Buen tiempo,Pleno día,1,0,0,1
3819,2019,Alicante,10,Lunes,9,Travesía,Otro,Colisión por alcance,Buen tiempo,Pleno día,3,0,0,3
3820,2019,Alicante,10,Jueves,13,Zona interurbana,Vía urbana,Colisión múltiple,Buen tiempo,Pleno día,1,0,0,1
3821,2019,Alicante,10,Miércoles,9,Zona interurbana,Camino vecinal,Colisión por alcance,Buen tiempo,Pleno día,2,0,0,2
3822,2019,Alicante,9,Domingo,7,Zona interurbana,Vía urbana,Salida vía izquierda,Buen tiempo,Noche con iluminación,1,0,0,1
3823,2019,Alicante,11,Lunes,17,Travesía,Otro,Choque obstáculo lateral,Buen tiempo,Pleno día,1,0,0,1
3824,2019,Alicante,11,Lunes,0,Zona interurbana,Vía urbana,Otro tipo,Buen tiempo,Noche sin iluminación,1,0,0,1
3825,2019,Alicante,11,Miércoles,14,Zona interurbana,Vía urbana,Colisión por alcance,Buen tiempo,Pleno día,1,0,0,1
3826,2019,Alicante,11,Miércoles,11,Zona interurbana,Vía urbana,Colisión lateral,Buen tiempo,Pleno día,2,0,0,2
3827,2019,Alicante,10,Viernes,22,Travesía,Otro,Colisión lateral,Buen tiempo,Noche sin iluminación,2,0,0,2
3828,2019,Alicante,10,Lunes,8,Travesía,Otro,Colisión lateral,Buen tiempo,Pleno día,3,0,0,3
3829,2019,Alicante,10,Lunes,17,Travesía,Otro,Choque obstáculo lateral,Buen tiempo,Amanecer/Anochecer,1,0,0,1
3830,2019,Alicante,10,Martes,21,Travesía,Otro urbano,Atropello a ciclista,Buen tiempo,Noche sin iluminación,1,0,0,1
3831,2019,Alicante,11,Jueves,20,Travesía,Otro,Colisión por alcance,Buen tiempo,Noche sin iluminación,1,0,0,1
3832,2019,Alicante,11,Jueves,14,Travesía,Otro,Se desconoce,Lluvia,Pleno día,1,0,0,1
3833,2019,Alicante,11,Miércoles,8,Zona interurbana,Vía convencional,Colisión múltiple,Buen tiempo,Pleno día,2,0,0,2
3834,2019,Alicante,11,Domingo,14,Zona interurbana,Vía urbana,Salida vía izquierda,Buen tiempo,Pleno día,1,0,1,0
3835,2019,Alicante,11,Domingo,8,Zona interurbana,Autovía,Objeto desprendido,Buen tiempo,Pleno día,1,0,0,1
3836,2019,Alicante,11,Viernes,15,Travesía,Otro,Colisión por alcance,Granizo,Pleno día,1,0,0,1
3837,2019,Alicante,11,Sábado,19,Zona interurbana,Vía convencional,Colisión frontal,Buen tiempo,Se desconoce,7,0,0,7
3838,2019,Alicante,12,Domingo,20,Zona interurbana,Vía urbana,Salida vía izquierda,Buen tiempo,Pleno día,1,0,0,1
3839,2019,Alicante,12,Miércoles,10,Zona interurbana,Vía urbana,Colisión frontal,Lluvia,Pleno día,1,0,0,1
3840,2019,Alicante,12,Domingo,5,Zona interurbana,Vía urbana,Caída de ocupante,Buen tiempo,Noche sin iluminación,1,0,1,0
3841,2019,Alicante,11,Martes,10,Travesía,Otro,Animal en calzada,Buen tiempo,Pleno día,1,0,0,1
3842,2019,Alicante,12,Lunes,6,Zona interurbana,Vía urbana,Choque obstáculo lateral,Buen tiempo,Se desconoce,1,1,0,0
3843,2019,Alicante,12,Lunes,10,Zona interurbana,Travesía,Colisión frontolateral,Lluvia,Pleno día,1,0,0,1
3844,2019,Alicante,12,Domingo,9,Zona interurbana,Camino vecinal,Colisión por alcance,Buen tiempo,Pleno día,1,0,1,0
3845,2019,Alicante,12,Viernes,16,Zona interurbana,Vía urbana,Colisión frontal,Granizo,Pleno día,3,0,0,3
3846,2019,Alicante,12,Miércoles,9,Zona interurbana,Vía urbana,Colisión frontolateral,Buen tiempo,Pleno día,2,0,0,2
3847,2019,Alicante,12,Martes,16,Zona interurbana,Vía urbana,Atropello a ciclista,Buen tiempo,Pleno día,2,0,0,2
3848,2019,Alicante,2,Sábado,5,Zona interurbana,Camino vecinal,Choque obstáculo mediana,Buen tiempo,Se desconoce,1,1,0,0
3849,2019,Alicante,12,Domingo,9,Zona interurbana,Vía urbana,Caída de motociclista,Buen tiempo,Pleno día,1,0,0,1
3850,2019,Alicante,1,Jueves,14,Zona interurbana,Vía urbana,Colisión frontolateral,Buen tiempo,Pleno día,2,0,1,1
3851,2019,Alicante,3,Viernes,22,Zona interurbana,Vía urbana,Atropello a ciclista,Buen tiempo,Se desconoce,1,0,0,1
3852,2019,Alicante,4,Jueves,13,Travesía,Otro,Choque obstáculo lateral,Buen tiempo,Pleno día,1,0,0,1
3853,2019,Alicante,4,Domingo,19,Travesía,Otro,Colisión lateral,Buen tiempo,Amanecer/Anochecer,2,0,0,2
3854,2019,Alicante,6,Domingo,15,Travesía,Otro,Colisión frontolateral,Buen tiempo,Pleno día,1,0,0,1
3855,2019,Alicante,6,Viernes,12,Zona interurbana,Vía urbana,Colisión múltiple,Buen tiempo,Pleno día,2,0,0,2
3856,2019,Alicante,6,Domingo,11,Zona interurbana,Vía urbana,Colisión frontolateral,Buen tiempo,Pleno día,3,0,0,3
3857,2019,Alicante,7,Martes,6,Zona interurbana,Vía urbana,Choque con bordillo,Buen tiempo,Pleno día,1,0,0,1
3858,2019,Alicante,7,Martes,20,Travesía,Otro,Colisión por alcance,Buen tiempo,Pleno día,1,0,0,1
3859,2019,Alicante,7,Domingo,12,Travesía,Otro,Colisión lateral,Buen tiempo,Pleno día,1,0,0,1
3860,2019,Alicante,8,Jueves,20,Travesía,Otro,Choque obstáculo mediana,Buen tiempo,Pleno día,2,0,0,2
3861,2019,Alicante,10,Lunes,20,Travesía,Otro,Choque obstáculo lateral,Lluvia,Noche sin iluminación,1,0,0,1
3862,2019,Alicante,12,Lunes,21,Zona interurbana,Vía urbana,Caída de motociclista,Buen tiempo,Se desconoce,1,0,0,1
3863,2019,Alicante,12,Jueves,2,Travesía,Otro,Animal en calzada,Buen tiempo,Noche sin iluminación,1,0,0,1
3864,2019,Alicante,1,Jueves,11,Zona interurbana,Vía urbana,Se desconoce,Buen tiempo,Pleno día,1,1,0,0
3865,2019,Alicante,2,Viernes,12,Zona interurbana,Vía urbana,Colisión lateral,Lluvia,Pleno día,1,0,0,1
3866,2019,Alicante,3,Domingo,11,Zona interurbana,Vía urbana,Animal en calzada,Buen tiempo,Pleno día,1,0,0,1
3867,2019,Alicante,7,Lunes,17,Zona interurbana,Vía urbana,Colisión frontal,Buen tiempo,Pleno día,1,0,0,1
3868,2019,Alicante,2,Miércoles,10,Travesía,Otro,Choque obstáculo lateral,Buen tiempo,Pleno día,1,0,0,1
3869,2019,Alicante,5,Martes,18,Travesía,Otro,Choque obstáculo lateral,Buen tiempo,Pleno día,1,0,0,1
3870,2019,Alicante,5,Jueves,10,Travesía,Otro,Colisión frontolateral,Buen tiempo,Pleno día,1,0,0,1
3871,2019,Alicante,7,Viernes,9,Travesía,Otro,Colisión frontolateral,Buen tiempo,Pleno día,2,0,0,2
3872,2019,Alicante,8,Jueves,17,Travesía,Otro,Colisión frontolateral,Buen tiempo,Pleno día,1,0,0,1
3873,2019,Alicante,9,Lunes,18,Travesía,Otro,Colisión frontal,Buen tiempo,Pleno día,1,0,1,0
3874,2019,Alicante,10,Lunes,1,Zona interurbana,Vía urbana,Atropello a ciclista,Buen tiempo,Noche sin iluminación,1,0,0,1
3875,2019,Alicante,10,Martes,13,Travesía,Otro,Choque obstáculo lateral,Buen tiempo,Pleno día,1,0,0,1
3876,2019,Alicante,12,Sábado,15,Zona interurbana,Vía urbana,Colisión frontal,Buen tiempo,Pleno día,2,0,1,1
3877,2019,Alicante,12,Domingo,9,Zona interurbana,Vía urbana,Choque obstáculo mediana,Buen tiempo,Pleno día,1,0,0,1
3878,2019,Alicante,9,Sábado,14,Zona interurbana,Vía urbana,Colisión por alcance,Lluvia,Pleno día,1,0,0,1
3879,2019,Alicante,1,Martes,18,Zona interurbana,Vía convencional,Atropello a ciclista,Buen tiempo,Amanecer/Anochecer,1,0,0,1
3880,2019,Alicante,1,Martes,19,Zona interurbana,Vía convencional,Colisión múltiple,Buen tiempo,Se desconoce,4,0,0,4
3881,2019,Alicante,1,Viernes,19,Travesía,Otro,Colisión frontolateral,Buen tiempo,Noche sin iluminación,1,0,0,1
3882,2019,Alicante,1,Lunes,16,Travesía,Otro,Choque obstáculo lateral,Buen tiempo,Pleno día,1,0,0,1
3883,2019,Alicante,1,Martes,11,Travesía,Otro,Choque obstáculo lateral,Buen tiempo,Pleno día,1,0,0,1
3884,2019,Alicante,1,Sábado,20,Travesía,Otro,Colisión por alcance,Lluvia,Noche sin iluminación,1,0,0,1
3885,2019,Alicante,2,Martes,17,Travesía,Otro,Colisión por alcance,Buen tiempo,Pleno día,2,0,0,2
3886,2019,Alicante,2,Domingo,14,Travesía,Otro,Colisión por alcance,Buen tiempo,Pleno día,1,0,0,1
3887,2019,Alicante,2,Martes,13,Travesía,Otro,Colisión frontolateral,Buen tiempo,Pleno día,1,0,0,1
3888,2019,Alicante,2,Sábado,15,Zona interurbana,Vía convencional,Atropello a ciclista,Buen tiempo,Pleno día,1,0,0,1
3889,2019,Alicante,3,Lunes,15,Zona interurbana,Vía convencional,Choque con bordillo,Buen tiempo,Pleno día,2,0,0,2
3890,2019,Alicante,3,Jueves,21,Travesía,Otro,Colisión lateral,Buen tiempo,Noche sin iluminación,1,0,0,1
3891,2019,Alicante,3,Lunes,22,Travesía,Otro,Objeto desprendido,Buen tiempo,Noche sin iluminación,1,0,0,1
3892,2019,Alicante,3,Lunes,17,Travesía,Otro,Choque obstáculo lateral,Buen tiempo,Pleno día,1,0,0,1
3893,2019,Alicante,3,Martes,20,Zona interurbana,Vía convencional,Colisión por alcance,Buen tiempo,Se desconoce,1,0,0,1
3894,2019,Alicante,3,Viernes,21,Travesía,Otro,Choque obstáculo lateral,Buen tiempo,Noche sin iluminación,1,0,0,1
3895,2019,Alicante,4,Lunes,20,Travesía,Otro,Choque obstáculo lateral,Granizo,Noche sin iluminación,1,0,0,1
3896,2019,Alicante,4,Jueves,10,Travesía,Otro,Colisión frontolateral,Buen tiempo,Pleno día,1,0,0,1
3897,2019,Alicante,4,Miércoles,18,Travesía,Otro,Colisión lateral,Buen tiempo,Pleno día,1,0,0,1
3898,2019,Alicante,5,Miércoles,20,Zona interurbana,Calle,Caída de ocupante,Buen tiempo,Pleno día,1,0,0,1
3899,2019,Alicante,4,Lunes,11,Travesía,Otro,Colisión lateral,Buen tiempo,Pleno día,1,0,0,1
3900,2019,Alicante,6,Domingo,12,Zona interurbana,Vía convencional,Salida vía izquierda,Buen tiempo,Pleno día,1,0,1,0
3901,2019,Alicante,6,Lunes,9,Zona interurbana,Vía convencional,Colisión frontolateral,Buen tiempo,Pleno día,1,0,0,1
3902,2019,Alicante,6,Miércoles,12,Zona interurbana,Vía convencional,Otro tipo,Buen tiempo,Pleno día,1,0,0,1
3903,2019,Alicante,6,Domingo,22,Zona interurbana,Vía convencional,Otro tipo,Buen tiempo,Noche ilum. insuficiente,1,0,0,1
3904,2019,Alicante,7,Martes,15,Zona interurbana,Travesía,Se desconoce,Buen tiempo,Pleno día,1,0,1,0
3905,2019,Alicante,7,Lunes,9,Zona interurbana,Vía convencional,Colisión por alcance,Buen tiempo,Pleno día,2,0,0,2
3906,2019,Alicante,8,Viernes,20,Zona interurbana,Vía convencional,Caída de motociclista,Buen tiempo,Noche sin iluminación,2,0,0,2
3907,2019,Alicante,5,Viernes,8,Travesía,Otro,Choque obstáculo lateral,Buen tiempo,Pleno día,1,0,0,1
3908,2019,Alicante,4,Lunes,13,Travesía,Otro,Colisión lateral,Buen tiempo,Pleno día,1,0,0,1
3909,2019,Alicante,9,Jueves,22,Zona interurbana,Vía convencional,Otro tipo,Granizo,Se desconoce,1,0,0,1
3910,2019,Alicante,9,Martes,21,Zona interurbana,Vía convencional,Colisión lateral,Buen tiempo,Se desconoce,2,0,0,2
3911,2019,Alicante,5,Martes,17,Travesía,Otro,Colisión lateral,Buen tiempo,Pleno día,2,0,0,2
3912,2019,Alicante,10,Sábado,22,Zona interurbana,Ramal/enlace,Colisión por alcance,Buen tiempo,Se desconoce,1,0,0,1
3913,2019,Alicante,6,Miércoles,12,Travesía,Otro,Colisión por alcance,Buen tiempo,Pleno día,1,0,0,1
3914,2019,Alicante,11,Viernes,18,Zona interurbana,Vía convencional,Colisión por alcance,Buen tiempo,Se desconoce,3,0,0,3
3915,2019,Alicante,11,Lunes,21,Zona interurbana,Vía convencional,Se desconoce,Buen tiempo,Noche ilum. insuficiente,1,0,0,1
3916,2019,Alicante,11,Viernes,19,Travesía,Otro,Choque obstáculo lateral,Buen tiempo,Noche con iluminación,1,0,0,1
3917,2019,Alicante,11,Sábado,10,Travesía,Otro,Choque obstáculo lateral,Buen tiempo,Pleno día,1,0,0,1
3918,2019,Alicante,6,Jueves,13,Travesía,Otro,Colisión por alcance,Buen tiempo,Pleno día,1,0,0,1
3919,2019,Alicante,6,Viernes,9,Travesía,Otro,Colisión lateral,Buen tiempo,Pleno día,1,0,0,1
3920,2019,Alicante,6,Viernes,13,Travesía,Otro,Colisión lateral,Buen tiempo,Pleno día,2,0,0,2
3921,2019,Alicante,4,Sábado,11,Travesía,Otro,Colisión frontolateral,Buen tiempo,Pleno día,1,0,0,1
3922,2019,Alicante,7,Miércoles,20,Travesía,Otro,Objeto desprendido,Buen tiempo,Pleno día,1,0,0,1
3923,2019,Alicante,7,Martes,8,Travesía,Otro,Colisión frontal,Buen tiempo,Pleno día,1,0,0,1
3924,2019,Alicante,7,Sábado,14,Travesía,Otro,Colisión por alcance,Buen tiempo,Pleno día,1,0,0,1
3925,2019,Alicante,8,Sábado,15,Travesía,Otro,Choque obstáculo lateral,Buen tiempo,Pleno día,1,0,0,1
3926,2019,Alicante,11,Viernes,13,Travesía,Otro,Colisión lateral,Buen tiempo,Pleno día,1,0,0,1