ID_ACCIDENTE,AÑO,PROVINCIA,MES,DIA_SEMANA,HORA,ZONA,TIPO_VIA,TIPO_ACCIDENTE,CONDICION_METEO,CONDICION_ILUMINACION,TOTAL_VICTIMAS,FALLECIDOS_24H,HERIDOS_GRAVES,HERIDOS_LEVES
3927,2019,Alicante,9,Martes,14,Travesía,Otro,Choque obstáculo lateral,Buen tiempo,Pleno día,1,0,0,1
3928,2019,Alicante,9,Miércoles,10,Travesía,Otro,Colisión lateral,Buen tiempo,Pleno día,1,0,0,1
3929,2019,Alicante,9,Sábado,22,Travesía,Otro,Colisión lateral,Buen tiempo,Pleno día,1,0,0,1
3930,2019,Alicante,10,Martes,19,Travesía,Otro,Caída de motociclista,Buen tiempo,Pleno día,2,0,0,2
3931,2019,Alicante,5,Viernes,22,Travesía,Otro,Choque obstáculo lateral,Buen tiempo,Noche con iluminación,1,0,0,1
3932,2019,Alicante,5,Miércoles,9,Travesía,Otro,Colisión por alcance,Buen tiempo,Pleno día,2,0,0,2
3933,2019,Alicante,5,Jueves,17,Travesía,Otro,Animal en calzada,Buen tiempo,Pleno día,1,0,0,1
3934,2019,Alicante,5,Viernes,13,Travesía,Otro,Colisión por alcance,Buen tiempo,Pleno día,3,0,0,3
3935,2019,Alicante,10,Miércoles,7,Travesía,Otro,Colisión lateral,Buen tiempo,Pleno día,1,0,0,1
3936,2019,Alicante,6,Viernes,18,Travesía,Otro,Colisión frontolateral,Buen tiempo,Pleno día,1,0,0,1
3937,2019,Alicante,8,Sábado,1,Travesía,Otro,Colisión frontolateral,Buen tiempo,Noche con iluminación,1,0,0,1
3938,2019,Alicante,10,Miércoles,19,Travesía,Otro,Colisión lateral,Buen tiempo,Pleno día,1,0,0,1
3939,2019,Alicante,9,Sábado,20,Travesía,Otro,Objeto desprendido,Buen tiempo,Noche con iluminación,1,0,0,1
3940,2019,Alicante,8,Lunes,19,Travesía,Otro,Colisión frontolateral,Buen tiempo,Amanecer/Anochecer,1,0,0,1
3941,2019,Alicante,10,Viernes,22,Travesía,Otro,Colisión lateral,Buen tiempo,Pleno día,1,0,0,1
3942,2019,Alicante,10,Miércoles,23,Travesía,Otro,Colisión lateral,Buen tiempo,Noche ilum. insuficiente,2,0,0,2
3943,2019,Alicante,10,Jueves,10,Travesía,Otro,Colisión por alcance,Buen tiempo,Pleno día,1,0,0,1
3944,2019,Alicante,11,Martes,20,Travesía,Otro,Colisión lateral,Buen tiempo,Noche sin iluminación,1,0,0,1
3945,2019,Alicante,4,Miércoles,21,Zona interurbana,Vía urbana,Choque con bordillo,Buen tiempo,Se desconoce,1,0,0,1
3946,2019,Alicante,5,Miércoles,19,Zona interurbana,Vía urbana,Se desconoce,Buen tiempo,Pleno día,1,0,0,1
3947,2019,Alicante,6,Lunes,19,Zona interurbana,Vía urbana,Colisión por alcance,Buen tiempo,Pleno día,1,0,1,0
3948,2019,Alicante,7,Miércoles,18,Zona interurbana,Vía urbana,Caída de ocupante,Buen tiempo,Pleno día,1,0,0,1
3949,2019,Alicante,8,Viernes,4,Zona interurbana,Vía urbana,Otro tipo,Buen tiempo,Noche sin iluminación,1,0,0,1
3950,2019,Alicante,9,Viernes,21,Zona interurbana,Vía urbana,Atropello a ciclista,Lluvia,Se desconoce,1,0,0,1
3951,2019,Alicante,4,Jueves,16,Zona interurbana,Vía urbana,Salida vía izquierda,Granizo,Pleno día,1,0,0,1
3952,2019,Alicante,5,Sábado,9,Zona interurbana,Vía urbana,Caída de motociclista,Lluvia,Pleno día,1,0,0,1
3953,2019,Alicante,6,Viernes,17,Zona interurbana,Vía urbana,Colisión frontolateral,Buen tiempo,Pleno día,1,0,0,1
3954,2019,Alicante,6,Viernes,19,Zona interurbana,Vía urbana,Caída de motociclista,Buen tiempo,Pleno día,1,0,0,1
3955,2019,Alicante,6,Martes,11,Zona interurbana,Vía urbana,Animal en calzada,Buen tiempo,Pleno día,1,0,0,1
3956,2019,Alicante,8,Lunes,11,Zona interurbana,Vía urbana,Atropello a ciclista,Buen tiempo,Pleno día,1,0,0,1
3957,2019,Alicante,8,Lunes,11,Zona interurbana,Vía urbana,Animal en calzada,Buen tiempo,Pleno día,1,0,0,1
3958,2019,Alicante,11,Domingo,18,Zona interurbana,Vía urbana,Caída de motociclista,Buen tiempo,Se desconoce,1,0,1,0
3959,2019,Alicante,12,Domingo,0,Zona interurbana,Vía urbana,Animal en calzada,Buen tiempo,Se desconoce,1,0,0,1
3960,2019,Alicante,2,Jueves,15,Zona interurbana,Calle,Salida vía izquierda,Buen tiempo,Pleno día,1,0,1,0
3961,2019,Alicante,6,Miércoles,12,Zona interurbana,Vía urbana,Colisión frontolateral,Buen tiempo,Pleno día,1,0,0,1
3962,2019,Alicante,10,Jueves,18,Zona interurbana,Vía urbana,Otro tipo,Buen tiempo,Pleno día,2,0,0,2
3963,2019,Alicante,2,Viernes,6,Zona interurbana,Vía urbana,Colisión frontolateral,Buen tiempo,Noche sin iluminación,1,0,0,1
3964,2019,Alicante,2,Martes,7,Zona interurbana,Vía urbana,Choque obstáculo lateral,Buen tiempo,Amanecer/Anochecer,1,0,0,1
3965,2019,Alicante,3,Lunes,20,Zona interurbana,Vía convencional,Colisión frontolateral,Buen tiempo,Noche ilum. insuficiente,2,0,0,2
3966,2019,Alicante,3,Domingo,10,Travesía,Otro,Colisión frontolateral,Buen tiempo,Pleno día,1,0,0,1
3967,2019,Alicante,1,Martes,8,Travesía,Otro,Colisión múltiple,Buen tiempo,Pleno día,1,0,0,1
3968,2019,Alicante,3,Martes,12,Travesía,Otro,Caída de motociclista,Buen tiempo,Pleno día,1,0,0,1
3969,2019,Alicante,1,Sábado,12,Travesía,Otro,Choque obstáculo lateral,Buen tiempo,Pleno día,1,0,0,1
3970,2019,Alicante,4,Martes,19,Travesía,Otro,Choque obstáculo lateral,Buen tiempo,Pleno día,1,0,1,0
3971,2019,Alicante,5,Miércoles,17,Zona interurbana,Vía urbana,Colisión por alcance,Buen tiempo,Pleno día,3,0,0,3
3972,2019,Alicante,5,Lunes,20,Travesía,Otro,Colisión frontolateral,Buen tiempo,Amanecer/Anochecer,1,0,0,1
3973,2019,Alicante,6,Sábado,2,Travesía,Otro,Colisión lateral,Buen tiempo,Noche sin iluminación,1,0,0,1
3974,2019,Alicante,6,Lunes,20,Travesía,Otro,Colisión lateral,Buen tiempo,Pleno día,1,0,0,1
3975,2019,Alicante,6,Domingo,1,Travesía,Otro,Colisión frontolateral,Buen tiempo,Noche sin iluminación,3,0,0,3
3976,2019,Alicante,8,Viernes,20,Travesía,Otro,Colisión lateral,Buen tiempo,Pleno día,3,0,0,3
3977,2019,Alicante,10,Martes,8,Zona interurbana,Vía urbana,Colisión por alcance,Granizo,Noche con iluminación,4,0,0,4
3978,2019,Alicante,11,Lunes,22,Travesía,Otro,Choque obstáculo calzada,Buen tiempo,Noche sin iluminación,1,0,0,1
3979,2019,Alicante,4,Domingo,11,Zona interurbana,Vía urbana,Colisión por alcance,Buen tiempo,Pleno día,1,0,0,1
3980,2019,Alicante,11,Sábado,13,Zona interurbana,Vía urbana,Caída de motociclista,Buen tiempo,Pleno día,1,0,1,0
3981,2019,Alicante,1,Jueves,14,Zona interurbana,Vía urbana,Atropello a ciclista,Buen tiempo,Pleno día,1,0,0,1
3982,2019,Alicante,2,Miércoles,10,Zona interurbana,Camino vecinal,Colisión por alcance,Buen tiempo,Pleno día,1,0,0,1
3983,2019,Alicante,3,Miércoles,18,Zona interurbana,Vía urbana,Choque obstáculo calzada,Buen tiempo,Pleno día,1,0,0,1
3984,2019,Alicante,4,Domingo,18,Zona interurbana,Vía urbana,Caída de motociclista,Buen tiempo,Pleno día,1,0,0,1
3985,2019,Alicante,4,Lunes,10,Zona interurbana,Vía urbana,Colisión por alcance,Lluvia,Pleno día,2,0,0,2
3986,2019,Alicante,5,Miércoles,13,Zona interurbana,Autovía,Otro tipo,Buen tiempo,Pleno día,1,0,0,1
3987,2019,Alicante,6,Martes,9,Zona interurbana,Autovía,Colisión por alcance,Buen tiempo,Pleno día,1,0,0,1
3988,2019,Alicante,6,Lunes,16,Zona interurbana,Vía urbana,Colisión frontolateral,Buen tiempo,Pleno día,1,0,0,1
3989,2019,Alicante,6,Viernes,13,Zona interurbana,Vía urbana,Caída de motociclista,Buen tiempo,Pleno día,1,0,0,1
3990,2019,Alicante,7,Martes,15,Zona interurbana,Vía urbana,Vuelco en calzada,Buen tiempo,Pleno día,3,0,0,3
3991,2019,Alicante,7,Jueves,14,Zona interurbana,Vía urbana,Atropello a ciclista,Buen tiempo,Pleno día,5,0,0,5
3992,2019,Alicante,8,Lunes,7,Zona interurbana,Vía urbana,Colisión por alcance,Buen tiempo,Pleno día,1,0,0,1
3993,2019,Alicante,9,Martes,10,Zona interurbana,Vía urbana,Choque obstáculo lateral,Buen tiempo,Pleno día,1,0,0,1
3994,2019,Alicante,9,Lunes,18,Zona interurbana,Calle,Colisión frontal,Buen tiempo,Pleno día,4,0,0,4
3995,2019,Alicante,11,Jueves,15,Zona interurbana,Vía urbana,Animal en calzada,Granizo,Pleno día,1,0,0,1
3996,2019,Alicante,11,Miércoles,8,Zona interurbana,Camino vecinal,Colisión frontolateral,Buen tiempo,Pleno día,1,0,0,1
3997,2019,Alicante,11,Martes,12,Zona interurbana,Travesía,Colisión frontal,Buen tiempo,Pleno día,1,0,0,1
3998,2019,Alicante,12,Jueves,15,Zona interurbana,Vía urbana,Colisión frontolateral,Lluvia,Pleno día,1,0,0,1
3999,2019,Alicante,5,Lunes,14,Zona interurbana,Travesía,Colisión frontal,Buen tiempo,Pleno día,2,0,0,2
4000,2019,Alicante,6,Sábado,0,Zona interurbana,Vía urbana,Colisión por alcance,Buen tiempo,Noche sin iluminación,1,0,1,0
4001,2019,Alicante,10,Lunes,15,Zona interurbana,Vía urbana,Colisión frontal,Buen tiempo,Pleno día,1,0,0,1
4002,2019,Alicante,11,Viernes,18,Zona interurbana,Camino vecinal,Colisión frontolateral,Buen tiempo,Pleno día,1,0,0,1
4003,2019,Alicante,4,Lunes,23,Zona interurbana,Vía urbana,Otro tipo,Lluvia,Se desconoce,1,0,0,1
4004,2019,Alicante,2,Martes,23,Zona interurbana,Vía urbana,Colisión por alcance,Buen tiempo,Se desconoce,4,0,0,4
4005,2019,Alicante,4,Miércoles,17,Zona interurbana,Vía urbana,Objeto desprendido,Buen tiempo,Pleno día,1,0,0,1
4006,2019,Alicante,2,Miércoles,1,Zona interurbana,Vía urbana,Otro tipo,Buen tiempo,Se desconoce,1,0,0,1
4007,2019,Alicante,2,Jueves,14,Zona interurbana,Camino vecinal,Colisión lateral,Buen tiempo,Pleno día,1,0,1,0
4008,2019,Alicante,3,Sábado,9,Zona interurbana,Vía urbana,Colisión por alcance,Buen tiempo,Pleno día,1,1,0,0
4009,2019,Alicante,3,Viernes,9,Zona interurbana,Vía urbana,Colisión frontolateral,Buen tiempo,Pleno día,1,0,0,1
4010,2019,Alicante,5,Martes,12,Zona interurbana,Vía de servicio,Colisión por alcance,Buen tiempo,Pleno día,1,0,0,1
4011,2019,Alicante,6,Lunes,23,Zona interurbana,Vía urbana,Animal en calzada,Buen tiempo,Noche ilum. insuficiente,2,0,0,2
4012,2019,Alicante,7,Jueves,9,Zona interurbana,Vía urbana,Colisión lateral,Buen tiempo,Pleno día,1,0,0,1
4013,2019,Alicante,10,Jueves,23,Zona interurbana,Vía urbana,Colisión frontal,Buen tiempo,Se desconoce,2,0,0,2
4014,2019,Alicante,10,Miércoles,18,Zona interurbana,Vía urbana,Colisión por alcance,Buen tiempo,Pleno día,2,0,0,2
4015,2019,Alicante,12,Martes,12,Zona interurbana,Vía urbana,Colisión frontolateral,Granizo,Pleno día,1,0,0,1
4016,2019,Alicante,4,Jueves,10,Travesía,Travesía,Otro tipo,Buen tiempo,Pleno día,1,0,0,1
4017,2019,Alicante,3,Miércoles,14,Travesía,Otro,Colisión frontolateral,Buen tiempo,Pleno día,1,0,0,1
4018,2019,Alicante,2,Domingo,2,Zona interurbana,Camino vecinal,Colisión por alcance,Buen tiempo,Noche sin iluminación,1,0,0,1
4019,2019,Alicante,3,Martes,10,Zona interurbana,Ramal/enlace,Choque obstáculo lateral,Lluvia,Pleno día,1,0,0,1
4020,2019,Alicante,5,Martes,22,Travesía,Otro,Choque obstáculo calzada,Buen tiempo,Noche sin iluminación,1,0,0,1
4021,2019,Alicante,4,Miércoles,22,Travesía,Otro,Colisión frontolateral,Otro,Noche sin iluminación,1,0,0,1
4022,2019,Alicante,5,Jueves,9,Travesía,Otro,Choque obstáculo lateral,Buen tiempo,Pleno día,2,0,0,2
4023,2019,Alicante,5,Sábado,8,Travesía,Otro,Colisión por alcance,Buen tiempo,Pleno día,3,0,0,3
4024,2019,Alicante,5,Sábado,12,Zona interurbana,Vía urbana,Animal en calzada,Buen tiempo,Pleno día,1,0,0,1
4025,2019,Alicante,7,Miércoles,9,Travesía,Otro,Caída de motociclista,Buen tiempo,Pleno día,1,0,0,1
4026,2019,Alicante,7,Lunes,9,Travesía,Otro,Colisión lateral,Buen tiempo,Pleno día,2,0,0,2
4027,2019,Alicante,7,Viernes,10,Zona interurbana,Ramal/enlace,Animal en calzada,Buen tiempo,Pleno día,1,0,0,1
4028,2019,Alicante,4,Domingo,15,Travesía,Otro,Animal en calzada,Buen tiempo,Pleno día,1,0,0,1
4029,2019,Alicante,3,Sábado,21,Travesía,Otro,Colisión frontolateral,Buen tiempo,Noche sin iluminación,2,0,1,1
4030,2019,Alicante,4,Sábado,23,Travesía,Otro,Colisión múltiple,Buen tiempo,Noche sin iluminación,5,0,0,5
4031,2019,Alicante,8,Jueves,12,Travesía,Otro,Choque obstáculo lateral,Buen tiempo,Pleno día,1,0,1,0
4032,2019,Alicante,7,Lunes,18,Travesía,Otro,Colisión frontal,Buen tiempo,Pleno día,1,0,0,1
4033,2019,Alicante,10,Martes,13,Travesía,Otro,Colisión lateral,Buen tiempo,Pleno día,1,0,0,1
4034,2019,Alicante,10,Jueves,9,Travesía,Otro,Colisión lateral,Buen tiempo,Pleno día,1,0,0,1
4035,2019,Alicante,11,Miércoles,19,Zona interurbana,Camino vecinal,Animal en calzada,Buen tiempo,Noche sin iluminación,1,0,0,1
4036,2019,Alicante,11,Lunes,12,Travesía,Otro,Colisión lateral,Buen tiempo,Pleno día,2,0,0,2
4037,2019,Alicante,2,Miércoles,18,Zona interurbana,Calle,Animal en calzada,Buen tiempo,Pleno día,1,0,0,1
4038,2019,Alicante,2,Lunes,19,Zona interurbana,Vía urbana,Colisión frontolateral,Buen tiempo,Noche sin iluminación,1,0,0,1
4039,2019,Alicante,3,Domingo,16,Zona interurbana,Vía urbana,Caída de motociclista,Buen tiempo,Pleno día,1,0,0,1
4040,2019,Alicante,4,Viernes,20,Zona interurbana,Calle,Colisión frontolateral,Buen tiempo,Pleno día,1,0,0,1
4041,2019,Alicante,5,Jueves,4,Zona interurbana,Autovía,Salida vía izquierda,Buen tiempo,Se desconoce,1,0,0,1
4042,2019,Alicante,5,Viernes,19,Zona interurbana,Vía urbana,Caída de motociclista,Otro,Noche con iluminación,2,0,0,2
4043,2019,Alicante,6,Miércoles,8,Zona interurbana,Vía urbana,Colisión frontal,Buen tiempo,Pleno día,1,0,0,1
4044,2019,Alicante,6,Martes,10,Zona interurbana,Vía urbana,Colisión por alcance,Buen tiempo,Pleno día,3,0,0,3
4045,2019,Alicante,6,Jueves,19,Zona interurbana,Vía urbana,Colisión frontal,Buen tiempo,Pleno día,2,0,0,2
4046,2019,Alicante,7,Martes,12,Zona interurbana,Vía urbana,Colisión lateral,Buen tiempo,Pleno día,1,0,0,1
4047,2019,Alicante,8,Jueves,4,Zona interurbana,Vía urbana,Otro tipo,Buen tiempo,Se desconoce,1,0,0,1
4048,2019,Alicante,9,Viernes,15,Zona interurbana,Calle,Colisión por alcance,Buen tiempo,Pleno día,1,0,0,1
4049,2019,Alicante,10,Domingo,7,Zona interurbana,Vía urbana,Colisión frontal,Lluvia,Amanecer/Anochecer,2,0,0,2
4050,2019,Alicante,11,Martes,17,Zona interurbana,Vía urbana,Colisión por alcance,Buen tiempo,Se desconoce,10,0,0,10
4051,2019,Alicante,12,Jueves,13,Zona interurbana,Vía urbana,Colisión frontal,Buen tiempo,Pleno día,2,0,0,2
4052,2019,Alicante,12,Viernes,14,Zona interurbana,Vía urbana,Colisión frontolateral,Granizo,Pleno día,1,0,0,1
4053,2019,Alicante,9,Viernes,22,Travesía,Otro,Choque obstáculo lateral,Buen tiempo,Noche sin iluminación,2,0,0,2
4054,2019,Alicante,1,Jueves,18,Travesía,Otro,Choque obstáculo lateral,Buen tiempo,Pleno día,1,0,0,1
4055,2019,Alicante,1,Jueves,23,Travesía,Otro,Colisión lateral,Buen tiempo,Noche sin iluminación,2,0,0,2
4056,2019,Alicante,2,Domingo,18,Zona interurbana,Vía urbana,Colisión múltiple,Buen tiempo,Amanecer/Anochecer,3,1,1,1
4057,2019,Alicante,2,Miércoles,9,Travesía,Otro,Objeto desprendido,Buen tiempo,Pleno día,1,0,0,1
4058,2019,Alicante,2,Viernes,8,Zona interurbana,Vía urbana,Colisión frontal,Buen tiempo,Pleno día,1,0,0,1
4059,2019,Alicante,3,Jueves,9,Travesía,Otro,Choque obstáculo lateral,Buen tiempo,Pleno día,1,0,0,1
4060,2019,Alicante,3,Martes,8,Zona interurbana,Camino vecinal,Colisión por alcance,Buen tiempo,Pleno día,1,0,0,1
4061,2019,Alicante,3,Sábado,12,Zona interurbana,Vía urbana,Colisión por alcance,Buen tiempo,Pleno día,2,0,0,2
4062,2019,Alicante,2,Martes,11,Travesía,Otro,Colisión lateral,Buen tiempo,Pleno día,1,0,1,0
4063,2019,Alicante,3,Viernes,12,Travesía,Otro,Animal en calzada,Buen tiempo,Pleno día,1,0,1,0
4064,2019,Alicante,3,Martes,11,Travesía,Otro,Choque obstáculo lateral,Buen tiempo,Pleno día,1,0,1,0
4065,2019,Alicante,4,Jueves,8,Zona interurbana,Vía urbana,Colisión frontolateral,Buen tiempo,Pleno día,1,0,0,1
4066,2019,Alicante,4,Miércoles,12,Zona interurbana,Camino vecinal,Colisión por alcance,Buen tiempo,Pleno día,1,0,1,0
4067,2019,Alicante,4,Viernes,11,Travesía,Otro,Colisión por alcance,Buen tiempo,Pleno día,1,0,0,1
4068,2019,Alicante,5,Jueves,11,Zona interurbana,Vía urbana,Colisión por alcance,Buen tiempo,Pleno día,1,0,0,1
4069,2019,Alicante,5,Martes,23,Travesía,Otro,Animal en calzada,Buen tiempo,Noche sin iluminación,1,0,1,0
4070,2019,Alicante,5,Jueves,22,Zona interurbana,Camino vecinal,Animal en calzada,Buen tiempo,Noche sin iluminación,1,0,0,1
4071,2019,Alicante,6,Jueves,8,Travesía,Otro,Colisión frontolateral,Buen tiempo,Pleno día,1,0,0,1
4072,2019,Alicante,6,Jueves,18,Zona interurbana,Camino vecinal,Colisión frontolateral,Buen tiempo,Pleno día,1,0,0,1
4073,2019,Alicante,6,Jueves,11,Zona interurbana,Vía urbana,Colisión múltiple,Buen tiempo,Pleno día,1,0,0,1
4074,2019,Alicante,6,Lunes,11,Travesía,Otro,Objeto desprendido,Buen tiempo,Pleno día,1,0,0,1
4075,2019,Alicante,6,Sábado,22,Zona interurbana,Vía urbana,Colisión lateral,Buen tiempo,Se desconoce,5,0,0,5
4076,2019,Alicante,5,Jueves,9,Travesía,Otro,Choque obstáculo lateral,Buen tiempo,Pleno día,1,0,0,1
4077,2019,Alicante,6,Martes,15,Zona interurbana,Vía urbana,Colisión por alcance,Buen tiempo,Pleno día,1,0,0,1
4078,2019,Alicante,7,Lunes,10,Travesía,Otro,Caída de motociclista,Granizo,Pleno día,1,0,0,1
4079,2019,Alicante,7,Jueves,16,Zona interurbana,Vía urbana,Colisión por alcance,Buen tiempo,Pleno día,2,0,0,2
4080,2019,Alicante,7,Lunes,15,Zona interurbana,Vía urbana,Colisión frontal,Buen tiempo,Pleno día,4,0,2,2
4081,2019,Alicante,7,Viernes,9,Travesía,Otro,Colisión frontal,Buen tiempo,Pleno día,1,0,1,0
4082,2019,Alicante,7,Sábado,12,Zona interurbana,Vía urbana,Colisión frontolateral,Buen tiempo,Pleno día,1,0,0,1
4083,2019,Alicante,6,Lunes,10,Travesía,Otro,Choque obstáculo lateral,Buen tiempo,Pleno día,1,0,0,1
4084,2019,Alicante,7,Domingo,15,Zona interurbana,Vía urbana,Colisión por alcance,Buen tiempo,Pleno día,1,0,0,1
4085,2019,Alicante,8,Martes,8,Zona interurbana,Vía urbana,Colisión frontolateral,Buen tiempo,Pleno día,1,0,0,1
4086,2019,Alicante,8,Jueves,8,Travesía,Otro,Objeto desprendido,Buen tiempo,Pleno día,1,0,0,1
4087,2019,Alicante,8,Lunes,8,Zona interurbana,Vía urbana,Colisión frontolateral,Buen tiempo,Pleno día,1,0,0,1
4088,2019,Alicante,8,Viernes,20,Zona interurbana,Vía urbana,Colisión por alcance,Buen tiempo,Pleno día,3,0,0,3
4089,2019,Alicante,8,Lunes,9,Zona interurbana,Vía urbana,Colisión frontolateral,Lluvia,Pleno día,2,0,0,2
4090,2019,Alicante,8,Jueves,19,Zona interurbana,Vía urbana,Colisión múltiple,Buen tiempo,Pleno día,1,0,0,1
4091,2019,Alicante,8,Lunes,9,Travesía,Otro,Colisión por alcance,Buen tiempo,Pleno día,1,0,0,1
4092,2019,Alicante,9,Martes,9,Travesía,Otro,Colisión lateral,Buen tiempo,Pleno día,1,0,0,1
4093,2019,Alicante,9,Miércoles,11,Travesía,Otro,Colisión lateral,Buen tiempo,Pleno día,3,0,0,3
4094,2019,Alicante,10,Martes,21,Travesía,Otro urbano,Choque obstáculo lateral,Buen tiempo,Noche sin iluminación,1,0,0,1
4095,2019,Alicante,10,Viernes,21,Zona interurbana,Vía urbana,Colisión frontolateral,Buen tiempo,Noche sin iluminación,2,0,0,2
4096,2019,Alicante,11,Lunes,8,Zona interurbana,Vía urbana,Colisión múltiple,Buen tiempo,Pleno día,5,0,0,5
4097,2019,Alicante,11,Viernes,14,Zona interurbana,Vía urbana,Colisión frontolateral,Buen tiempo,Pleno día,1,0,0,1
4098,2019,Alicante,11,Jueves,10,Zona interurbana,Vía urbana,Colisión por alcance,Buen tiempo,Pleno día,1,0,0,1
4099,2019,Alicante,11,Domingo,11,Travesía,Otro,Colisión lateral,Buen tiempo,Pleno día,1,0,0,1
4100,2019,Alicante,8,Jueves,17,Travesía,Otro,Colisión frontolateral,Buen tiempo,Pleno día,1,0,0,1
4101,2019,Alicante,11,Sábado,10,Zona interurbana,Vía urbana,Colisión frontal,Buen tiempo,Pleno día,1,0,0,1
4102,2019,Alicante,12,Domingo,12,Zona interurbana,Vía urbana,Colisión por alcance,Buen tiempo,Pleno día,1,0,0,1
4103,2019,Alicante,12,Domingo,19,Zona interurbana,Vía urbana,Colisión frontolateral,Buen tiempo,Noche ilum. insuficiente,1,0,1,0
4104,2019,Alicante,1,Viernes,17,Zona interurbana,Vía convencional,Colisión por alcance,Buen tiempo,Pleno día,2,0,0,2
4105,2019,Alicante,1,Martes,13,Zona interurbana,Vía convencional,Salida vía izquierda,Lluvia,Pleno día,1,0,0,1
4106,2019,Alicante,2,Sábado,13,Travesía,Otro,Colisión por alcance,Buen tiempo,Pleno día,1,0,0,1
4107,2019,Alicante,3,Sábado,11,Zona interurbana,Vía urbana,Animal en calzada,Buen tiempo,Pleno día,1,0,0,1
4108,2019,Alicante,2,Lunes,14,Travesía,Otro,Colisión frontolateral,Buen tiempo,Pleno día,9,0,1,8
4109,2019,Alicante,3,Lunes,11,Zona interurbana,Vía convencional,Colisión por alcance,Buen tiempo,Pleno día,2,0,1,1
4110,2019,Alicante,3,Viernes,6,Travesía,Otro,Colisión frontolateral,Buen tiempo,Noche con iluminación,1,0,0,1
4111,2019,Alicante,2,Jueves,8,Travesía,Otro,Colisión frontolateral,Buen tiempo,Pleno día,1,0,0,1
4112,2019,Alicante,5,Sábado,15,Zona interurbana,Vía urbana,Atropello a ciclista,Buen tiempo,Pleno día,2,0,0,2
4113,2019,Alicante,5,Lunes,15,Zona interurbana,Vía convencional,Colisión por alcance,Buen tiempo,Pleno día,1,0,0,1
4114,2019,Alicante,5,Lunes,13,Travesía,Otro,Colisión frontolateral,Buen tiempo,Pleno día,1,0,1,0
4115,2019,Alicante,5,Miércoles,18,Zona interurbana,Vía convencional,Colisión por alcance,Buen tiempo,Pleno día,1,0,0,1
4116,2019,Alicante,5,Lunes,9,Travesía,Otro,Colisión por alcance,Buen tiempo,Pleno día,1,0,0,1
4117,2019,Alicante,4,Domingo,17,Zona interurbana,Travesía,Colisión lateral,Buen tiempo,Pleno día,2,0,0,2
4118,2019,Alicante,5,Lunes,8,Travesía,Otro,Choque obstáculo lateral,Buen tiempo,Pleno día,1,0,0,1
4119,2019,Alicante,3,Lunes,9,Travesía,Otro,Colisión frontolateral,Buen tiempo,Pleno día,1,0,0,1
4120,2019,Alicante,7,Lunes,17,Zona interurbana,Vía urbana,Otro tipo,Buen tiempo,Pleno día,1,0,0,1
4121,2019,Alicante,7,Viernes,18,Zona interurbana,Vía convencional,Colisión por alcance,Buen tiempo,Pleno día,1,0,0,1
4122,2019,Alicante,9,Lunes,16,Zona interurbana,Vía convencional,Colisión por alcance,Buen tiempo,Pleno día,1,0,0,1
4123,2019,Alicante,10,Sábado,10,Zona interurbana,Travesía,Colisión por alcance,Buen tiempo,Pleno día,3,0,0,3
4124,2019,Alicante,10,Miércoles,18,Zona interurbana,Camino vecinal,Colisión por alcance,Buen tiempo,Pleno día,1,0,0,1
4125,2019,Alicante,11,Viernes,15,Zona interurbana,Camino vecinal,Colisión por alcance,Lluvia,Pleno día,1,0,0,1
4126,2019,Alicante,12,Martes,20,Zona interurbana,Vía convencional,Colisión por alcance,Granizo,Se desconoce,1,0,0,1
4127,2019,Alicante,12,Jueves,9,Zona interurbana,Vía convencional,Colisión lateral,Buen tiempo,Pleno día,1,0,0,1
4128,2019,Alicante,2,Miércoles,13,Zona interurbana,Vía convencional,Colisión por alcance,Buen tiempo,Pleno día,1,0,0,1
4129,2019,Alicante,2,Miércoles,6,Zona interurbana,Vía convencional,Caída de motociclista,Lluvia,Amanecer/Anochecer,5,0,0,5
4130,2019,Alicante,3,Lunes,19,Travesía,Otro,Colisión frontolateral,Otro,Amanecer/Anochecer,1,0,1,0
4131,2019,Alicante,3,Miércoles,17,Travesía,Otro,Colisión frontolateral,Buen tiempo,Pleno día,1,0,0,1
4132,2019,Alicante,4,Domingo,13,Zona interurbana,Vía convencional,Colisión lateral,Buen tiempo,Pleno día,2,0,0,2
4133,2019,Alicante,5,Sábado,21,Zona interurbana,Travesía,Colisión frontal,Buen tiempo,Se desconoce,3,0,0,3
4134,2019,Alicante,5,Miércoles,11,Zona interurbana,Vía urbana,Colisión lateral,Buen tiempo,Pleno día,1,0,0,1
4135,2019,Alicante,7,Viernes,17,Zona interurbana,Calle,Colisión frontal,Buen tiempo,Pleno día,1,0,0,1
4136,2019,Alicante,7,Domingo,13,Travesía,Otro,Colisión frontolateral,Buen tiempo,Pleno día,1,0,0,1
4137,2019,Alicante,7,Domingo,19,Travesía,Otro,Animal en calzada,Otro,Pleno día,1,0,0,1
4138,2019,Alicante,8,Sábado,5,Zona interurbana,Vía convencional,Se desconoce,Buen tiempo,Noche ilum. insuficiente,1,0,0,1