ID_ACCIDENTE,AÑO,PROVINCIA,MES,DIA_SEMANA,HORA,ZONA,TIPO_VIA,TIPO_ACCIDENTE,CONDICION_METEO,CONDICION_ILUMINACION,TOTAL_VICTIMAS,FALLECIDOS_24H,HERIDOS_GRAVES,HERIDOS_LEVES
4139,2019,Alicante,11,Sábado,4,Zona interurbana,Vía convencional,Atropello a ciclista,Buen tiempo,Se desconoce,1,0,0,1
4140,2019,Alicante,11,Sábado,16,Zona interurbana,Vía convencional,Atropello a ciclista,Lluvia,Pleno día,2,0,0,2
4141,2019,Alicante,12,Miércoles,12,Travesía,Otro urbano,Choque con bordillo,Buen tiempo,Pleno día,1,0,0,1
4142,2019,Alicante,12,Domingo,2,Zona interurbana,Vía convencional,Colisión lateral,Buen tiempo,Se desconoce,2,0,0,2
4143,2019,Alicante,12,Lunes,20,Zona interurbana,Vía urbana,Caída de ocupante,Buen tiempo,Se desconoce,1,0,0,1
4144,2019,Alicante,1,Sábado,16,Zona interurbana,Vía urbana,Colisión lateral,Buen tiempo,Pleno día,1,0,0,1
4145,2019,Alicante,3,Domingo,15,Zona interurbana,Vía urbana,Caída de ocupante,Buen tiempo,Pleno día,1,0,0,1
4146,2019,Alicante,8,Domingo,12,Zona interurbana,Vía urbana,Otro tipo,Buen tiempo,Pleno día,1,0,0,1
4147,2019,Alicante,9,Miércoles,15,Zona interurbana,Vía urbana,Animal en calzada,Buen tiempo,Pleno día,1,0,0,1
4148,2019,Alicante,11,Sábado,16,Zona interurbana,Vía urbana,Choque obstáculo lateral,Buen tiempo,Pleno día,1,0,1,0
4149,2019,Alicante,12,Lunes,12,Zona interurbana,Vía urbana,Animal en calzada,Buen tiempo,Pleno día,1,0,0,1
4150,2019,Alicante,1,Domingo,11,Zona interurbana,Vía urbana,Se desconoce,Lluvia,Pleno día,1,0,1,0
4151,2019,Alicante,7,Miércoles,10,Zona interurbana,Vía urbana,Colisión por alcance,Buen tiempo,Pleno día,1,0,0,1
4152,2019,Alicante,8,Miércoles,14,Zona interurbana,Vía urbana,Colisión frontal,Buen tiempo,Pleno día,1,1,0,0
4153,2019,Alicante,8,Lunes,2,Zona interurbana,Calle,Caída de ocupante,Buen tiempo,Noche ilum. insuficiente,1,0,0,1
4154,2019,Alicante,8,Jueves,15,Zona interurbana,Vía urbana,Se desconoce,Buen tiempo,Pleno día,2,0,0,2
4155,2019,Alicante,10,Viernes,23,Zona interurbana,Vía urbana,Colisión por alcance,Buen tiempo,Se desconoce,1,0,0,1
4156,2019,Alicante,10,Domingo,17,Zona interurbana,Vía urbana,Colisión frontolateral,Buen tiempo,Amanecer/Anochecer,2,0,0,2
4157,2019,Alicante,10,Miércoles,14,Zona interurbana,Vía urbana,Colisión frontolateral,Buen tiempo,Pleno día,1,0,0,1
4158,2019,Alicante,11,Sábado,12,Zona interurbana,Calle,Colisión frontal,Buen tiempo,Pleno día,1,1,0,0
4159,2019,Alicante,12,Viernes,18,Zona interurbana,Vía urbana,Caída de motociclista,Buen tiempo,Se desconoce,1,0,0,1
4160,2019,Alicante,5,Miércoles,20,Zona interurbana,Vía convencional,Salida vía izquierda,Buen tiempo,Amanecer/Anochecer,1,0,0,1
4161,2019,Alicante,7,Domingo,22,Zona interurbana,Vía urbana,Colisión frontal,Buen tiempo,Se desconoce,3,0,1,2
4162,2019,Alicante,9,Lunes,18,Zona interurbana,Vía urbana,Animal en calzada,Buen tiempo,Pleno día,1,0,0,1
4163,2019,Alicante,9,Sábado,19,Zona interurbana,Vía convencional,Otro tipo,Buen tiempo,Pleno día,2,0,0,2
4164,2019,Alicante,11,Martes,15,Zona interurbana,Vía urbana,Atropello a peatón,Buen tiempo,Pleno día,1,0,0,1
4165,2019,Alicante,12,Sábado,7,Zona interurbana,Vía convencional,Colisión frontal,Buen tiempo,Se desconoce,4,2,0,2
4166,2019,Alicante,12,Sábado,5,Zona interurbana,Vía urbana,Salida vía izquierda,Buen tiempo,Se desconoce,1,0,0,1
4167,2019,Alicante,3,Martes,13,Zona interurbana,Vía urbana,Animal en calzada,Buen tiempo,Pleno día,1,0,1,0
4168,2019,Alicante,8,Miércoles,10,Zona interurbana,Vía urbana,Caída de motociclista,Buen tiempo,Pleno día,1,0,0,1
4169,2019,Alicante,8,Jueves,12,Zona interurbana,Otro urbano,Colisión frontolateral,Buen tiempo,Pleno día,1,0,0,1
4170,2019,Alicante,11,Sábado,12,Zona interurbana,Vía urbana,Otro tipo,Lluvia,Pleno día,1,0,0,1
4171,2019,Alicante,11,Domingo,10,Zona interurbana,Vía urbana,Otro tipo,Buen tiempo,Pleno día,1,0,0,1
4172,2019,Alicante,1,Miércoles,19,Travesía,Otro,Choque obstáculo lateral,Buen tiempo,Noche sin iluminación,1,1,0,0
4173,2019,Alicante,1,Lunes,19,Zona interurbana,Camino vecinal,Choque obstáculo calzada,Buen tiempo,Se desconoce,3,0,0,3
4174,2019,Alicante,1,Miércoles,8,Zona interurbana,Vía urbana,Colisión frontal,Buen tiempo,Pleno día,4,0,0,4
4175,2019,Alicante,1,Viernes,1,Travesía,Otro,Se desconoce,Buen tiempo,Noche sin iluminación,1,0,0,1
4176,2019,Alicante,1,Domingo,13,Travesía,Otro,Colisión por alcance,Buen tiempo,Pleno día,1,0,0,1
4177,2019,Alicante,1,Miércoles,11,Travesía,Otro,Colisión frontolateral,Buen tiempo,Pleno día,2,0,0,2
4178,2019,Alicante,1,Viernes,8,Travesía,Otro,Colisión frontolateral,Buen tiempo,Pleno día,1,0,0,1
4179,2019,Alicante,1,Lunes,8,Travesía,Otro,Choque obstáculo lateral,Buen tiempo,Pleno día,1,0,0,1
4180,2019,Alicante,1,Miércoles,20,Travesía,Otro,Colisión frontal,Buen tiempo,Noche sin iluminación,1,0,0,1
4181,2019,Alicante,2,Viernes,14,Zona interurbana,Vía urbana,Colisión por alcance,Lluvia,Pleno día,2,0,0,2
4182,2019,Alicante,2,Lunes,19,Zona interurbana,Camino vecinal,Colisión por alcance,Buen tiempo,Noche sin iluminación,3,0,0,3
4183,2019,Alicante,3,Lunes,17,Zona interurbana,Vía urbana,Colisión por alcance,Buen tiempo,Pleno día,1,0,0,1
4184,2019,Alicante,3,Jueves,12,Zona interurbana,Camino vecinal,Choque obstáculo calzada,Buen tiempo,Pleno día,1,0,1,0
4185,2019,Alicante,3,Jueves,9,Zona interurbana,Vía urbana,Se desconoce,Buen tiempo,Pleno día,1,0,0,1
4186,2019,Alicante,1,Martes,10,Travesía,Otro,Choque obstáculo lateral,Buen tiempo,Pleno día,1,0,0,1
4187,2019,Alicante,1,Sábado,16,Travesía,Otro,Colisión frontolateral,Buen tiempo,Pleno día,1,0,0,1
4188,2019,Alicante,1,Martes,13,Travesía,Otro,Colisión por alcance,Buen tiempo,Pleno día,1,0,0,1
4189,2019,Alicante,1,Viernes,14,Travesía,Otro,Choque obstáculo lateral,Buen tiempo,Pleno día,1,0,0,1
4190,2019,Alicante,1,Domingo,13,Travesía,Otro,Salida vía izquierda,Buen tiempo,Pleno día,2,0,0,2
4191,2019,Alicante,2,Lunes,22,Travesía,Otro,Choque obstáculo lateral,Buen tiempo,Noche sin iluminación,1,0,0,1
4192,2019,Alicante,2,Miércoles,14,Travesía,Otro,Choque obstáculo calzada,Buen tiempo,Pleno día,2,0,0,2
4193,2019,Alicante,2,Miércoles,18,Travesía,Otro,Colisión frontolateral,Buen tiempo,Amanecer/Anochecer,1,0,0,1
4194,2019,Alicante,2,Jueves,8,Travesía,Otro,Colisión frontolateral,Buen tiempo,Amanecer/Anochecer,1,0,0,1
4195,2019,Alicante,2,Miércoles,13,Travesía,Otro,Colisión frontolateral,Buen tiempo,Pleno día,1,0,0,1
4196,2019,Alicante,2,Sábado,16,Travesía,Otro,Colisión frontolateral,Buen tiempo,Pleno día,2,0,0,2
4197,2019,Alicante,2,Lunes,20,Travesía,Otro,Choque obstáculo lateral,Buen tiempo,Noche sin iluminación,1,0,0,1
4198,2019,Alicante,2,Miércoles,17,Travesía,Otro,Salida vía izquierda,Buen tiempo,Pleno día,1,0,0,1
4199,2019,Alicante,2,Sábado,10,Travesía,Otro,Colisión frontolateral,Buen tiempo,Pleno día,4,0,0,4
4200,2019,Alicante,4,Miércoles,10,Zona interurbana,Camino vecinal,Colisión frontolateral,Buen tiempo,Pleno día,1,0,0,1
4201,2019,Alicante,3,Domingo,17,Zona interurbana,Vía urbana,Caída de motociclista,Granizo,Pleno día,1,0,0,1
4202,2019,Alicante,4,Lunes,9,Zona interurbana,Vía urbana,Colisión lateral,Buen tiempo,Pleno día,1,0,0,1
4203,2019,Alicante,4,Martes,8,Zona interurbana,Vía urbana,Caída de motociclista,Buen tiempo,Pleno día,1,0,0,1
4204,2019,Alicante,4,Jueves,12,Zona interurbana,Vía urbana,Colisión por alcance,Buen tiempo,Pleno día,1,0,0,1
4205,2019,Alicante,4,Lunes,14,Zona interurbana,Vía urbana,Atropello a peatón,Buen tiempo,Pleno día,1,0,0,1
4206,2019,Alicante,4,Miércoles,14,Zona interurbana,Vía urbana,Colisión múltiple,Buen tiempo,Pleno día,2,0,0,2
4207,2019,Alicante,5,Viernes,13,Zona interurbana,Vía urbana,Colisión por alcance,Buen tiempo,Pleno día,1,0,0,1
4208,2019,Alicante,5,Jueves,8,Zona interurbana,Vía urbana,Colisión por alcance,Buen tiempo,Pleno día,3,0,0,3
4209,2019,Alicante,5,Martes,9,Zona interurbana,Vía urbana,Colisión frontolateral,Buen tiempo,Pleno día,1,0,0,1
4210,2019,Alicante,5,Lunes,20,Zona interurbana,Vía urbana,Otro tipo,Buen tiempo,Pleno día,1,0,0,1
4211,2019,Alicante,5,Miércoles,11,Zona interurbana,Vía urbana,Colisión por alcance,Buen tiempo,Pleno día,4,0,0,4
4212,2019,Alicante,5,Lunes,1,Zona interurbana,Vía urbana,Otro tipo,Buen tiempo,Se desconoce,1,0,1,0
4213,2019,Alicante,6,Lunes,15,Zona interurbana,Vía urbana,Colisión por alcance,Buen tiempo,Pleno día,2,0,0,2
4214,2019,Alicante,6,Martes,19,Zona interurbana,Vía urbana,Colisión múltiple,Buen tiempo,Pleno día,2,0,0,2
4215,2019,Alicante,7,Martes,15,Zona interurbana,Vía urbana,Colisión por alcance,Buen tiempo,Pleno día,1,1,0,0
4216,2019,Alicante,7,Martes,14,Zona interurbana,Vía urbana,Colisión por alcance,Buen tiempo,Pleno día,1,0,0,1
4217,2019,Alicante,7,Jueves,21,Zona interurbana,Vía urbana,Colisión lateral,Buen tiempo,Noche sin iluminación,3,0,0,3
4218,2019,Alicante,7,Miércoles,8,Zona interurbana,Camino vecinal,Colisión frontolateral,Buen tiempo,Pleno día,1,0,0,1
4219,2019,Alicante,7,Viernes,19,Zona interurbana,Camino vecinal,Colisión por alcance,Buen tiempo,Pleno día,3,0,0,3
4220,2019,Alicante,7,Domingo,7,Zona interurbana,Vía urbana,Colisión frontolateral,Buen tiempo,Pleno día,1,0,0,1
4221,2019,Alicante,8,Miércoles,21,Zona interurbana,Vía urbana,Colisión por alcance,Lluvia,Noche sin iluminación,2,0,0,2
4222,2019,Alicante,8,Miércoles,16,Zona interurbana,Vía urbana,Se desconoce,Buen tiempo,Pleno día,1,0,0,1
4223,2019,Alicante,8,Domingo,18,Zona interurbana,Vía urbana,Colisión múltiple,Buen tiempo,Pleno día,2,0,0,2
4224,2019,Alicante,8,Martes,10,Zona interurbana,Vía urbana,Choque obstáculo lateral,Buen tiempo,Pleno día,1,1,0,0
4225,2019,Alicante,8,Sábado,13,Zona interurbana,Vía de servicio,Animal en calzada,Buen tiempo,Pleno día,1,0,0,1
4226,2019,Alicante,9,Martes,14,Zona interurbana,Camino vecinal,Colisión múltiple,Buen tiempo,Pleno día,1,0,0,1
4227,2019,Alicante,9,Lunes,10,Zona interurbana,Vía urbana,Colisión frontal,Buen tiempo,Pleno día,2,0,0,2
4228,2019,Alicante,9,Martes,15,Zona interurbana,Vía urbana,Colisión múltiple,Buen tiempo,Pleno día,1,0,0,1
4229,2019,Alicante,9,Jueves,22,Zona interurbana,Vía urbana,Colisión frontolateral,Buen tiempo,Noche sin iluminación,1,0,0,1
4230,2019,Alicante,10,Miércoles,20,Zona interurbana,Camino vecinal,Otro tipo,Buen tiempo,Se desconoce,1,0,0,1
4231,2019,Alicante,10,Jueves,17,Zona interurbana,Vía urbana,Colisión por alcance,Buen tiempo,Pleno día,4,0,0,4
4232,2019,Alicante,11,Martes,19,Zona interurbana,Vía urbana,Colisión por alcance,Buen tiempo,Noche sin iluminación,1,0,0,1
4233,2019,Alicante,11,Sábado,19,Zona interurbana,Vía urbana,Colisión frontolateral,Buen tiempo,Se desconoce,1,0,0,1
4234,2019,Alicante,11,Viernes,18,Zona interurbana,Camino vecinal,Choque obstáculo lateral,Buen tiempo,Noche sin iluminación,1,0,1,0
4235,2019,Alicante,3,Domingo,16,Travesía,Otro,Se desconoce,Buen tiempo,Pleno día,1,0,0,1
4236,2019,Alicante,4,Martes,18,Travesía,Otro,Colisión frontolateral,Buen tiempo,Pleno día,2,0,0,2
4237,2019,Alicante,5,Viernes,17,Travesía,Otro,Colisión por alcance,Buen tiempo,Pleno día,1,0,0,1
4238,2019,Alicante,5,Jueves,21,Travesía,Otro,Colisión frontolateral,Buen tiempo,Noche sin iluminación,1,0,0,1
4239,2019,Alicante,5,Sábado,21,Travesía,Otro,Colisión frontolateral,Buen tiempo,Noche sin iluminación,2,0,0,2
4240,2019,Alicante,5,Lunes,10,Travesía,Otro,Colisión frontolateral,Buen tiempo,Pleno día,1,0,0,1
4241,2019,Alicante,5,Miércoles,7,Travesía,Otro,Choque obstáculo lateral,Buen tiempo,Amanecer/Anochecer,1,0,0,1
4242,2019,Alicante,5,Viernes,12,Travesía,Otro,Se desconoce,Buen tiempo,Pleno día,1,0,0,1
4243,2019,Alicante,5,Sábado,12,Travesía,Otro,Colisión frontolateral,Buen tiempo,Pleno día,1,0,0,1
4244,2019,Alicante,5,Sábado,22,Travesía,Otro,Choque obstáculo lateral,Buen tiempo,Noche sin iluminación,1,0,0,1
4245,2019,Alicante,5,Lunes,12,Travesía,Otro,Colisión frontolateral,Buen tiempo,Pleno día,1,0,0,1
4246,2019,Alicante,5,Jueves,17,Travesía,Otro,Colisión frontolateral,Buen tiempo,Pleno día,1,0,0,1
4247,2019,Alicante,5,Martes,12,Travesía,Otro,Colisión frontolateral,Buen tiempo,Pleno día,4,0,0,4
4248,2019,Alicante,5,Viernes,9,Travesía,Otro,Colisión frontolateral,Buen tiempo,Pleno día,1,0,0,1
4249,2019,Alicante,5,Viernes,16,Travesía,Otro,Colisión frontolateral,Buen tiempo,Pleno día,1,0,0,1
4250,2019,Alicante,6,Domingo,14,Travesía,Otro,Se desconoce,Buen tiempo,Pleno día,2,0,0,2
4251,2019,Alicante,6,Domingo,17,Travesía,Otro,Colisión frontolateral,Buen tiempo,Pleno día,2,0,0,2
4252,2019,Alicante,6,Domingo,16,Travesía,Otro,Colisión frontolateral,Buen tiempo,Pleno día,2,0,0,2
4253,2019,Alicante,6,Martes,1,Travesía,Otro,Colisión frontolateral,Buen tiempo,Noche sin iluminación,2,0,0,2
4254,2019,Alicante,6,Miércoles,14,Travesía,Otro,Colisión frontolateral,Buen tiempo,Pleno día,2,0,0,2
4255,2019,Alicante,6,Jueves,18,Travesía,Otro,Choque obstáculo lateral,Buen tiempo,Pleno día,1,0,0,1
4256,2019,Alicante,6,Sábado,19,Travesía,Otro,Colisión lateral,Buen tiempo,Amanecer/Anochecer,2,0,0,2
4257,2019,Alicante,6,Lunes,9,Zona interurbana,Vía urbana,Animal en calzada,Buen tiempo,Pleno día,1,0,0,1
4258,2019,Alicante,6,Martes,0,Travesía,Otro,Caída de motociclista,Buen tiempo,Noche sin iluminación,1,0,0,1
4259,2019,Alicante,6,Miércoles,12,Travesía,Otro,Colisión lateral,Buen tiempo,Pleno día,1,0,0,1
4260,2019,Alicante,6,Viernes,19,Travesía,Otro,Colisión frontal,Buen tiempo,Amanecer/Anochecer,1,0,0,1
4261,2019,Alicante,6,Domingo,15,Travesía,Otro,Choque obstáculo lateral,Buen tiempo,Pleno día,1,0,0,1
4262,2019,Alicante,11,Domingo,20,Zona interurbana,Camino vecinal,Choque obstáculo lateral,Buen tiempo,Noche sin iluminación,2,0,2,0
4263,2019,Alicante,11,Martes,14,Zona interurbana,Camino vecinal,Colisión frontolateral,Buen tiempo,Pleno día,1,0,0,1
4264,2019,Alicante,6,Domingo,20,Travesía,Otro,Colisión lateral,Buen tiempo,Amanecer/Anochecer,1,0,0,1
4265,2019,Alicante,7,Domingo,10,Travesía,Otro,Colisión frontolateral,Buen tiempo,Pleno día,1,0,0,1
4266,2019,Alicante,7,Lunes,20,Travesía,Otro,Colisión frontal,Buen tiempo,Amanecer/Anochecer,1,0,0,1
4267,2019,Alicante,5,Miércoles,18,Travesía,Otro,Choque obstáculo lateral,Buen tiempo,Amanecer/Anochecer,1,0,0,1
4268,2019,Alicante,7,Sábado,1,Travesía,Otro,Colisión frontolateral,Buen tiempo,Noche sin iluminación,1,0,0,1
4269,2019,Alicante,7,Sábado,4,Travesía,Otro,Colisión lateral,Buen tiempo,Noche sin iluminación,2,0,0,2
4270,2019,Alicante,7,Martes,20,Travesía,Otro,Colisión frontolateral,Buen tiempo,Amanecer/Anochecer,1,0,0,1
4271,2019,Alicante,7,Viernes,9,Travesía,Otro,Colisión frontolateral,Buen tiempo,Pleno día,1,0,0,1
4272,2019,Alicante,7,Miércoles,11,Travesía,Otro,Colisión frontolateral,Buen tiempo,Pleno día,1,0,0,1
4273,2019,Alicante,7,Jueves,10,Travesía,Otro,Colisión por alcance,Buen tiempo,Pleno día,4,0,0,4
4274,2019,Alicante,7,Jueves,10,Travesía,Otro,Choque obstáculo lateral,Buen tiempo,Pleno día,1,0,0,1
4275,2019,Alicante,7,Martes,2,Travesía,Otro,Salida vía izquierda,Buen tiempo,Noche sin iluminación,2,0,0,2
4276,2019,Alicante,8,Viernes,9,Travesía,Otro,Colisión por alcance,Buen tiempo,Pleno día,1,0,0,1
4277,2019,Alicante,8,Sábado,14,Travesía,Otro,Colisión por alcance,Buen tiempo,Pleno día,1,0,0,1
4278,2019,Alicante,8,Domingo,18,Travesía,Otro,Colisión frontolateral,Buen tiempo,Pleno día,1,0,0,1
4279,2019,Alicante,8,Viernes,23,Zona interurbana,Vía urbana,Colisión frontolateral,Buen tiempo,Noche sin iluminación,1,0,0,1
4280,2019,Alicante,7,Viernes,22,Travesía,Otro,Salida vía izquierda,Buen tiempo,Noche sin iluminación,6,0,0,6
4281,2019,Alicante,8,Viernes,0,Travesía,Otro,Colisión frontolateral,Buen tiempo,Noche sin iluminación,6,0,0,6
4282,2019,Alicante,8,Martes,23,Travesía,Otro,Choque obstáculo lateral,Buen tiempo,Noche sin iluminación,1,0,0,1
4283,2019,Alicante,8,Miércoles,7,Travesía,Otro,Colisión frontolateral,Buen tiempo,Amanecer/Anochecer,1,0,0,1
4284,2019,Alicante,8,Viernes,20,Travesía,Otro,Salida vía izquierda,Buen tiempo,Pleno día,1,0,0,1
4285,2019,Alicante,8,Domingo,22,Travesía,Otro,Choque obstáculo lateral,Buen tiempo,Noche sin iluminación,1,0,0,1
4286,2019,Alicante,8,Lunes,1,Travesía,Otro,Salida vía izquierda,Buen tiempo,Noche sin iluminación,2,0,0,2
4287,2019,Alicante,8,Lunes,20,Travesía,Otro,Animal en calzada,Buen tiempo,Pleno día,1,0,0,1
4288,2019,Alicante,11,Sábado,7,Zona interurbana,Vía urbana,Caída de motociclista,Buen tiempo,Se desconoce,1,0,0,1
4289,2019,Alicante,8,Martes,16,Travesía,Otro,Se desconoce,Buen tiempo,Pleno día,1,0,0,1
4290,2019,Alicante,8,Viernes,19,Travesía,Otro,Choque obstáculo lateral,Buen tiempo,Amanecer/Anochecer,2,0,0,2
4291,2019,Alicante,8,Sábado,23,Travesía,Otro,Colisión frontolateral,Buen tiempo,Noche sin iluminación,2,0,0,2
4292,2019,Alicante,8,Sábado,19,Travesía,Otro,Choque obstáculo lateral,Buen tiempo,Pleno día,1,0,0,1
4293,2019,Alicante,8,Domingo,17,Travesía,Otro,Choque obstáculo lateral,Buen tiempo,Pleno día,2,0,0,2
4294,2019,Alicante,8,Lunes,11,Travesía,Otro,Choque obstáculo lateral,Buen tiempo,Pleno día,2,0,0,2
4295,2019,Alicante,8,Miércoles,16,Travesía,Otro,Colisión frontolateral,Buen tiempo,Pleno día,1,0,0,1
4296,2019,Alicante,8,Miércoles,12,Travesía,Otro,Colisión por alcance,Buen tiempo,Pleno día,1,0,0,1
4297,2019,Alicante,8,Lunes,21,Travesía,Otro,Colisión frontolateral,Buen tiempo,Noche sin iluminación,1,0,0,1
4298,2019,Alicante,8,Jueves,14,Travesía,Otro,Animal en calzada,Buen tiempo,Pleno día,1,0,0,1
4299,2019,Alicante,8,Domingo,22,Travesía,Otro,Colisión frontolateral,Buen tiempo,Noche sin iluminación,1,0,0,1
4300,2019,Alicante,9,Viernes,20,Travesía,Otro,Colisión lateral,Buen tiempo,Pleno día,1,0,0,1
4301,2019,Alicante,9,Sábado,9,Travesía,Otro,Colisión frontolateral,Buen tiempo,Pleno día,1,0,0,1
4302,2019,Alicante,9,Jueves,12,Travesía,Otro,Choque obstáculo lateral,Buen tiempo,Pleno día,1,0,0,1
4303,2019,Alicante,9,Viernes,20,Travesía,Otro,Colisión frontolateral,Buen tiempo,Amanecer/Anochecer,1,0,0,1
4304,2019,Alicante,9,Sábado,19,Travesía,Otro,Colisión frontolateral,Buen tiempo,Pleno día,1,0,0,1
4305,2019,Alicante,9,Domingo,19,Travesía,Otro,Colisión frontolateral,Buen tiempo,Amanecer/Anochecer,1,0,0,1
4306,2019,Alicante,9,Lunes,16,Travesía,Otro,Choque obstáculo lateral,Buen tiempo,Pleno día,1,0,0,1
4307,2019,Alicante,9,Viernes,19,Travesía,Otro,Colisión por alcance,Buen tiempo,Amanecer/Anochecer,1,0,0,1
4308,2019,Alicante,9,Lunes,19,Travesía,Otro,Choque obstáculo lateral,Buen tiempo,Amanecer/Anochecer,1,0,0,1
4309,2019,Alicante,10,Sábado,13,Travesía,Otro,Salida vía izquierda,Buen tiempo,Pleno día,2,0,0,2
4310,2019,Alicante,10,Martes,15,Travesía,Otro,Choque obstáculo lateral,Buen tiempo,Pleno día,1,0,0,1
4311,2019,Alicante,10,Lunes,12,Travesía,Otro,Colisión frontolateral,Buen tiempo,Pleno día,1,0,0,1
4312,2019,Alicante,10,Lunes,22,Travesía,Otro,Colisión frontolateral,Buen tiempo,Noche sin iluminación,1,0,0,1
4313,2019,Alicante,11,Lunes,18,Travesía,Otro,Colisión por alcance,Buen tiempo,Noche sin iluminación,1,0,0,1
4314,2019,Alicante,11,Jueves,14,Travesía,Otro,Choque obstáculo lateral,Buen tiempo,Pleno día,1,0,0,1
4315,2019,Alicante,11,Lunes,8,Travesía,Otro,Caída de motociclista,Buen tiempo,Pleno día,1,0,0,1
4316,2019,Alicante,11,Lunes,1,Travesía,Otro,Caída de motociclista,Buen tiempo,Noche sin iluminación,1,0,0,1
4317,2019,Alicante,11,Miércoles,7,Travesía,Otro,Colisión frontolateral,Buen tiempo,Amanecer/Anochecer,1,0,0,1
4318,2019,Alicante,11,Lunes,17,Travesía,Otro,Colisión lateral,Buen tiempo,Pleno día,1,0,0,1
4319,2019,Alicante,11,Viernes,9,Travesía,Otro,Choque obstáculo lateral,Buen tiempo,Pleno día,1,0,0,1
4320,2019,Alicante,11,Domingo,18,Travesía,Otro,Se desconoce,Buen tiempo,Noche con iluminación,1,0,0,1
4321,2019,Alicante,11,Miércoles,22,Travesía,Otro,Colisión frontolateral,Buen tiempo,Noche sin iluminación,2,0,0,2
4322,2019,Alicante,1,Lunes,19,Travesía,Otro,Colisión frontolateral,Buen tiempo,Amanecer/Anochecer,1,0,0,1
4323,2019,Alicante,2,Miércoles,17,Travesía,Otro,Colisión frontolateral,Buen tiempo,Pleno día,2,0,1,1
4324,2019,Alicante,3,Jueves,18,Travesía,Otro,Salida vía izquierda,Buen tiempo,Amanecer/Anochecer,1,0,0,1
4325,2019,Alicante,3,Viernes,14,Travesía,Otro,Colisión por alcance,Buen tiempo,Pleno día,2,0,0,2
4326,2019,Alicante,11,Miércoles,21,Travesía,Otro,Otro tipo,Buen tiempo,Noche sin iluminación,2,0,0,2
4327,2019,Alicante,11,Jueves,15,Travesía,Otro,Choque obstáculo lateral,Buen tiempo,Pleno día,1,0,0,1
4328,2019,Alicante,3,Martes,19,Travesía,Otro,Animal en calzada,Buen tiempo,Noche con iluminación,1,0,0,1
4329,2019,Alicante,3,Jueves,18,Travesía,Otro,Colisión frontolateral,Buen tiempo,Amanecer/Anochecer,1,0,0,1
4330,2019,Alicante,4,Miércoles,14,Travesía,Otro,Colisión frontolateral,Buen tiempo,Amanecer/Anochecer,1,0,1,0
4331,2019,Alicante,4,Sábado,8,Travesía,Otro,Salida vía izquierda,Buen tiempo,Pleno día,1,0,0,1
4332,2019,Alicante,4,Lunes,18,Travesía,Otro,Animal en calzada,Buen tiempo,Noche con iluminación,1,0,1,0
4333,2019,Alicante,4,Domingo,16,Travesía,Otro,Choque obstáculo lateral,Buen tiempo,Pleno día,2,0,0,2
4334,2019,Alicante,4,Miércoles,18,Travesía,Otro,Choque obstáculo lateral,Buen tiempo,Pleno día,1,0,1,0
4335,2019,Alicante,4,Domingo,4,Travesía,Otro,Colisión frontolateral,Buen tiempo,Noche sin iluminación,1,0,0,1
4336,2019,Alicante,4,Viernes,15,Travesía,Otro,Colisión frontolateral,Buen tiempo,Pleno día,1,0,1,0
4337,2019,Alicante,5,Jueves,14,Travesía,Otro,Colisión por alcance,Buen tiempo,Pleno día,1,0,0,1
4338,2019,Alicante,5,Viernes,19,Travesía,Otro,Colisión frontolateral,Buen tiempo,Amanecer/Anochecer,1,0,0,1
4339,2019,Alicante,5,Viernes,13,Travesía,Otro,Salida vía izquierda,Buen tiempo,Pleno día,2,0,0,2
4340,2019,Alicante,5,Domingo,16,Travesía,Otro,Colisión frontolateral,Buen tiempo,Pleno día,1,0,0,1
4341,2019,Alicante,6,Sábado,16,Travesía,Otro,Se desconoce,Buen tiempo,Pleno día,1,0,0,1
4342,2019,Alicante,6,Jueves,1,Travesía,Otro,Colisión frontal,Buen tiempo,Noche sin iluminación,2,0,0,2
4343,2019,Alicante,10,Sábado,5,Travesía,Otro,Se desconoce,Buen tiempo,Noche sin iluminación,1,0,0,1
4344,2019,Alicante,8,Domingo,13,Travesía,Otro,Colisión frontolateral,Buen tiempo,Pleno día,1,0,1,0
4345,2019,Alicante,8,Viernes,22,Travesía,Otro,Otro tipo,Buen tiempo,Noche sin iluminación,1,0,1,0
4346,2019,Alicante,7,Miércoles,22,Travesía,Otro,Colisión frontolateral,Buen tiempo,Noche sin iluminación,1,0,1,0
4347,2019,Alicante,7,Domingo,10,Travesía,Otro,Otro tipo,Buen tiempo,Pleno día,1,0,0,1
4348,2019,Alicante,7,Lunes,1,Travesía,Otro,Colisión frontolateral,Buen tiempo,Noche sin iluminación,2,0,0,2
4349,2019,Alicante,7,Domingo,4,Travesía,Otro,Se desconoce,Buen tiempo,Noche sin iluminación,1,0,1,0
4350,2019,Alicante,7,Viernes,11,Travesía,Otro,Choque obstáculo lateral,Buen tiempo,Pleno día,1,0,1,0
4351,2019,Alicante,7,Martes,1,Travesía,Otro,Salida vía izquierda,Buen tiempo,Noche sin iluminación,2,0,0,2
4352,2019,Alicante,12,Martes,10,Travesía,Otro,Salida vía izquierda,Buen tiempo,Pleno día,3,0,0,3