ID_ACCIDENTE,AÑO,PROVINCIA,MES,DIA_SEMANA,HORA,ZONA,TIPO_VIA,TIPO_ACCIDENTE,CONDICION_METEO,CONDICION_ILUMINACION,TOTAL_VICTIMAS,FALLECIDOS_24H,HERIDOS_GRAVES,HERIDOS_LEVES
4353,2019,Alicante,11,Viernes,19,Travesía,Otro,Salida vía izquierda,Buen tiempo,Noche sin iluminación,1,0,0,1
4354,2019,Alicante,12,Viernes,9,Travesía,Otro,Colisión frontolateral,Buen tiempo,Pleno día,1,0,0,1
4355,2019,Alicante,8,Miércoles,13,Travesía,Otro,Colisión frontolateral,Buen tiempo,Pleno día,1,0,0,1
4356,2019,Alicante,10,Domingo,9,Zona interurbana,Vía urbana,Colisión frontolateral,Buen tiempo,Pleno día,1,0,0,1
4357,2019,Alicante,6,Viernes,9,Travesía,Otro,Colisión frontolateral,Buen tiempo,Pleno día,1,0,0,1
4358,2019,Alicante,10,Martes,14,Travesía,Otro,Colisión por alcance,Buen tiempo,Pleno día,1,0,0,1
4359,2019,Alicante,12,Jueves,19,Travesía,Otro,Choque obstáculo lateral,Buen tiempo,Noche sin iluminación,1,0,0,1
4360,2019,Alicante,12,Lunes,21,Travesía,Otro,Colisión frontolateral,Buen tiempo,Noche sin iluminación,1,0,0,1
4361,2019,Alicante,12,Sábado,18,Travesía,Otro,Colisión por alcance,Buen tiempo,Pleno día,1,0,0,1
4362,2019,Alicante,7,Martes,10,Travesía,Otro,Colisión lateral,Buen tiempo,Pleno día,1,0,0,1
4363,2019,Alicante,10,Miércoles,17,Travesía,Otro,Choque obstáculo lateral,Buen tiempo,Pleno día,1,0,0,1
4364,2019,Alicante,12,Domingo,9,Travesía,Otro,Animal en calzada,Buen tiempo,Pleno día,1,0,1,0
4365,2019,Alicante,8,Domingo,9,Travesía,Travesía,Animal en calzada,Buen tiempo,Pleno día,1,0,0,1
4366,2019,Alicante,3,Sábado,11,Zona interurbana,Vía urbana,Se desconoce,Buen tiempo,Pleno día,1,0,1,0
4367,2019,Alicante,5,Jueves,12,Travesía,Travesía,Choque obstáculo mediana,Buen tiempo,Pleno día,1,0,1,0
4368,2019,Alicante,9,Domingo,12,Zona interurbana,Vía urbana,Colisión frontolateral,Buen tiempo,Pleno día,2,0,0,2
4369,2019,Alicante,1,Martes,10,Travesía,Otro,Colisión frontolateral,Buen tiempo,Pleno día,2,0,1,1
4370,2019,Alicante,7,Miércoles,11,Travesía,Otro,Colisión frontolateral,Buen tiempo,Pleno día,1,0,1,0
4371,2019,Alicante,7,Lunes,20,Travesía,Otro,Colisión frontolateral,Buen tiempo,Pleno día,1,0,1,0
4372,2019,Alicante,10,Jueves,20,Zona interurbana,Ramal/enlace,Salida vía izquierda,Buen tiempo,Se desconoce,1,0,0,1
4373,2019,Alicante,1,Domingo,16,Zona interurbana,Vía urbana,Colisión por alcance,Buen tiempo,Pleno día,1,0,0,1
4374,2019,Alicante,5,Miércoles,13,Zona interurbana,Autopista,Choque obstáculo mediana,Buen tiempo,Pleno día,1,0,0,1
4375,2019,Alicante,8,Jueves,21,Zona interurbana,Vía urbana,Colisión múltiple,Buen tiempo,Se desconoce,9,0,0,9
4376,2019,Alicante,8,Sábado,19,Zona interurbana,Autopista,Atropello a ciclista,Buen tiempo,Pleno día,4,1,2,1
4377,2019,Alicante,8,Domingo,9,Zona interurbana,Camino vecinal,Se desconoce,Buen tiempo,Pleno día,1,0,0,1
4378,2019,Alicante,9,Miércoles,20,Zona interurbana,Vía urbana,Colisión frontal,Buen tiempo,Se desconoce,3,0,2,1
4379,2019,Alicante,9,Miércoles,7,Zona interurbana,Ramal/enlace,Atropello a peatón,Buen tiempo,Se desconoce,1,0,0,1
4380,2019,Alicante,9,Domingo,10,Zona interurbana,Vía urbana,Choque obstáculo mediana,Buen tiempo,Pleno día,1,0,0,1
4381,2019,Alicante,11,Lunes,10,Zona interurbana,Vía urbana,Caída de motociclista,Buen tiempo,Pleno día,1,0,0,1
4382,2019,Alicante,11,Martes,18,Zona interurbana,Vía urbana,Colisión por alcance,Buen tiempo,Se desconoce,6,0,0,6
4383,2019,Alicante,12,Jueves,1,Zona interurbana,Autopista,Caída de ocupante,Buen tiempo,Se desconoce,1,0,1,0
4384,2019,Alicante,12,Martes,9,Zona interurbana,Vía urbana,Colisión por alcance,Buen tiempo,Pleno día,1,0,0,1
4385,2019,Alicante,1,Jueves,10,Travesía,Otro,Choque obstáculo lateral,Buen tiempo,Pleno día,1,0,0,1
4386,2019,Alicante,1,Lunes,17,Travesía,Otro,Choque obstáculo lateral,Buen tiempo,Amanecer/Anochecer,1,0,0,1
4387,2019,Alicante,2,Martes,6,Zona interurbana,Vía convencional,Colisión por alcance,Buen tiempo,Noche ilum. insuficiente,2,0,0,2
4388,2019,Alicante,2,Domingo,15,Zona interurbana,Vía urbana,Colisión frontal,Buen tiempo,Pleno día,3,1,2,0
4389,2019,Alicante,2,Domingo,16,Zona interurbana,Calle,Atropello a ciclista,Buen tiempo,Pleno día,1,0,0,1
4390,2019,Alicante,3,Lunes,18,Zona interurbana,Vía convencional,Atropello a ciclista,Buen tiempo,Pleno día,2,0,0,2
4391,2019,Alicante,3,Domingo,1,Zona interurbana,Camino vecinal,Atropello a ciclista,Buen tiempo,Noche ilum. insuficiente,1,0,0,1
4392,2019,Alicante,3,Domingo,5,Zona interurbana,Vía convencional,Salida vía izquierda,Buen tiempo,Se desconoce,2,0,0,2
4393,2019,Alicante,3,Martes,18,Zona interurbana,Vía convencional,Caída de motociclista,Buen tiempo,Pleno día,2,0,0,2
4394,2019,Alicante,3,Martes,14,Zona interurbana,Vía convencional,Caída de motociclista,Buen tiempo,Pleno día,1,0,0,1
4395,2019,Alicante,3,Lunes,9,Travesía,Otro,Choque obstáculo lateral,Buen tiempo,Pleno día,1,0,0,1
4396,2019,Alicante,3,Martes,20,Travesía,Otro,Colisión por alcance,Lluvia,Noche sin iluminación,2,0,0,2
4397,2019,Alicante,3,Sábado,15,Travesía,Otro,Objeto desprendido,Buen tiempo,Pleno día,1,0,0,1
4398,2019,Alicante,4,Domingo,1,Zona interurbana,Vía urbana,Caída de ocupante,Buen tiempo,Noche ilum. insuficiente,2,0,0,2
4399,2019,Alicante,4,Domingo,15,Zona interurbana,Vía convencional,Atropello a ciclista,Lluvia,Pleno día,1,0,1,0
4400,2019,Alicante,4,Martes,9,Travesía,Otro,Choque obstáculo calzada,Buen tiempo,Pleno día,1,0,1,0
4401,2019,Alicante,5,Sábado,22,Travesía,Otro,Colisión frontolateral,Buen tiempo,Noche sin iluminación,1,0,1,0
4402,2019,Alicante,4,Viernes,12,Travesía,Otro,Choque obstáculo lateral,Buen tiempo,Pleno día,1,0,0,1
4403,2019,Alicante,5,Domingo,13,Zona interurbana,Vía convencional,Se desconoce,Buen tiempo,Pleno día,1,0,0,1
4404,2019,Alicante,5,Viernes,23,Travesía,Otro,Choque obstáculo lateral,Buen tiempo,Noche sin iluminación,1,0,0,1
4405,2019,Alicante,5,Martes,19,Travesía,Otro,Choque obstáculo lateral,Buen tiempo,Amanecer/Anochecer,1,0,0,1
4406,2019,Alicante,5,Lunes,14,Travesía,Otro,Choque obstáculo lateral,Buen tiempo,Pleno día,1,0,1,0
4407,2019,Alicante,5,Martes,10,Zona interurbana,Vía convencional,Colisión lateral,Buen tiempo,Pleno día,3,0,2,1
4408,2019,Alicante,5,Sábado,13,Travesía,Otro,Colisión múltiple,Buen tiempo,Pleno día,3,0,0,3
4409,2019,Alicante,5,Domingo,19,Travesía,Otro,Choque obstáculo lateral,Buen tiempo,Pleno día,1,0,0,1
4410,2019,Alicante,6,Domingo,22,Zona interurbana,Vía urbana,Caída de ocupante,Buen tiempo,Se desconoce,1,0,0,1
4411,2019,Alicante,5,Lunes,13,Travesía,Otro,Choque obstáculo lateral,Buen tiempo,Pleno día,1,0,1,0
4412,2019,Alicante,6,Sábado,2,Zona interurbana,Vía urbana,Salida vía izquierda,Buen tiempo,Se desconoce,1,0,0,1
4413,2019,Alicante,6,Jueves,23,Zona interurbana,Vía urbana,Colisión frontolateral,Buen tiempo,Se desconoce,4,1,1,2
4414,2019,Alicante,6,Sábado,0,Zona interurbana,Vía convencional,Choque obstáculo lateral,Buen tiempo,Se desconoce,1,0,0,1
4415,2019,Alicante,6,Viernes,10,Zona interurbana,Vía urbana,Colisión frontolateral,Buen tiempo,Pleno día,1,0,0,1
4416,2019,Alicante,7,Miércoles,15,Travesía,Otro,Colisión frontal,Buen tiempo,Pleno día,2,0,0,2
4417,2019,Alicante,7,Jueves,11,Travesía,Otro,Colisión frontolateral,Buen tiempo,Pleno día,1,0,0,1
4418,2019,Alicante,7,Sábado,21,Zona interurbana,Otro urbano,Atropello a ciclista,Buen tiempo,Pleno día,3,0,0,3
4419,2019,Alicante,7,Miércoles,4,Zona interurbana,Vía convencional,Colisión por alcance,Buen tiempo,Se desconoce,6,0,0,6
4420,2019,Alicante,7,Domingo,19,Zona interurbana,Vía convencional,Colisión por alcance,Buen tiempo,Pleno día,3,0,0,3
4421,2019,Alicante,7,Lunes,19,Travesía,Otro,Colisión por alcance,Buen tiempo,Amanecer/Anochecer,2,0,0,2
4422,2019,Alicante,8,Lunes,14,Zona interurbana,Vía convencional,Colisión múltiple,Buen tiempo,Pleno día,15,0,0,15
4423,2019,Alicante,8,Domingo,10,Travesía,Otro,Colisión frontolateral,Buen tiempo,Pleno día,1,0,0,1
4424,2019,Alicante,8,Sábado,12,Zona interurbana,Vía convencional,Colisión múltiple,Buen tiempo,Pleno día,3,0,0,3
4425,2019,Alicante,8,Domingo,15,Zona interurbana,Vía convencional,Colisión por alcance,Buen tiempo,Pleno día,2,0,0,2
4426,2019,Alicante,8,Lunes,10,Zona interurbana,Vía urbana,Otro tipo,Buen tiempo,Pleno día,1,0,0,1
4427,2019,Alicante,9,Miércoles,7,Zona interurbana,Vía convencional,Salida vía izquierda,Buen tiempo,Pleno día,1,0,0,1
4428,2019,Alicante,8,Sábado,23,Travesía,Otro,Colisión frontolateral,Buen tiempo,Noche sin iluminación,4,0,0,4
4429,2019,Alicante,8,Lunes,15,Travesía,Otro,Colisión lateral,Buen tiempo,Pleno día,1,0,0,1
4430,2019,Alicante,10,Viernes,14,Zona interurbana,Vía urbana,Colisión por alcance,Buen tiempo,Pleno día,2,0,0,2
4431,2019,Alicante,5,Martes,16,Travesía,Otro,Colisión por alcance,Buen tiempo,Pleno día,1,0,0,1
4432,2019,Alicante,11,Viernes,16,Travesía,Otro,Colisión frontolateral,Buen tiempo,Pleno día,1,0,0,1
4433,2019,Alicante,5,Jueves,20,Travesía,Otro,Choque obstáculo lateral,Buen tiempo,Noche con iluminación,1,0,0,1
4434,2019,Alicante,11,Viernes,14,Travesía,Otro,Choque obstáculo lateral,Buen tiempo,Pleno día,1,0,0,1
4435,2019,Alicante,11,Miércoles,11,Travesía,Otro,Choque obstáculo lateral,Buen tiempo,Pleno día,1,0,1,0
4436,2019,Alicante,11,Sábado,19,Zona interurbana,Vía convencional,Colisión por alcance,Buen tiempo,Se desconoce,2,0,0,2
4437,2019,Alicante,12,Viernes,19,Zona interurbana,Vía urbana,Colisión por alcance,Buen tiempo,Se desconoce,2,0,0,2
4438,2019,Alicante,7,Sábado,15,Zona interurbana,Vía urbana,Atropello a peatón,Buen tiempo,Pleno día,1,0,0,1
4439,2019,Alicante,2,Viernes,12,Zona interurbana,Vía urbana,Colisión múltiple,Buen tiempo,Pleno día,1,0,0,1
4440,2019,Alicante,3,Martes,9,Zona interurbana,Vía urbana,Colisión frontolateral,Buen tiempo,Pleno día,1,0,0,1
4441,2019,Alicante,4,Domingo,16,Zona interurbana,Vía urbana,Salida vía izquierda,Nieve,Pleno día,1,0,0,1
4442,2019,Alicante,6,Viernes,22,Zona interurbana,Calle,Colisión por alcance,Buen tiempo,Se desconoce,2,0,0,2
4443,2019,Alicante,6,Martes,15,Zona interurbana,Vía urbana,Colisión por alcance,Buen tiempo,Pleno día,1,0,0,1
4444,2019,Alicante,7,Lunes,7,Zona interurbana,Calle,Caída de motociclista,Buen tiempo,Pleno día,1,0,0,1
4445,2019,Alicante,7,Viernes,19,Zona interurbana,Vía urbana,Colisión por alcance,Buen tiempo,Pleno día,1,0,0,1
4446,2019,Alicante,8,Miércoles,12,Zona interurbana,Vía urbana,Colisión frontolateral,Buen tiempo,Pleno día,1,0,0,1
4447,2019,Alicante,9,Sábado,17,Zona interurbana,Vía urbana,Salida vía izquierda,Buen tiempo,Pleno día,1,0,1,0
4448,2019,Alicante,10,Lunes,13,Zona interurbana,Vía urbana,Animal en calzada,Buen tiempo,Pleno día,1,0,0,1
4449,2019,Alicante,10,Viernes,3,Zona interurbana,Autovía,Vuelco en calzada,Buen tiempo,Se desconoce,1,0,1,0
4450,2019,Alicante,10,Viernes,11,Zona interurbana,Calle,Colisión frontolateral,Buen tiempo,Pleno día,1,0,0,1
4451,2019,Alicante,1,Jueves,16,Zona interurbana,Vía urbana,Colisión múltiple,Buen tiempo,Pleno día,1,0,0,1
4452,2019,Alicante,3,Jueves,14,Zona interurbana,Vía urbana,Atropello a ciclista,Buen tiempo,Pleno día,1,0,0,1
4453,2019,Alicante,4,Viernes,13,Zona interurbana,Vía urbana,Otro tipo,Buen tiempo,Pleno día,1,0,0,1
4454,2019,Alicante,4,Viernes,17,Zona interurbana,Vía urbana,Colisión frontolateral,Lluvia,Pleno día,4,0,1,3
4455,2019,Alicante,4,Jueves,8,Zona interurbana,Vía urbana,Colisión frontal,Buen tiempo,Pleno día,2,0,2,0
4456,2019,Alicante,10,Sábado,0,Zona interurbana,Vía urbana,Se desconoce,Buen tiempo,Se desconoce,1,0,0,1
4457,2019,Alicante,11,Domingo,21,Travesía,Otro,Se desconoce,Buen tiempo,Se desconoce,1,0,0,1
4458,2019,Alicante,11,Domingo,8,Zona interurbana,Vía urbana,Choque obstáculo lateral,Buen tiempo,Pleno día,1,0,0,1
4459,2019,Alicante,10,Jueves,10,Zona interurbana,Vía urbana,Animal en calzada,Buen tiempo,Pleno día,1,0,0,1
4460,2019,Alicante,11,Miércoles,21,Zona interurbana,Vía urbana,Otro tipo,Buen tiempo,Se desconoce,1,0,1,0
4461,2019,Alicante,11,Jueves,6,Zona interurbana,Vía urbana,Atropello a ciclista,Buen tiempo,Noche con iluminación,1,0,0,1
4462,2019,Alicante,11,Viernes,9,Zona interurbana,Vía urbana,Choque obstáculo mediana,Buen tiempo,Pleno día,1,0,0,1
4463,2019,Alicante,12,Domingo,5,Zona interurbana,Vía urbana,Atropello a ciclista,Buen tiempo,Noche ilum. insuficiente,1,0,0,1
4464,2019,Alicante,1,Domingo,9,Zona interurbana,Calle,Caída de ocupante,Granizo,Pleno día,2,0,1,1
4465,2019,Alicante,1,Domingo,12,Travesía,Otro urbano,Atropello a peatón,Buen tiempo,Pleno día,1,0,0,1
4466,2019,Alicante,4,Lunes,11,Zona interurbana,Vía convencional,Objeto desprendido,Buen tiempo,Pleno día,1,0,0,1
4467,2019,Alicante,4,Miércoles,9,Zona interurbana,Vía convencional,Colisión múltiple,Buen tiempo,Pleno día,2,0,0,2
4468,2019,Alicante,5,Jueves,22,Zona interurbana,Calle,Se desconoce,Buen tiempo,Se desconoce,1,0,0,1
4469,2019,Alicante,8,Lunes,10,Zona interurbana,Vía convencional,Colisión por alcance,Buen tiempo,Pleno día,1,0,0,1
4470,2019,Alicante,8,Miércoles,11,Zona interurbana,Calle,Colisión frontolateral,Buen tiempo,Pleno día,2,0,0,2
4471,2019,Alicante,9,Lunes,17,Zona interurbana,Autovía,Colisión múltiple,Buen tiempo,Pleno día,4,0,0,4
4472,2019,Alicante,9,Viernes,1,Zona interurbana,Vía convencional,Se desconoce,Buen tiempo,Noche ilum. insuficiente,1,0,0,1
4473,2019,Alicante,10,Jueves,13,Zona interurbana,Vía convencional,Objeto desprendido,Lluvia,Pleno día,1,0,0,1
4474,2019,Alicante,12,Domingo,15,Zona interurbana,Calle,Atropello a ciclista,Buen tiempo,Pleno día,1,0,0,1
4475,2019,Almería,5,Domingo,10,Zona interurbana,Vía urbana,Choque obstáculo mediana,Buen tiempo,Pleno día,1,0,1,0
4476,2019,Almería,2,Sábado,23,Zona interurbana,Vía urbana,Se desconoce,Buen tiempo,Se desconoce,1,0,0,1
4477,2019,Almería,2,Jueves,22,Zona interurbana,Vía urbana,Otro tipo,Buen tiempo,Se desconoce,1,0,0,1
4478,2019,Almería,1,Miércoles,22,Travesía,Otro,Colisión frontolateral,Buen tiempo,Noche sin iluminación,1,0,0,1
4479,2019,Almería,1,Sábado,16,Travesía,Otro,Colisión por alcance,Buen tiempo,Pleno día,2,0,0,2
4480,2019,Almería,1,Jueves,14,Travesía,Otro,Choque obstáculo calzada,Lluvia,Pleno día,1,0,0,1
4481,2019,Almería,2,Viernes,21,Travesía,Otro,Choque obstáculo lateral,Buen tiempo,Noche sin iluminación,1,0,0,1
4482,2019,Almería,2,Miércoles,21,Zona interurbana,Vía urbana,Colisión por alcance,Buen tiempo,Se desconoce,1,0,0,1
4483,2019,Almería,2,Lunes,16,Travesía,Otro,Colisión frontolateral,Buen tiempo,Pleno día,1,0,0,1
4484,2019,Almería,3,Viernes,8,Travesía,Otro,Colisión frontal,Buen tiempo,Amanecer/Anochecer,1,0,0,1
4485,2019,Almería,3,Martes,16,Travesía,Otro,Colisión frontolateral,Buen tiempo,Pleno día,4,0,0,4
4486,2019,Almería,3,Domingo,11,Zona interurbana,Vía urbana,Salida vía izquierda,Lluvia,Pleno día,1,0,0,1
4487,2019,Almería,3,Viernes,10,Travesía,Otro,Choque obstáculo lateral,Buen tiempo,Pleno día,1,0,1,0
4488,2019,Almería,3,Jueves,18,Zona interurbana,Vía urbana,Colisión múltiple,Buen tiempo,Pleno día,4,0,0,4
4489,2019,Almería,4,Viernes,14,Zona interurbana,Vía convencional,Colisión lateral,Lluvia,Pleno día,1,0,0,1
4490,2019,Almería,4,Martes,20,Zona interurbana,Vía convencional,Colisión por alcance,Buen tiempo,Pleno día,1,0,0,1
4491,2019,Almería,4,Martes,10,Travesía,Otro,Choque obstáculo lateral,Buen tiempo,Pleno día,2,0,0,2
4492,2019,Almería,5,Miércoles,11,Travesía,Otro,Colisión por alcance,Buen tiempo,Pleno día,1,0,0,1
4493,2019,Almería,5,Lunes,9,Zona interurbana,Vía urbana,Colisión por alcance,Buen tiempo,Pleno día,1,0,0,1
4494,2019,Almería,5,Lunes,20,Travesía,Otro,Choque obstáculo lateral,Buen tiempo,Noche con iluminación,1,0,0,1
4495,2019,Almería,5,Miércoles,17,Travesía,Otro,Colisión frontolateral,Buen tiempo,Pleno día,1,0,0,1
4496,2019,Almería,6,Lunes,6,Zona interurbana,Vía convencional,Objeto desprendido,Buen tiempo,Amanecer/Anochecer,1,0,0,1
4497,2019,Almería,5,Sábado,14,Travesía,Otro,Colisión lateral,Buen tiempo,Pleno día,1,0,0,1
4498,2019,Almería,6,Sábado,14,Zona interurbana,Vía convencional,Caída de ocupante,Buen tiempo,Pleno día,3,0,0,3
4499,2019,Almería,6,Domingo,5,Zona interurbana,Vía convencional,Otro tipo,Buen tiempo,Noche sin iluminación,1,0,0,1
4500,2019,Almería,7,Viernes,11,Travesía,Otro,Colisión frontolateral,Buen tiempo,Pleno día,1,0,0,1
4501,2019,Almería,7,Viernes,12,Travesía,Otro,Choque obstáculo lateral,Buen tiempo,Pleno día,1,0,0,1
4502,2019,Almería,7,Viernes,13,Zona interurbana,Vía urbana,Choque obstáculo mediana,Buen tiempo,Pleno día,1,0,0,1
4503,2019,Almería,7,Domingo,12,Travesía,Otro,Colisión frontolateral,Buen tiempo,Pleno día,2,0,0,2
4504,2019,Almería,8,Viernes,17,Travesía,Otro,Colisión frontolateral,Buen tiempo,Pleno día,1,0,0,1
4505,2019,Almería,8,Miércoles,18,Travesía,Otro,Animal en calzada,Buen tiempo,Pleno día,1,0,0,1
4506,2019,Almería,8,Jueves,11,Travesía,Otro,Colisión por alcance,Buen tiempo,Pleno día,1,0,0,1
4507,2019,Almería,8,Lunes,12,Travesía,Otro,Colisión frontolateral,Buen tiempo,Pleno día,1,0,1,0
4508,2019,Almería,8,Martes,11,Travesía,Otro,Colisión frontolateral,Buen tiempo,Pleno día,1,0,0,1
4509,2019,Almería,9,Domingo,6,Zona interurbana,Vía urbana,Colisión lateral,Buen tiempo,Se desconoce,1,0,0,1
4510,2019,Almería,9,Viernes,13,Travesía,Otro,Choque obstáculo lateral,Buen tiempo,Pleno día,1,0,0,1
4511,2019,Almería,10,Lunes,10,Travesía,Otro,Choque obstáculo lateral,Buen tiempo,Pleno día,1,0,0,1
4512,2019,Almería,10,Domingo,13,Travesía,Otro,Colisión por alcance,Buen tiempo,Pleno día,1,0,0,1
4513,2019,Almería,10,Viernes,9,Zona interurbana,Vía urbana,Caída de motociclista,Lluvia,Pleno día,1,0,0,1
4514,2019,Almería,10,Jueves,13,Zona interurbana,Vía convencional,Salida vía izquierda,Buen tiempo,Pleno día,2,0,2,0
4515,2019,Almería,11,Domingo,6,Zona interurbana,Vía urbana,Choque obstáculo lateral,Buen tiempo,Noche sin iluminación,1,1,0,0
4516,2019,Almería,12,Lunes,18,Zona interurbana,Vía convencional,Colisión por alcance,Lluvia,Se desconoce,1,0,0,1
4517,2019,Almería,1,Domingo,4,Zona interurbana,Vía urbana,Se desconoce,Buen tiempo,Se desconoce,2,1,1,0
4518,2019,Almería,2,Miércoles,21,Travesía,Otro,Choque obstáculo lateral,Buen tiempo,Noche sin iluminación,1,0,0,1
4519,2019,Almería,3,Sábado,17,Zona interurbana,Calle,Salida vía izquierda,Buen tiempo,Pleno día,1,0,1,0
4520,2019,Almería,3,Jueves,0,Zona interurbana,Vía urbana,Choque obstáculo mediana,Buen tiempo,Se desconoce,1,1,0,0
4521,2019,Almería,3,Miércoles,18,Zona interurbana,Vía urbana,Choque obstáculo mediana,Buen tiempo,Pleno día,1,0,0,1
4522,2019,Almería,5,Sábado,21,Zona interurbana,Vía urbana,Choque obstáculo lateral,Buen tiempo,Se desconoce,1,1,0,0
4523,2019,Almería,5,Viernes,6,Zona interurbana,Calle,Choque obstáculo mediana,Buen tiempo,Pleno día,1,0,0,1
4524,2019,Almería,7,Domingo,6,Zona interurbana,Vía urbana,Caída de ocupante,Buen tiempo,Amanecer/Anochecer,1,0,1,0
4525,2019,Almería,12,Lunes,9,Zona interurbana,Vía urbana,Colisión frontolateral,Buen tiempo,Pleno día,1,0,0,1
4526,2019,Almería,8,Domingo,1,Zona interurbana,Vía urbana,Caída de motociclista,Buen tiempo,Se desconoce,3,1,2,0
4527,2019,Almería,10,Martes,16,Zona interurbana,Vía urbana,Salida vía izquierda,Granizo,Pleno día,1,0,0,1
4528,2019,Almería,11,Martes,16,Zona interurbana,Vía urbana,Colisión frontolateral,Buen tiempo,Pleno día,1,0,0,1
4529,2019,Almería,12,Miércoles,7,Zona interurbana,Vía urbana,Atropello a ciclista,Buen tiempo,Se desconoce,1,0,0,1
4530,2019,Almería,2,Domingo,9,Zona interurbana,Vía urbana,Animal en calzada,Buen tiempo,Pleno día,1,0,0,1
4531,2019,Almería,1,Sábado,1,Zona interurbana,Vía urbana,Vuelco en calzada,Buen tiempo,Se desconoce,2,0,0,2
4532,2019,Almería,11,Martes,19,Zona interurbana,Vía urbana,Atropello a ciclista,Buen tiempo,Se desconoce,1,0,0,1
4533,2019,Almería,2,Domingo,12,Zona interurbana,Vía urbana,Colisión frontolateral,Buen tiempo,Pleno día,2,0,1,1
4534,2019,Almería,5,Domingo,14,Zona interurbana,Vía urbana,Colisión frontal,Buen tiempo,Pleno día,2,0,0,2
4535,2019,Almería,10,Sábado,12,Zona interurbana,Vía urbana,Choque obstáculo mediana,Buen tiempo,Pleno día,1,0,0,1
4536,2019,Almería,10,Jueves,12,Travesía,Otro,Choque obstáculo lateral,Buen tiempo,Pleno día,1,1,0,0
4537,2019,Almería,1,Miércoles,18,Zona interurbana,Ramal/enlace,Colisión por alcance,Buen tiempo,Se desconoce,2,0,0,2
4538,2019,Almería,1,Miércoles,3,Zona interurbana,Vía convencional,Choque obstáculo calzada,Buen tiempo,Se desconoce,1,0,1,0
4539,2019,Almería,1,Lunes,20,Travesía,Otro,Colisión por alcance,Buen tiempo,Noche sin iluminación,2,0,0,2
4540,2019,Almería,1,Jueves,7,Travesía,Otro,Colisión frontolateral,Buen tiempo,Pleno día,1,0,0,1
4541,2019,Almería,1,Jueves,18,Travesía,Otro,Choque obstáculo lateral,Buen tiempo,Noche sin iluminación,1,0,0,1
4542,2019,Almería,1,Martes,8,Zona interurbana,Vía urbana,Colisión por alcance,Buen tiempo,Noche sin iluminación,3,0,0,3
4543,2019,Almería,1,Martes,16,Zona interurbana,Vía urbana,Colisión múltiple,Buen tiempo,Pleno día,3,0,0,3
4544,2019,Almería,1,Domingo,23,Travesía,Otro,Colisión frontolateral,Buen tiempo,Pleno día,1,0,0,1
4545,2019,Almería,1,Viernes,7,Travesía,Otro,Animal en calzada,Buen tiempo,Noche sin iluminación,1,0,0,1
4546,2019,Almería,1,Viernes,7,Travesía,Otro,Colisión frontolateral,Buen tiempo,Noche sin iluminación,1,0,0,1
4547,2019,Almería,1,Miércoles,12,Travesía,Otro,Choque obstáculo lateral,Buen tiempo,Pleno día,1,0,0,1
4548,2019,Almería,1,Sábado,12,Zona interurbana,Vía urbana,Colisión frontolateral,Buen tiempo,Pleno día,1,0,0,1
4549,2019,Almería,1,Lunes,0,Zona interurbana,Vía urbana,Se desconoce,Buen tiempo,Noche sin iluminación,4,0,0,4
4550,2019,Almería,1,Domingo,9,Travesía,Otro,Colisión frontolateral,Buen tiempo,Pleno día,1,0,0,1
4551,2019,Almería,1,Domingo,10,Zona interurbana,Vía urbana,Se desconoce,Buen tiempo,Pleno día,1,0,0,1
4552,2019,Almería,1,Sábado,17,Zona interurbana,Vía urbana,Otro tipo,Buen tiempo,Pleno día,4,0,0,4
4553,2019,Almería,1,Martes,8,Travesía,Otro,Colisión frontolateral,Buen tiempo,Pleno día,1,0,0,1
4554,2019,Almería,1,Lunes,11,Travesía,Otro,Colisión por alcance,Buen tiempo,Pleno día,1,0,0,1
4555,2019,Almería,1,Viernes,23,Zona interurbana,Vía urbana,Atropello a ciclista,Buen tiempo,Noche sin iluminación,1,0,1,0
4556,2019,Almería,1,Miércoles,16,Travesía,Otro,Choque obstáculo lateral,Buen tiempo,Pleno día,1,0,0,1
4557,2019,Almería,1,Domingo,18,Zona interurbana,Vía urbana,Caída de motociclista,Lluvia,Noche con iluminación,1,0,0,1
4558,2019,Almería,1,Martes,14,Travesía,Otro,Colisión por alcance,Buen tiempo,Pleno día,1,0,0,1
4559,2019,Almería,1,Domingo,11,Zona interurbana,Camino vecinal,Colisión por alcance,Buen tiempo,Pleno día,2,0,0,2
4560,2019,Almería,1,Lunes,16,Travesía,Otro,Animal en calzada,Buen tiempo,Pleno día,1,0,0,1
4561,2019,Almería,1,Jueves,19,Zona interurbana,Vía urbana,Otro tipo,Buen tiempo,Se desconoce,1,0,0,1
4562,2019,Almería,1,Jueves,7,Zona interurbana,Vía urbana,Colisión frontolateral,Buen tiempo,Se desconoce,1,0,0,1
4563,2019,Almería,1,Jueves,14,Zona interurbana,Vía urbana,Colisión por alcance,Buen tiempo,Pleno día,1,0,0,1