ID_ACCIDENTE,AÑO,PROVINCIA,MES,DIA_SEMANA,HORA,ZONA,TIPO_VIA,TIPO_ACCIDENTE,CONDICION_METEO,CONDICION_ILUMINACION,TOTAL_VICTIMAS,FALLECIDOS_24H,HERIDOS_GRAVES,HERIDOS_LEVES
4564,2019,Almería,2,Domingo,15,Travesía,Otro,Colisión frontolateral,Buen tiempo,Pleno día,1,0,0,1
4565,2019,Almería,1,Miércoles,15,Travesía,Otro,Colisión frontolateral,Buen tiempo,Pleno día,3,0,0,3
4566,2019,Almería,1,Jueves,5,Zona urbana,Vía urbana,Se desconoce,Buen tiempo,Se desconoce,1,0,0,1
4567,2019,Almería,1,Miércoles,22,Travesía,Otro,Colisión frontolateral,Buen tiempo,Noche sin iluminación,2,0,0,2
4568,2019,Almería,2,Viernes,12,Travesía,Otro,Colisión por alcance,Buen tiempo,Pleno día,3,0,0,3
4569,2019,Almería,2,Lunes,16,Travesía,Otro,Colisión frontolateral,Buen tiempo,Pleno día,1,0,0,1
4570,2019,Almería,2,Martes,7,Zona interurbana,Vía urbana,Colisión múltiple,Buen tiempo,Pleno día,1,0,0,1
4571,2019,Almería,1,Miércoles,10,Travesía,Otro,Colisión frontolateral,Buen tiempo,Pleno día,1,0,0,1
4572,2019,Almería,1,Martes,11,Travesía,Otro,Colisión por alcance,Buen tiempo,Pleno día,1,0,0,1
4573,2019,Almería,1,Lunes,20,Travesía,Otro,Colisión frontolateral,Buen tiempo,Noche sin iluminación,1,0,0,1
4574,2019,Almería,2,Jueves,9,Travesía,Otro,Colisión frontolateral,Buen tiempo,Pleno día,1,0,0,1
4575,2019,Almería,2,Miércoles,16,Travesía,Otro,Colisión frontolateral,Buen tiempo,Pleno día,2,0,0,2
4576,2019,Almería,2,Viernes,12,Travesía,Otro,Choque obstáculo lateral,Buen tiempo,Pleno día,2,0,0,2
4577,2019,Almería,1,Lunes,14,Travesía,Otro,Colisión frontolateral,Buen tiempo,Pleno día,1,0,0,1
4578,2019,Almería,2,Viernes,13,Travesía,Otro,Colisión por alcance,Buen tiempo,Pleno día,1,0,0,1
4579,2019,Almería,2,Martes,19,Zona interurbana,Vía urbana,Atropello a ciclista,Buen tiempo,Se desconoce,1,0,0,1
4580,2019,Almería,1,Jueves,8,Travesía,Otro,Choque obstáculo lateral,Buen tiempo,Pleno día,1,0,0,1
4581,2019,Almería,1,Martes,20,Travesía,Otro,Choque obstáculo lateral,Buen tiempo,Noche sin iluminación,1,0,0,1
4582,2019,Almería,2,Martes,17,Travesía,Otro,Objeto desprendido,Buen tiempo,Pleno día,1,0,0,1
4583,2019,Almería,2,Viernes,14,Zona interurbana,Camino vecinal,Colisión por alcance,Buen tiempo,Pleno día,1,0,0,1
4584,2019,Almería,2,Sábado,12,Zona interurbana,Travesía,Colisión lateral,Buen tiempo,Pleno día,1,0,0,1
4585,2019,Almería,2,Viernes,10,Travesía,Otro,Colisión lateral,Buen tiempo,Pleno día,1,0,0,1
4586,2019,Almería,1,Martes,13,Zona interurbana,Vía urbana,Objeto desprendido,Buen tiempo,Pleno día,1,0,0,1
4587,2019,Almería,1,Lunes,13,Red viaria urbana,Vía convencional,Colisión por alcance,Buen tiempo,Pleno día,1,0,0,1
4588,2019,Almería,1,Lunes,18,Travesía,Otro,Objeto desprendido,Buen tiempo,Noche con iluminación,1,0,0,1
4589,2019,Almería,2,Miércoles,22,Travesía,Otro,Colisión frontolateral,Buen tiempo,Noche sin iluminación,1,0,0,1
4590,2019,Almería,2,Viernes,20,Travesía,Otro,Colisión frontolateral,Buen tiempo,Noche sin iluminación,1,0,0,1
4591,2019,Almería,2,Lunes,13,Travesía,Otro,Colisión por alcance,Buen tiempo,Pleno día,2,0,0,2
4592,2019,Almería,2,Lunes,10,Travesía,Otro,Objeto desprendido,Buen tiempo,Pleno día,2,0,1,1
4593,2019,Almería,2,Martes,8,Travesía,Otro,Colisión frontolateral,Buen tiempo,Pleno día,1,0,0,1
4594,2019,Almería,2,Miércoles,7,Travesía,Otro,Colisión frontolateral,Buen tiempo,Pleno día,1,0,0,1
4595,2019,Almería,3,Viernes,18,Zona interurbana,Vía urbana,Se desconoce,Buen tiempo,Amanecer/Anochecer,1,0,0,1
4596,2019,Almería,2,Lunes,8,Zona interurbana,Ramal/enlace,Colisión por alcance,Buen tiempo,Pleno día,1,0,0,1
4597,2019,Almería,2,Martes,8,Travesía,Otro,Objeto desprendido,Buen tiempo,Pleno día,1,0,0,1
4598,2019,Almería,2,Jueves,13,Zona interurbana,Vía urbana,Se desconoce,Buen tiempo,Pleno día,1,0,0,1
4599,2019,Almería,2,Miércoles,7,Travesía,Otro,Colisión frontolateral,Buen tiempo,Pleno día,1,0,0,1
4600,2019,Almería,2,Miércoles,17,Travesía,Otro,Colisión frontolateral,Buen tiempo,Pleno día,1,0,0,1
4601,2019,Almería,3,Viernes,7,Travesía,Otro,Colisión frontolateral,Buen tiempo,Pleno día,1,0,0,1
4602,2019,Almería,3,Viernes,8,Travesía,Otro,Colisión por alcance,Buen tiempo,Pleno día,1,0,0,1
4603,2019,Almería,3,Jueves,13,Travesía,Otro,Choque obstáculo lateral,Buen tiempo,Pleno día,2,0,0,2
4604,2019,Almería,3,Viernes,18,Zona interurbana,Vía convencional,Colisión por alcance,Buen tiempo,Pleno día,1,0,0,1
4605,2019,Almería,3,Sábado,15,Travesía,Otro,Colisión frontolateral,Buen tiempo,Pleno día,2,0,0,2
4606,2019,Almería,1,Martes,15,Travesía,Otro,Colisión frontolateral,Buen tiempo,Pleno día,1,0,0,1
4607,2019,Almería,1,Sábado,12,Travesía,Otro,Colisión frontolateral,Buen tiempo,Pleno día,1,0,0,1
4608,2019,Almería,1,Domingo,13,Travesía,Otro,Choque obstáculo lateral,Buen tiempo,Pleno día,1,0,0,1
4609,2019,Almería,3,Martes,18,Zona interurbana,Vía urbana,Colisión lateral,Buen tiempo,Pleno día,1,0,0,1
4610,2019,Almería,2,Miércoles,12,Travesía,Otro,Colisión frontolateral,Buen tiempo,Pleno día,1,0,0,1
4611,2019,Almería,2,Lunes,12,Travesía,Otro,Colisión frontal,Buen tiempo,Pleno día,1,0,0,1
4612,2019,Almería,3,Jueves,8,Travesía,Otro,Choque obstáculo lateral,Buen tiempo,Pleno día,1,0,0,1
4613,2019,Almería,3,Sábado,13,Zona interurbana,Vía urbana,Colisión por alcance,Buen tiempo,Pleno día,1,0,0,1
4614,2019,Almería,3,Sábado,9,Zona interurbana,Vía convencional,Atropello a ciclista,Buen tiempo,Pleno día,1,0,0,1
4615,2019,Almería,3,Miércoles,15,Zona interurbana,Camino vecinal,Colisión frontolateral,Buen tiempo,Pleno día,1,0,0,1
4616,2019,Almería,3,Viernes,17,Zona interurbana,Vía urbana,Colisión frontolateral,Buen tiempo,Pleno día,3,0,0,3
4617,2019,Almería,3,Viernes,14,Travesía,Otro,Choque obstáculo lateral,Buen tiempo,Pleno día,1,0,0,1
4618,2019,Almería,2,Martes,10,Travesía,Otro,Choque obstáculo lateral,Buen tiempo,Pleno día,1,0,0,1
4619,2019,Almería,2,Sábado,6,Travesía,Otro,Choque obstáculo lateral,Buen tiempo,Noche sin iluminación,1,0,0,1
4620,2019,Almería,3,Sábado,20,Travesía,Otro,Colisión frontolateral,Buen tiempo,Noche sin iluminación,1,0,0,1
4621,2019,Almería,3,Martes,10,Zona urbana,Camino vecinal,Colisión lateral,Buen tiempo,Pleno día,1,0,0,1
4622,2019,Almería,2,Viernes,14,Travesía,Otro,Choque obstáculo lateral,Buen tiempo,Pleno día,1,0,0,1
4623,2019,Almería,3,Viernes,12,Zona interurbana,Vía convencional,Colisión por alcance,Buen tiempo,Pleno día,1,0,0,1
4624,2019,Almería,3,Viernes,20,Travesía,Travesía,Colisión por alcance,Buen tiempo,Noche sin iluminación,1,0,0,1
4625,2019,Almería,3,Sábado,2,Travesía,Otro,Caída de ocupante,Buen tiempo,Noche sin iluminación,1,0,1,0
4626,2019,Almería,3,Miércoles,10,Travesía,Otro,Colisión por alcance,Buen tiempo,Pleno día,1,0,0,1
4627,2019,Almería,3,Martes,6,Travesía,Otro,Colisión por alcance,Buen tiempo,Noche con iluminación,1,0,0,1
4628,2019,Almería,3,Martes,10,Travesía,Otro,Colisión lateral,Buen tiempo,Pleno día,1,0,0,1
4629,2019,Almería,3,Sábado,10,Travesía,Otro,Choque obstáculo lateral,Lluvia,Pleno día,1,0,0,1
4630,2019,Almería,3,Miércoles,11,Travesía,Otro,Choque obstáculo lateral,Buen tiempo,Pleno día,1,0,0,1
4631,2019,Almería,3,Viernes,8,Travesía,Otro,Colisión frontolateral,Buen tiempo,Pleno día,1,0,0,1
4632,2019,Almería,3,Miércoles,16,Travesía,Otro,Colisión frontolateral,Buen tiempo,Pleno día,1,0,0,1
4633,2019,Almería,3,Domingo,0,Travesía,Otro,Colisión frontolateral,Buen tiempo,Noche sin iluminación,2,0,0,2
4634,2019,Almería,3,Viernes,13,Zona interurbana,Vía urbana,Caída de motociclista,Buen tiempo,Pleno día,2,0,2,0
4635,2019,Almería,2,Lunes,10,Travesía,Otro,Colisión por alcance,Buen tiempo,Pleno día,1,0,0,1
4636,2019,Almería,3,Sábado,13,Travesía,Otro,Colisión por alcance,Granizo,Pleno día,1,0,0,1
4637,2019,Almería,3,Sábado,20,Travesía,Otro,Se desconoce,Buen tiempo,Noche sin iluminación,1,0,0,1
4638,2019,Almería,3,Miércoles,16,Travesía,Otro,Colisión frontolateral,Buen tiempo,Pleno día,2,0,0,2
4639,2019,Almería,2,Martes,21,Travesía,Otro,Colisión frontolateral,Buen tiempo,Noche sin iluminación,1,0,1,0
4640,2019,Almería,3,Viernes,19,Travesía,Otro,Colisión por alcance,Buen tiempo,Pleno día,4,0,0,4
4641,2019,Almería,4,Lunes,8,Travesía,Otro,Choque obstáculo lateral,Buen tiempo,Pleno día,1,0,0,1
4642,2019,Almería,3,Jueves,21,Travesía,Otro,Colisión frontolateral,Buen tiempo,Noche sin iluminación,1,0,0,1
4643,2019,Almería,3,Viernes,12,Travesía,Otro,Animal en calzada,Buen tiempo,Pleno día,1,0,0,1
4644,2019,Almería,4,Lunes,19,Travesía,Otro,Colisión frontolateral,Buen tiempo,Pleno día,2,0,0,2
4645,2019,Almería,4,Viernes,21,Travesía,Otro,Colisión frontolateral,Buen tiempo,Noche sin iluminación,1,0,0,1
4646,2019,Almería,2,Viernes,17,Travesía,Travesía,Choque obstáculo lateral,Buen tiempo,Pleno día,1,0,0,1
4647,2019,Almería,4,Lunes,9,Travesía,Otro,Colisión frontolateral,Buen tiempo,Pleno día,1,0,0,1
4648,2019,Almería,2,Miércoles,22,Travesía,Otro,Objeto desprendido,Buen tiempo,Noche con iluminación,1,0,0,1
4649,2019,Almería,2,Jueves,13,Travesía,Otro,Objeto desprendido,Buen tiempo,Pleno día,2,0,0,2
4650,2019,Almería,4,Jueves,17,Travesía,Otro,Choque obstáculo lateral,Buen tiempo,Pleno día,1,0,0,1
4651,2019,Almería,4,Viernes,5,Travesía,Otro,Se desconoce,Buen tiempo,Noche sin iluminación,1,0,0,1
4652,2019,Almería,4,Jueves,7,Zona interurbana,Vía urbana,Colisión frontolateral,Buen tiempo,Pleno día,3,0,0,3
4653,2019,Almería,4,Martes,8,Zona interurbana,Vía convencional,Colisión por alcance,Buen tiempo,Pleno día,3,0,0,3
4654,2019,Almería,4,Martes,8,Zona interurbana,Vía convencional,Colisión por alcance,Buen tiempo,Pleno día,1,0,0,1
4655,2019,Almería,4,Jueves,14,Travesía,Otro,Colisión frontolateral,Buen tiempo,Pleno día,1,0,0,1
4656,2019,Almería,4,Lunes,20,Travesía,Otro,Colisión frontolateral,Buen tiempo,Noche sin iluminación,1,0,0,1
4657,2019,Almería,4,Sábado,12,Travesía,Otro,Colisión por alcance,Buen tiempo,Pleno día,1,0,0,1
4658,2019,Almería,4,Miércoles,14,Zona interurbana,Vía urbana,Colisión por alcance,Buen tiempo,Pleno día,2,0,0,2
4659,2019,Almería,3,Domingo,15,Travesía,Otro,Choque obstáculo lateral,Buen tiempo,Pleno día,1,0,0,1
4660,2019,Almería,3,Domingo,7,Travesía,Otro,Colisión frontolateral,Buen tiempo,Pleno día,1,0,0,1
4661,2019,Almería,3,Lunes,14,Travesía,Otro,Animal en calzada,Buen tiempo,Pleno día,1,0,0,1
4662,2019,Almería,4,Lunes,22,Travesía,Otro,Colisión frontolateral,Buen tiempo,Noche sin iluminación,1,0,0,1
4663,2019,Almería,3,Domingo,14,Travesía,Otro,Colisión frontolateral,Buen tiempo,Pleno día,1,0,1,0
4664,2019,Almería,4,Viernes,20,Zona interurbana,Vía convencional,Colisión por alcance,Lluvia,Se desconoce,1,0,0,1
4665,2019,Almería,4,Sábado,15,Zona interurbana,Vía urbana,Colisión frontolateral,Buen tiempo,Pleno día,1,0,0,1
4666,2019,Almería,3,Sábado,17,Travesía,Otro,Choque obstáculo lateral,Buen tiempo,Pleno día,1,0,0,1
4667,2019,Almería,3,Domingo,11,Travesía,Otro,Colisión frontolateral,Buen tiempo,Pleno día,1,0,0,1
4668,2019,Almería,4,Lunes,10,Travesía,Otro,Colisión por alcance,Buen tiempo,Pleno día,1,0,0,1
4669,2019,Almería,4,Martes,14,Zona interurbana,Vía convencional,Colisión múltiple,Granizo,Pleno día,2,0,0,2
4670,2019,Almería,4,Jueves,19,Travesía,Otro,Colisión frontolateral,Buen tiempo,Pleno día,1,0,0,1
4671,2019,Almería,4,Domingo,11,Zona interurbana,Vía urbana,Colisión por alcance,Buen tiempo,Pleno día,1,0,0,1
4672,2019,Almería,4,Lunes,19,Travesía,Otro,Choque obstáculo calzada,Buen tiempo,Pleno día,2,0,0,2
4673,2019,Almería,4,Lunes,16,Travesía,Otro,Colisión frontolateral,Buen tiempo,Pleno día,1,0,0,1
4674,2019,Almería,4,Viernes,23,Travesía,Otro,Animal en calzada,Buen tiempo,Noche sin iluminación,1,0,1,0
4675,2019,Almería,4,Jueves,13,Travesía,Otro,Colisión lateral,Buen tiempo,Pleno día,1,0,0,1
4676,2019,Almería,4,Viernes,12,Travesía,Otro,Colisión lateral,Buen tiempo,Pleno día,1,0,0,1
4677,2019,Almería,4,Jueves,21,Travesía,Otro,Colisión frontolateral,Buen tiempo,Noche con iluminación,1,0,0,1
4678,2019,Almería,4,Sábado,17,Zona interurbana,Vía urbana,Atropello a ciclista,Buen tiempo,Pleno día,1,0,0,1
4679,2019,Almería,3,Miércoles,17,Travesía,Otro,Colisión frontolateral,Buen tiempo,Pleno día,1,0,0,1
4680,2019,Almería,5,Sábado,8,Travesía,Otro,Colisión frontolateral,Buen tiempo,Pleno día,1,0,0,1
4681,2019,Almería,5,Jueves,19,Travesía,Otro,Choque obstáculo lateral,Buen tiempo,Pleno día,1,0,0,1
4682,2019,Almería,5,Sábado,17,Travesía,Otro,Choque obstáculo lateral,Buen tiempo,Pleno día,1,0,0,1
4683,2019,Almería,4,Martes,13,Travesía,Otro,Colisión por alcance,Buen tiempo,Pleno día,2,0,0,2
4684,2019,Almería,5,Sábado,9,Zona interurbana,Ramal/enlace,Colisión frontolateral,Buen tiempo,Pleno día,3,0,0,3
4685,2019,Almería,4,Domingo,14,Travesía,Otro,Colisión frontolateral,Buen tiempo,Pleno día,1,0,0,1
4686,2019,Almería,4,Jueves,13,Travesía,Otro,Choque obstáculo lateral,Buen tiempo,Pleno día,1,0,0,1
4687,2019,Almería,4,Jueves,10,Travesía,Otro,Colisión frontal,Granizo,Pleno día,1,0,0,1
4688,2019,Almería,5,Miércoles,16,Travesía,Otro,Choque obstáculo lateral,Buen tiempo,Pleno día,1,0,0,1
4689,2019,Almería,4,Jueves,6,Travesía,Otro urbano,Colisión frontolateral,Buen tiempo,Noche sin iluminación,1,0,0,1
4690,2019,Almería,5,Martes,16,Travesía,Otro,Colisión por alcance,Buen tiempo,Pleno día,2,0,0,2
4691,2019,Almería,5,Miércoles,11,Travesía,Otro,Se desconoce,Buen tiempo,Pleno día,1,0,0,1
4692,2019,Almería,4,Miércoles,20,Travesía,Otro,Colisión frontolateral,Buen tiempo,Noche sin iluminación,1,0,1,0
4693,2019,Almería,5,Sábado,12,Travesía,Otro,Colisión frontolateral,Buen tiempo,Pleno día,1,0,0,1
4694,2019,Almería,5,Lunes,21,Travesía,Otro,Colisión frontolateral,Buen tiempo,Noche sin iluminación,1,0,0,1
4695,2019,Almería,5,Viernes,16,Travesía,Otro,Colisión frontolateral,Buen tiempo,Pleno día,1,0,0,1
4696,2019,Almería,5,Martes,8,Zona interurbana,Vía convencional,Colisión lateral,Buen tiempo,Pleno día,2,0,0,2
4697,2019,Almería,5,Viernes,4,Zona interurbana,Vía urbana,Caída de motociclista,Buen tiempo,Se desconoce,1,0,0,1
4698,2019,Almería,4,Martes,9,Travesía,Otro,Colisión por alcance,Buen tiempo,Pleno día,2,0,1,1
4699,2019,Almería,5,Martes,19,Travesía,Otro,Choque obstáculo lateral,Buen tiempo,Amanecer/Anochecer,1,0,0,1
4700,2019,Almería,5,Sábado,14,Travesía,Otro,Colisión frontolateral,Buen tiempo,Pleno día,1,0,0,1
4701,2019,Almería,5,Viernes,22,Zona interurbana,Vía urbana,Colisión por alcance,Buen tiempo,Noche sin iluminación,1,0,0,1
4702,2019,Almería,5,Martes,14,Travesía,Otro,Colisión por alcance,Buen tiempo,Pleno día,1,0,0,1
4703,2019,Almería,5,Miércoles,14,Travesía,Otro,Choque obstáculo lateral,Buen tiempo,Pleno día,1,0,0,1
4704,2019,Almería,5,Lunes,19,Travesía,Otro,Colisión por alcance,Buen tiempo,Pleno día,1,0,0,1
4705,2019,Almería,5,Domingo,14,Travesía,Otro urbano,Colisión frontolateral,Buen tiempo,Pleno día,1,0,0,1
4706,2019,Almería,5,Lunes,8,Travesía,Otro,Se desconoce,Buen tiempo,Pleno día,1,0,0,1
4707,2019,Almería,4,Sábado,20,Travesía,Otro,Colisión frontolateral,Buen tiempo,Noche con iluminación,3,0,0,3
4708,2019,Almería,5,Lunes,20,Travesía,Otro urbano,Colisión frontolateral,Buen tiempo,Pleno día,1,0,0,1
4709,2019,Almería,5,Viernes,17,Travesía,Otro,Colisión frontolateral,Buen tiempo,Pleno día,1,0,0,1
4710,2019,Almería,5,Lunes,0,Travesía,Otro,Otro tipo,Buen tiempo,Noche sin iluminación,2,0,0,2
4711,2019,Almería,5,Miércoles,10,Zona interurbana,Calle,Colisión frontolateral,Buen tiempo,Pleno día,2,0,0,2
4712,2019,Almería,5,Martes,8,Travesía,Otro,Colisión por alcance,Buen tiempo,Pleno día,1,0,0,1
4713,2019,Almería,5,Miércoles,19,Travesía,Otro,Colisión frontolateral,Buen tiempo,Pleno día,1,0,0,1
4714,2019,Almería,5,Martes,21,Travesía,Otro,Colisión frontolateral,Buen tiempo,Pleno día,1,0,0,1
4715,2019,Almería,5,Miércoles,11,Travesía,Otro,Colisión frontolateral,Buen tiempo,Pleno día,2,0,1,1
4716,2019,Almería,5,Viernes,8,Travesía,Otro,Colisión frontolateral,Buen tiempo,Pleno día,1,0,0,1
4717,2019,Almería,5,Viernes,10,Travesía,Otro,Colisión frontolateral,Buen tiempo,Pleno día,2,0,0,2
4718,2019,Almería,6,Domingo,11,Zona interurbana,Vía convencional,Se desconoce,Buen tiempo,Pleno día,1,0,0,1
4719,2019,Almería,5,Lunes,16,Travesía,Otro,Colisión frontolateral,Buen tiempo,Pleno día,2,0,0,2
4720,2019,Almería,6,Martes,8,Travesía,Otro,Colisión frontolateral,Buen tiempo,Pleno día,1,0,0,1
4721,2019,Almería,6,Lunes,14,Travesía,Otro,Choque obstáculo lateral,Buen tiempo,Pleno día,1,0,1,0
4722,2019,Almería,6,Lunes,18,Travesía,Otro,Colisión frontolateral,Buen tiempo,Pleno día,1,0,0,1
4723,2019,Almería,5,Miércoles,14,Travesía,Otro,Colisión frontolateral,Buen tiempo,Pleno día,1,0,0,1
4724,2019,Almería,5,Miércoles,8,Travesía,Otro,Choque obstáculo lateral,Buen tiempo,Amanecer/Anochecer,1,0,0,1
4725,2019,Almería,6,Sábado,20,Travesía,Otro,Colisión frontolateral,Buen tiempo,Pleno día,6,0,0,6
4726,2019,Almería,6,Viernes,14,Travesía,Otro,Colisión frontolateral,Buen tiempo,Pleno día,1,0,0,1
4727,2019,Almería,6,Martes,15,Travesía,Otro,Colisión frontolateral,Buen tiempo,Pleno día,2,0,1,1
4728,2019,Almería,6,Lunes,9,Travesía,Otro,Colisión por alcance,Buen tiempo,Pleno día,3,0,0,3
4729,2019,Almería,5,Sábado,22,Travesía,Otro,Colisión frontolateral,Buen tiempo,Noche sin iluminación,2,0,0,2
4730,2019,Almería,6,Miércoles,8,Travesía,Otro,Choque obstáculo lateral,Buen tiempo,Pleno día,1,0,0,1
4731,2019,Almería,6,Miércoles,8,Travesía,Otro,Colisión frontolateral,Buen tiempo,Pleno día,1,0,0,1
4732,2019,Almería,6,Sábado,15,Travesía,Otro,Colisión frontolateral,Buen tiempo,Pleno día,2,0,0,2
4733,2019,Almería,6,Jueves,16,Travesía,Otro,Colisión por alcance,Buen tiempo,Pleno día,1,0,0,1
4734,2019,Almería,6,Jueves,18,Travesía,Otro,Choque obstáculo lateral,Buen tiempo,Pleno día,1,0,0,1
4735,2019,Almería,6,Lunes,8,Zona interurbana,Vía convencional,Colisión por alcance,Buen tiempo,Pleno día,1,0,0,1
4736,2019,Almería,5,Jueves,19,Travesía,Otro,Colisión frontolateral,Buen tiempo,Pleno día,1,0,0,1
4737,2019,Almería,6,Lunes,10,Travesía,Otro,Colisión frontolateral,Buen tiempo,Pleno día,1,0,0,1
4738,2019,Almería,6,Martes,20,Travesía,Otro,Colisión por alcance,Buen tiempo,Pleno día,1,0,0,1
4739,2019,Almería,6,Lunes,9,Zona interurbana,Vía convencional,Colisión múltiple,Buen tiempo,Pleno día,4,0,0,4
4740,2019,Almería,6,Martes,10,Zona interurbana,Camino vecinal,Colisión por alcance,Buen tiempo,Pleno día,1,0,0,1
4741,2019,Almería,6,Jueves,21,Travesía,Otro,Objeto desprendido,Buen tiempo,Noche sin iluminación,1,0,0,1
4742,2019,Almería,6,Sábado,15,Travesía,Otro,Colisión frontolateral,Buen tiempo,Pleno día,1,0,0,1
4743,2019,Almería,6,Viernes,16,Travesía,Otro,Objeto desprendido,Buen tiempo,Pleno día,1,0,0,1
4744,2019,Almería,6,Jueves,11,Travesía,Otro,Choque obstáculo lateral,Buen tiempo,Pleno día,1,0,0,1
4745,2019,Almería,6,Martes,11,Zona interurbana,Vía urbana,Colisión por alcance,Buen tiempo,Pleno día,1,0,0,1
4746,2019,Almería,6,Viernes,17,Travesía,Otro,Choque obstáculo lateral,Buen tiempo,Pleno día,1,0,0,1
4747,2019,Almería,6,Domingo,9,Zona interurbana,Vía convencional,Choque obstáculo calzada,Buen tiempo,Pleno día,1,0,0,1
4748,2019,Almería,7,Martes,7,Zona interurbana,Vía convencional,Colisión por alcance,Buen tiempo,Pleno día,1,0,0,1
4749,2019,Almería,6,Domingo,22,Zona interurbana,Vía convencional,Colisión lateral,Buen tiempo,Se desconoce,1,0,0,1
4750,2019,Almería,6,Domingo,16,Travesía,Otro,Colisión frontolateral,Buen tiempo,Pleno día,1,0,0,1
4751,2019,Almería,7,Martes,18,Zona interurbana,Camino vecinal,Colisión por alcance,Buen tiempo,Pleno día,1,0,0,1
4752,2019,Almería,7,Domingo,12,Zona interurbana,Vía urbana,Colisión por alcance,Buen tiempo,Pleno día,3,0,0,3
4753,2019,Almería,7,Martes,17,Zona interurbana,Vía urbana,Colisión frontolateral,Buen tiempo,Pleno día,1,0,0,1
4754,2019,Almería,7,Lunes,13,Travesía,Otro,Colisión frontolateral,Buen tiempo,Pleno día,1,0,0,1
4755,2019,Almería,7,Martes,19,Travesía,Otro,Choque obstáculo lateral,Buen tiempo,Pleno día,1,0,0,1
4756,2019,Almería,7,Domingo,18,Travesía,Otro,Salida vía izquierda,Buen tiempo,Pleno día,2,0,0,2
4757,2019,Almería,7,Viernes,22,Travesía,Otro,Animal en calzada,Buen tiempo,Noche sin iluminación,1,0,0,1
4758,2019,Almería,7,Martes,10,Travesía,Otro,Choque obstáculo lateral,Buen tiempo,Pleno día,1,0,1,0
4759,2019,Almería,7,Domingo,23,Travesía,Otro,Colisión frontolateral,Buen tiempo,Noche sin iluminación,1,0,0,1
4760,2019,Almería,7,Martes,10,Travesía,Otro,Choque obstáculo lateral,Buen tiempo,Pleno día,1,0,0,1
4761,2019,Almería,7,Viernes,23,Travesía,Otro,Choque obstáculo lateral,Buen tiempo,Noche sin iluminación,1,0,1,0
4762,2019,Almería,7,Domingo,23,Zona interurbana,Vía urbana,Colisión lateral,Buen tiempo,Se desconoce,4,0,0,4
4763,2019,Almería,6,Domingo,16,Travesía,Otro,Colisión frontolateral,Buen tiempo,Pleno día,1,0,0,1
4764,2019,Almería,6,Martes,11,Travesía,Otro,Colisión múltiple,Buen tiempo,Pleno día,2,0,0,2
4765,2019,Almería,7,Lunes,9,Travesía,Otro,Choque obstáculo lateral,Buen tiempo,Pleno día,1,0,0,1
4766,2019,Almería,7,Lunes,21,Travesía,Otro,Choque obstáculo lateral,Buen tiempo,Pleno día,1,0,0,1
4767,2019,Almería,7,Jueves,19,Travesía,Otro,Choque obstáculo lateral,Buen tiempo,Pleno día,1,0,1,0
4768,2019,Almería,7,Sábado,17,Travesía,Otro,Choque obstáculo lateral,Buen tiempo,Pleno día,1,0,0,1
4769,2019,Almería,7,Martes,18,Travesía,Otro,Colisión por alcance,Buen tiempo,Pleno día,1,0,0,1
4770,2019,Almería,8,Domingo,20,Travesía,Otro,Choque obstáculo lateral,Buen tiempo,Pleno día,1,0,0,1
4771,2019,Almería,7,Lunes,17,Travesía,Otro,Choque obstáculo lateral,Buen tiempo,Pleno día,1,0,0,1
4772,2019,Almería,7,Lunes,14,Travesía,Otro,Colisión por alcance,Buen tiempo,Pleno día,1,0,0,1
4773,2019,Almería,7,Viernes,15,Travesía,Otro,Colisión por alcance,Buen tiempo,Pleno día,1,0,0,1
4774,2019,Almería,5,Viernes,22,Travesía,Otro,Colisión frontolateral,Buen tiempo,Noche sin iluminación,2,0,0,2
4775,2019,Almería,7,Viernes,10,Travesía,Otro,Colisión frontolateral,Buen tiempo,Pleno día,1,0,0,1
4776,2019,Almería,7,Viernes,8,Travesía,Otro,Colisión frontolateral,Buen tiempo,Pleno día,1,0,0,1
4777,2019,Almería,7,Miércoles,13,Travesía,Otro,Colisión frontolateral,Buen tiempo,Pleno día,1,0,0,1
4778,2019,Almería,8,Lunes,17,Travesía,Otro,Colisión frontolateral,Buen tiempo,Pleno día,1,0,0,1
4779,2019,Almería,8,Viernes,7,Travesía,Otro,Salida vía izquierda,Buen tiempo,Noche con iluminación,1,0,0,1
4780,2019,Almería,6,Lunes,14,Travesía,Otro,Colisión por alcance,Buen tiempo,Pleno día,1,0,0,1
4781,2019,Almería,6,Martes,12,Travesía,Otro,Colisión por alcance,Buen tiempo,Pleno día,2,0,0,2
4782,2019,Almería,7,Lunes,23,Travesía,Otro,Colisión frontolateral,Buen tiempo,Noche sin iluminación,2,0,1,1
4783,2019,Almería,6,Jueves,14,Travesía,Otro,Colisión por alcance,Buen tiempo,Pleno día,1,0,0,1
4784,2019,Almería,7,Jueves,17,Travesía,Otro,Colisión frontolateral,Buen tiempo,Pleno día,1,0,0,1
4785,2019,Almería,7,Jueves,15,Travesía,Otro,Colisión frontal,Buen tiempo,Pleno día,1,0,0,1
4786,2019,Almería,7,Jueves,10,Travesía,Otro,Colisión frontolateral,Buen tiempo,Pleno día,1,0,0,1