ID_ACCIDENTE,AÑO,PROVINCIA,MES,DIA_SEMANA,HORA,ZONA,TIPO_VIA,TIPO_ACCIDENTE,CONDICION_METEO,CONDICION_ILUMINACION,TOTAL_VICTIMAS,FALLECIDOS_24H,HERIDOS_GRAVES,HERIDOS_LEVES
4787,2019,Almería,7,Martes,19,Travesía,Otro,Colisión frontal,Buen tiempo,Pleno día,1,0,0,1
4788,2019,Almería,6,Sábado,22,Travesía,Otro,Colisión frontal,Buen tiempo,Noche sin iluminación,1,0,0,1
4789,2019,Almería,7,Martes,1,Travesía,Otro,Colisión frontolateral,Buen tiempo,Noche sin iluminación,1,0,0,1
4790,2019,Almería,7,Miércoles,14,Travesía,Otro,Colisión por alcance,Buen tiempo,Pleno día,1,0,0,1
4791,2019,Almería,6,Martes,19,Travesía,Otro,Colisión frontolateral,Buen tiempo,Pleno día,1,0,0,1
4792,2019,Almería,6,Lunes,14,Travesía,Otro,Colisión por alcance,Buen tiempo,Pleno día,2,0,0,2
4793,2019,Almería,7,Lunes,12,Travesía,Otro,Choque obstáculo lateral,Buen tiempo,Pleno día,1,0,0,1
4794,2019,Almería,7,Martes,18,Travesía,Otro,Colisión lateral,Buen tiempo,Pleno día,1,0,0,1
4795,2019,Almería,6,Viernes,12,Travesía,Otro,Choque obstáculo lateral,Buen tiempo,Pleno día,1,0,0,1
4796,2019,Almería,7,Jueves,15,Travesía,Otro,Colisión frontolateral,Buen tiempo,Pleno día,1,0,0,1
4797,2019,Almería,8,Miércoles,15,Travesía,Otro,Colisión por alcance,Buen tiempo,Pleno día,1,0,0,1
4798,2019,Almería,8,Miércoles,14,Travesía,Otro,Colisión por alcance,Buen tiempo,Pleno día,1,0,0,1
4799,2019,Almería,8,Sábado,4,Travesía,Otro,Animal en calzada,Buen tiempo,Noche sin iluminación,1,0,0,1
4800,2019,Almería,7,Domingo,20,Travesía,Otro,Choque obstáculo lateral,Buen tiempo,Pleno día,1,0,1,0
4801,2019,Almería,8,Sábado,18,Travesía,Otro,Colisión frontolateral,Buen tiempo,Pleno día,1,0,0,1
4802,2019,Almería,8,Sábado,19,Travesía,Otro,Colisión por alcance,Buen tiempo,Pleno día,1,0,0,1
4803,2019,Almería,8,Martes,3,Travesía,Otro,Salida vía izquierda,Buen tiempo,Noche sin iluminación,5,0,0,5
4804,2019,Almería,8,Lunes,13,Travesía,Otro,Colisión por alcance,Buen tiempo,Pleno día,1,0,0,1
4805,2019,Almería,8,Domingo,5,Travesía,Otro,Colisión frontolateral,Lluvia,Noche con iluminación,2,0,0,2
4806,2019,Almería,8,Jueves,18,Zona interurbana,Vía urbana,Choque obstáculo mediana,Buen tiempo,Pleno día,2,0,0,2
4807,2019,Almería,8,Lunes,22,Zona interurbana,Vía convencional,Otro tipo,Buen tiempo,Se desconoce,2,0,0,2
4808,2019,Almería,8,Viernes,10,Travesía,Otro,Colisión por alcance,Buen tiempo,Pleno día,1,0,0,1
4809,2019,Almería,8,Domingo,21,Zona interurbana,Vía convencional,Colisión por alcance,Buen tiempo,Noche con iluminación,3,0,0,3
4810,2019,Almería,9,Jueves,13,Travesía,Otro,Animal en calzada,Buen tiempo,Pleno día,1,0,0,1
4811,2019,Almería,9,Lunes,9,Zona interurbana,Vía urbana,Colisión frontolateral,Buen tiempo,Pleno día,2,0,0,2
4812,2019,Almería,9,Sábado,13,Travesía,Otro,Choque obstáculo lateral,Buen tiempo,Pleno día,2,0,0,2
4813,2019,Almería,8,Miércoles,9,Travesía,Otro,Colisión frontolateral,Buen tiempo,Pleno día,1,0,0,1
4814,2019,Almería,8,Miércoles,15,Travesía,Otro,Colisión frontolateral,Buen tiempo,Pleno día,3,0,0,3
4815,2019,Almería,8,Miércoles,18,Travesía,Otro,Colisión frontolateral,Buen tiempo,Pleno día,1,0,0,1
4816,2019,Almería,9,Viernes,8,Zona interurbana,Vía convencional,Otro tipo,Buen tiempo,Pleno día,1,0,0,1
4817,2019,Almería,9,Jueves,13,Zona interurbana,Vía urbana,Colisión frontolateral,Buen tiempo,Pleno día,2,0,0,2
4818,2019,Almería,8,Lunes,11,Travesía,Otro,Colisión por alcance,Buen tiempo,Pleno día,1,0,0,1
4819,2019,Almería,8,Martes,9,Travesía,Otro,Colisión por alcance,Buen tiempo,Pleno día,1,0,0,1
4820,2019,Almería,8,Martes,12,Travesía,Otro,Colisión por alcance,Buen tiempo,Pleno día,1,0,0,1
4821,2019,Almería,9,Sábado,0,Travesía,Otro,Colisión por alcance,Buen tiempo,Noche con iluminación,1,0,0,1
4822,2019,Almería,9,Domingo,20,Travesía,Otro,Colisión por alcance,Buen tiempo,Pleno día,1,0,0,1
4823,2019,Almería,9,Miércoles,10,Travesía,Otro,Colisión por alcance,Buen tiempo,Pleno día,1,0,0,1
4824,2019,Almería,9,Viernes,22,Travesía,Otro,Colisión frontal,Buen tiempo,Noche ilum. insuficiente,1,0,1,0
4825,2019,Almería,9,Martes,22,Zona interurbana,Vía convencional,Colisión múltiple,Buen tiempo,Se desconoce,4,0,0,4
4826,2019,Almería,9,Lunes,12,Travesía,Otro,Animal en calzada,Buen tiempo,Pleno día,1,0,0,1
4827,2019,Almería,9,Miércoles,14,Travesía,Otro,Colisión frontolateral,Buen tiempo,Pleno día,1,0,1,0
4828,2019,Almería,9,Miércoles,15,Zona interurbana,Calle,Colisión frontolateral,Granizo,Pleno día,2,0,0,2
4829,2019,Almería,9,Miércoles,14,Travesía,Otro,Salida vía izquierda,Buen tiempo,Pleno día,1,0,0,1
4830,2019,Almería,9,Miércoles,19,Zona interurbana,Vía urbana,Colisión múltiple,Granizo,Amanecer/Anochecer,1,0,0,1
4831,2019,Almería,9,Martes,23,Travesía,Otro,Colisión frontolateral,Buen tiempo,Noche sin iluminación,2,0,0,2
4832,2019,Almería,9,Martes,8,Zona interurbana,Vía urbana,Caída de motociclista,Buen tiempo,Pleno día,1,0,0,1
4833,2019,Almería,9,Lunes,12,Travesía,Otro,Colisión por alcance,Buen tiempo,Pleno día,1,0,1,0
4834,2019,Almería,9,Martes,12,Zona interurbana,Vía convencional,Colisión por alcance,Buen tiempo,Pleno día,1,0,0,1
4835,2019,Almería,9,Jueves,8,Zona interurbana,Camino vecinal,Colisión lateral,Buen tiempo,Pleno día,1,0,0,1
4836,2019,Almería,9,Sábado,21,Travesía,Otro,Colisión frontolateral,Buen tiempo,Noche sin iluminación,3,0,0,3
4837,2019,Almería,8,Miércoles,17,Travesía,Otro,Choque obstáculo lateral,Buen tiempo,Pleno día,1,0,0,1
4838,2019,Almería,8,Miércoles,20,Travesía,Otro,Choque obstáculo lateral,Buen tiempo,Noche sin iluminación,2,0,0,2
4839,2019,Almería,9,Lunes,11,Travesía,Otro,Choque obstáculo lateral,Buen tiempo,Pleno día,1,0,0,1
4840,2019,Almería,9,Jueves,23,Travesía,Otro,Colisión frontolateral,Buen tiempo,Noche sin iluminación,2,0,0,2
4841,2019,Almería,9,Sábado,12,Travesía,Otro,Salida vía izquierda,Buen tiempo,Pleno día,1,0,0,1
4842,2019,Almería,9,Lunes,16,Travesía,Otro,Otro tipo,Buen tiempo,Pleno día,1,0,0,1
4843,2019,Almería,9,Lunes,13,Travesía,Otro,Colisión lateral,Buen tiempo,Pleno día,2,0,0,2
4844,2019,Almería,9,Jueves,21,Travesía,Otro,Choque obstáculo lateral,Buen tiempo,Amanecer/Anochecer,1,0,1,0
4845,2019,Almería,8,Jueves,14,Travesía,Otro,Colisión frontolateral,Buen tiempo,Pleno día,1,0,0,1
4846,2019,Almería,9,Sábado,14,Zona interurbana,Vía urbana,Colisión lateral,Buen tiempo,Pleno día,1,0,0,1
4847,2019,Almería,8,Jueves,17,Travesía,Otro,Choque obstáculo lateral,Buen tiempo,Pleno día,1,0,0,1
4848,2019,Almería,9,Domingo,14,Zona interurbana,Vía convencional,Se desconoce,Buen tiempo,Pleno día,1,0,0,1
4849,2019,Almería,10,Jueves,11,Travesía,Otro,Choque obstáculo lateral,Buen tiempo,Pleno día,1,1,0,0
4850,2019,Almería,8,Jueves,16,Travesía,Otro,Colisión frontolateral,Buen tiempo,Pleno día,1,0,0,1
4851,2019,Almería,10,Viernes,18,Travesía,Otro,Choque obstáculo lateral,Buen tiempo,Pleno día,2,0,0,2
4852,2019,Almería,10,Miércoles,7,Zona interurbana,Vía urbana,Choque con bordillo,Buen tiempo,Pleno día,2,0,0,2
4853,2019,Almería,10,Martes,21,Zona interurbana,Vía urbana,Colisión por alcance,Buen tiempo,Se desconoce,1,0,0,1
4854,2019,Almería,10,Viernes,20,Zona interurbana,Vía urbana,Colisión por alcance,Buen tiempo,Se desconoce,2,0,0,2
4855,2019,Almería,9,Lunes,13,Travesía,Otro,Colisión por alcance,Buen tiempo,Pleno día,1,0,0,1
4856,2019,Almería,10,Lunes,16,Travesía,Otro,Colisión frontolateral,Buen tiempo,Pleno día,1,0,0,1
4857,2019,Almería,9,Domingo,20,Travesía,Otro,Colisión frontal,Buen tiempo,Noche sin iluminación,1,0,0,1
4858,2019,Almería,10,Domingo,19,Zona interurbana,Vía urbana,Colisión frontal,Buen tiempo,Pleno día,3,0,0,3
4859,2019,Almería,10,Miércoles,11,Travesía,Otro,Choque obstáculo lateral,Buen tiempo,Pleno día,2,0,0,2
4860,2019,Almería,8,Lunes,15,Travesía,Otro,Colisión por alcance,Buen tiempo,Pleno día,1,0,0,1
4861,2019,Almería,10,Jueves,10,Travesía,Otro,Colisión frontolateral,Buen tiempo,Pleno día,1,0,0,1
4862,2019,Almería,10,Domingo,21,Travesía,Otro,Objeto desprendido,Buen tiempo,Noche sin iluminación,1,0,0,1
4863,2019,Almería,9,Domingo,21,Travesía,Otro,Colisión lateral,Buen tiempo,Noche sin iluminación,1,0,0,1
4864,2019,Almería,9,Martes,0,Travesía,Otro,Colisión frontolateral,Buen tiempo,Noche sin iluminación,2,0,0,2
4865,2019,Almería,9,Lunes,13,Travesía,Otro,Choque obstáculo lateral,Buen tiempo,Pleno día,1,0,0,1
4866,2019,Almería,9,Martes,13,Travesía,Otro,Colisión frontolateral,Buen tiempo,Pleno día,1,0,0,1
4867,2019,Almería,9,Lunes,14,Travesía,Otro,Choque obstáculo lateral,Buen tiempo,Pleno día,1,0,0,1
4868,2019,Almería,9,Sábado,19,Travesía,Otro,Colisión frontolateral,Buen tiempo,Pleno día,1,0,0,1
4869,2019,Almería,10,Jueves,7,Zona interurbana,Vía convencional,Colisión múltiple,Buen tiempo,Amanecer/Anochecer,5,0,0,5
4870,2019,Almería,10,Jueves,15,Zona interurbana,Vía urbana,Colisión por alcance,Buen tiempo,Noche sin iluminación,2,0,0,2
4871,2019,Almería,10,Sábado,8,Zona interurbana,Vía urbana,Colisión frontolateral,Buen tiempo,Pleno día,1,0,0,1
4872,2019,Almería,10,Domingo,12,Zona interurbana,Vía urbana,Colisión frontolateral,Buen tiempo,Pleno día,1,0,0,1
4873,2019,Almería,10,Sábado,19,Travesía,Otro,Colisión frontolateral,Buen tiempo,Pleno día,2,0,0,2
4874,2019,Almería,10,Jueves,12,Travesía,Otro,Colisión por alcance,Buen tiempo,Pleno día,1,0,0,1
4875,2019,Almería,10,Miércoles,16,Travesía,Otro,Colisión frontolateral,Buen tiempo,Pleno día,1,0,0,1
4876,2019,Almería,9,Jueves,9,Travesía,Otro,Choque obstáculo lateral,Buen tiempo,Pleno día,1,0,0,1
4877,2019,Almería,10,Martes,7,Travesía,Otro,Colisión por alcance,Nieve,Noche con iluminación,3,0,0,3
4878,2019,Almería,10,Miércoles,13,Travesía,Otro,Colisión por alcance,Buen tiempo,Pleno día,2,0,0,2
4879,2019,Almería,10,Sábado,20,Travesía,Otro,Choque obstáculo lateral,Buen tiempo,Noche sin iluminación,2,0,0,2
4880,2019,Almería,10,Martes,14,Zona interurbana,Vía urbana,Colisión por alcance,Granizo,Pleno día,1,0,0,1
4881,2019,Almería,10,Viernes,5,Travesía,Otro,Otro tipo,Buen tiempo,Noche sin iluminación,1,0,0,1
4882,2019,Almería,10,Miércoles,14,Travesía,Otro,Colisión frontolateral,Buen tiempo,Pleno día,1,0,0,1
4883,2019,Almería,9,Viernes,11,Travesía,Otro,Choque obstáculo lateral,Buen tiempo,Pleno día,1,0,0,1
4884,2019,Almería,10,Viernes,9,Travesía,Otro,Choque obstáculo lateral,Buen tiempo,Pleno día,1,0,0,1
4885,2019,Almería,10,Sábado,14,Zona interurbana,Vía urbana,Colisión por alcance,Buen tiempo,Pleno día,3,0,0,3
4886,2019,Almería,10,Martes,19,Zona interurbana,Camino vecinal,Colisión por alcance,Buen tiempo,Noche sin iluminación,2,0,0,2
4887,2019,Almería,10,Martes,19,Travesía,Otro,Colisión por alcance,Buen tiempo,Noche ilum. insuficiente,1,0,0,1
4888,2019,Almería,10,Martes,7,Zona interurbana,Vía urbana,Colisión por alcance,Buen tiempo,Noche sin iluminación,1,0,0,1
4889,2019,Almería,10,Viernes,13,Travesía,Otro,Choque obstáculo lateral,Buen tiempo,Pleno día,1,0,0,1
4890,2019,Almería,10,Lunes,16,Travesía,Otro,Colisión frontolateral,Buen tiempo,Pleno día,1,0,0,1
4891,2019,Almería,10,Jueves,13,Travesía,Otro,Choque obstáculo lateral,Buen tiempo,Pleno día,1,0,0,1
4892,2019,Almería,11,Domingo,16,Travesía,Otro,Colisión frontolateral,Buen tiempo,Pleno día,1,0,0,1
4893,2019,Almería,10,Sábado,18,Travesía,Otro,Choque obstáculo lateral,Buen tiempo,Pleno día,1,0,1,0
4894,2019,Almería,10,Jueves,17,Zona interurbana,Vía convencional,Se desconoce,Buen tiempo,Pleno día,1,0,0,1
4895,2019,Almería,10,Sábado,13,Travesía,Otro,Choque obstáculo lateral,Buen tiempo,Pleno día,2,1,0,1
4896,2019,Almería,11,Domingo,13,Zona interurbana,Camino vecinal,Colisión lateral,Buen tiempo,Pleno día,3,0,0,3
4897,2019,Almería,11,Lunes,15,Travesía,Otro,Colisión por alcance,Buen tiempo,Pleno día,1,0,0,1
4898,2019,Almería,10,Jueves,12,Travesía,Otro,Colisión frontolateral,Buen tiempo,Pleno día,2,0,0,2
4899,2019,Almería,11,Viernes,8,Travesía,Otro,Colisión por alcance,Buen tiempo,Pleno día,1,0,0,1
4900,2019,Almería,11,Jueves,20,Zona interurbana,Vía convencional,Colisión por alcance,Buen tiempo,Se desconoce,1,0,0,1
4901,2019,Almería,11,Miércoles,8,Travesía,Otro,Objeto desprendido,Buen tiempo,Pleno día,1,0,0,1
4902,2019,Almería,11,Sábado,12,Travesía,Otro,Colisión frontolateral,Buen tiempo,Pleno día,2,0,0,2
4903,2019,Almería,11,Viernes,16,Travesía,Otro,Colisión frontolateral,Buen tiempo,Pleno día,1,0,0,1
4904,2019,Almería,10,Lunes,14,Travesía,Otro,Choque obstáculo lateral,Buen tiempo,Pleno día,2,0,1,1
4905,2019,Almería,10,Miércoles,12,Travesía,Otro,Colisión frontal,Buen tiempo,Pleno día,4,0,0,4
4906,2019,Almería,11,Viernes,11,Zona interurbana,Vía urbana,Se desconoce,Buen tiempo,Pleno día,1,0,0,1
4907,2019,Almería,11,Viernes,16,Zona interurbana,Vía urbana,Colisión por alcance,Buen tiempo,Pleno día,2,0,0,2
4908,2019,Almería,10,Lunes,23,Travesía,Otro,Colisión frontal,Buen tiempo,Noche sin iluminación,1,0,0,1
4909,2019,Almería,10,Sábado,9,Travesía,Otro,Colisión frontolateral,Buen tiempo,Pleno día,1,0,0,1
4910,2019,Almería,11,Miércoles,19,Travesía,Otro urbano,Colisión por alcance,Buen tiempo,Noche sin iluminación,1,0,0,1
4911,2019,Almería,11,Viernes,21,Travesía,Otro,Colisión frontolateral,Granizo,Noche sin iluminación,1,0,0,1
4912,2019,Almería,11,Jueves,23,Travesía,Otro,Colisión frontolateral,Granizo,Noche sin iluminación,3,0,0,3
4913,2019,Almería,11,Domingo,14,Zona interurbana,Vía urbana,Colisión frontolateral,Buen tiempo,Pleno día,1,0,0,1
4914,2019,Almería,11,Viernes,18,Travesía,Otro,Choque obstáculo lateral,Granizo,Noche sin iluminación,1,0,0,1
4915,2019,Almería,11,Domingo,17,Travesía,Calle peatonal,Colisión frontolateral,Buen tiempo,Pleno día,1,0,0,1
4916,2019,Almería,11,Viernes,8,Zona interurbana,Vía urbana,Colisión múltiple,Granizo,Amanecer/Anochecer,2,0,0,2
4917,2019,Almería,11,Sábado,18,Zona interurbana,Vía convencional,Colisión múltiple,Buen tiempo,Amanecer/Anochecer,2,0,1,1
4918,2019,Almería,11,Viernes,18,Travesía,Otro,Choque obstáculo lateral,Nieve,Pleno día,1,0,1,0
4919,2019,Almería,11,Viernes,22,Travesía,Otro,Colisión frontolateral,Buen tiempo,Noche con iluminación,1,0,0,1
4920,2019,Almería,12,Martes,7,Travesía,Otro,Choque obstáculo lateral,Granizo,Noche sin iluminación,1,0,0,1
4921,2019,Almería,11,Miércoles,21,Travesía,Otro,Colisión frontolateral,Buen tiempo,Noche sin iluminación,1,0,0,1
4922,2019,Almería,11,Jueves,13,Zona interurbana,Vía urbana,Colisión frontolateral,Buen tiempo,Pleno día,1,0,0,1
4923,2019,Almería,11,Viernes,19,Travesía,Otro,Choque obstáculo lateral,Granizo,Noche ilum. insuficiente,1,0,0,1
4924,2019,Almería,12,Lunes,12,Travesía,Otro,Colisión frontolateral,Buen tiempo,Pleno día,1,0,0,1
4925,2019,Almería,12,Sábado,6,Travesía,Otro,Colisión frontolateral,Buen tiempo,Noche sin iluminación,1,0,1,0
4926,2019,Almería,11,Domingo,6,Travesía,Otro,Caída de motociclista,Buen tiempo,Noche sin iluminación,1,0,0,1
4927,2019,Almería,12,Martes,12,Travesía,Otro,Colisión frontolateral,Buen tiempo,Pleno día,1,0,0,1
4928,2019,Almería,12,Viernes,6,Travesía,Otro,Choque obstáculo lateral,Granizo,Noche sin iluminación,1,0,0,1
4929,2019,Almería,12,Miércoles,9,Travesía,Otro,Colisión frontolateral,Buen tiempo,Pleno día,1,0,0,1
4930,2019,Almería,12,Domingo,13,Travesía,Otro,Colisión lateral,Buen tiempo,Pleno día,1,0,0,1
4931,2019,Almería,12,Sábado,10,Travesía,Otro,Caída de motociclista,Buen tiempo,Pleno día,1,0,1,0
4932,2019,Almería,12,Sábado,13,Travesía,Otro,Colisión frontolateral,Buen tiempo,Pleno día,1,0,0,1
4933,2019,Almería,12,Miércoles,10,Zona interurbana,Vía urbana,Caída de ocupante,Buen tiempo,Pleno día,1,0,1,0
4934,2019,Almería,12,Jueves,15,Travesía,Otro,Colisión frontolateral,Buen tiempo,Pleno día,2,0,0,2
4935,2019,Almería,12,Domingo,23,Travesía,Otro,Colisión frontolateral,Buen tiempo,Noche sin iluminación,1,0,0,1
4936,2019,Almería,1,Viernes,23,Zona interurbana,Vía convencional,Colisión por alcance,Buen tiempo,Se desconoce,2,0,0,2
4937,2019,Almería,2,Sábado,14,Zona interurbana,Vía urbana,Caída de motociclista,Buen tiempo,Pleno día,2,0,0,2
4938,2019,Almería,3,Viernes,19,Zona interurbana,Vía convencional,Atropello a peatón,Buen tiempo,Se desconoce,1,0,1,0
4939,2019,Almería,4,Sábado,6,Zona interurbana,Vía convencional,Atropello a ciclista,Lluvia,Amanecer/Anochecer,1,0,0,1
4940,2019,Almería,6,Martes,13,Zona interurbana,Vía urbana,Colisión por alcance,Buen tiempo,Pleno día,2,0,0,2
4941,2019,Almería,7,Domingo,14,Zona interurbana,Vía urbana,Atropello a ciclista,Buen tiempo,Pleno día,3,0,0,3
4942,2019,Almería,7,Miércoles,10,Zona interurbana,Vía urbana,Colisión por alcance,Buen tiempo,Pleno día,2,0,0,2
4943,2019,Almería,11,Miércoles,8,Zona interurbana,Vía urbana,Caída de motociclista,Buen tiempo,Pleno día,1,0,0,1
4944,2019,Almería,12,Lunes,18,Zona interurbana,Vía urbana,Colisión por alcance,Buen tiempo,Noche ilum. insuficiente,1,0,0,1
4945,2019,Almería,2,Jueves,19,Zona interurbana,Vía urbana,Colisión frontolateral,Buen tiempo,Se desconoce,1,0,0,1
4946,2019,Almería,3,Viernes,23,Zona interurbana,Calle,Vuelco en calzada,Buen tiempo,Se desconoce,2,0,0,2
4947,2019,Almería,6,Viernes,11,Travesía,Otro,Choque obstáculo lateral,Buen tiempo,Pleno día,1,0,0,1
4948,2019,Almería,8,Jueves,20,Zona interurbana,Vía urbana,Caída de motociclista,Buen tiempo,Amanecer/Anochecer,1,0,0,1
4949,2019,Almería,11,Domingo,21,Zona interurbana,Vía convencional,Colisión por alcance,Buen tiempo,Se desconoce,1,0,0,1
4950,2019,Almería,1,Domingo,10,Zona interurbana,Vía urbana,Atropello a ciclista,Granizo,Pleno día,3,0,0,3
4951,2019,Almería,1,Sábado,2,Zona interurbana,Vía urbana,Atropello a peatón,Buen tiempo,Se desconoce,1,0,0,1
4952,2019,Almería,2,Viernes,8,Zona interurbana,Vía urbana,Colisión múltiple,Buen tiempo,Pleno día,1,0,0,1
4953,2019,Almería,3,Jueves,9,Zona interurbana,Vía urbana,Colisión por alcance,Buen tiempo,Pleno día,2,0,0,2
4954,2019,Almería,6,Sábado,12,Zona interurbana,Vía urbana,Colisión frontal,Buen tiempo,Pleno día,2,0,1,1
4955,2019,Almería,6,Sábado,19,Zona interurbana,Vía urbana,Colisión frontolateral,Buen tiempo,Pleno día,2,0,0,2
4956,2019,Almería,6,Jueves,8,Zona interurbana,Vía urbana,Colisión por alcance,Buen tiempo,Pleno día,1,0,0,1
4957,2019,Almería,6,Martes,8,Zona interurbana,Vía urbana,Colisión lateral,Buen tiempo,Pleno día,1,0,0,1
4958,2019,Almería,8,Sábado,7,Zona interurbana,Vía urbana,Colisión múltiple,Buen tiempo,Noche con iluminación,1,0,0,1
4959,2019,Almería,10,Jueves,21,Zona interurbana,Vía urbana,Colisión frontal,Buen tiempo,Se desconoce,2,0,0,2
4960,2019,Almería,10,Lunes,20,Zona interurbana,Vía urbana,Colisión por alcance,Buen tiempo,Noche sin iluminación,2,0,0,2
4961,2019,Almería,1,Jueves,7,Zona interurbana,Vía urbana,Colisión múltiple,Buen tiempo,Se desconoce,2,0,0,2
4962,2019,Almería,5,Viernes,15,Zona interurbana,Vía urbana,Colisión por alcance,Buen tiempo,Pleno día,1,0,0,1
4963,2019,Almería,6,Sábado,6,Zona interurbana,Vía convencional,Colisión por alcance,Buen tiempo,Amanecer/Anochecer,5,0,0,5
4964,2019,Almería,6,Domingo,22,Zona interurbana,Vía urbana,Atropello a ciclista,Buen tiempo,Pleno día,1,0,0,1
4965,2019,Almería,8,Viernes,17,Zona interurbana,Vía urbana,Colisión frontolateral,Buen tiempo,Pleno día,1,0,0,1
4966,2019,Almería,9,Domingo,7,Zona interurbana,Vía convencional,Colisión por alcance,Buen tiempo,Amanecer/Anochecer,2,0,0,2
4967,2019,Almería,9,Lunes,13,Zona interurbana,Vía convencional,Se desconoce,Buen tiempo,Pleno día,2,0,0,2
4968,2019,Almería,9,Martes,6,Zona interurbana,Vía urbana,Colisión frontal,Buen tiempo,Amanecer/Anochecer,1,0,0,1
4969,2019,Almería,10,Lunes,21,Zona interurbana,Vía urbana,Caída de motociclista,Buen tiempo,Se desconoce,1,0,0,1
4970,2019,Almería,10,Martes,23,Zona interurbana,Vía urbana,Caída de ocupante,Buen tiempo,Se desconoce,1,0,0,1
4971,2019,Almería,11,Domingo,19,Zona interurbana,Vía urbana,Colisión frontolateral,Buen tiempo,Se desconoce,2,0,1,1
4972,2019,Almería,11,Jueves,20,Zona interurbana,Vía urbana,Otro tipo,Granizo,Se desconoce,4,0,0,4
4973,2019,Almería,2,Martes,17,Zona interurbana,Vía urbana,Se desconoce,Buen tiempo,Pleno día,1,0,0,1
4974,2019,Almería,3,Jueves,10,Travesía,Otro,Colisión frontolateral,Buen tiempo,Pleno día,1,0,0,1
4975,2019,Almería,2,Viernes,18,Zona interurbana,Vía urbana,Colisión frontolateral,Buen tiempo,Pleno día,1,0,0,1
4976,2019,Almería,3,Lunes,15,Zona interurbana,Vía urbana,Choque obstáculo mediana,Buen tiempo,Pleno día,1,0,0,1
4977,2019,Almería,6,Sábado,18,Zona interurbana,Vía urbana,Colisión frontolateral,Buen tiempo,Pleno día,2,0,0,2
4978,2019,Almería,8,Viernes,9,Zona interurbana,Vía urbana,Salida vía izquierda,Buen tiempo,Pleno día,1,0,0,1
4979,2019,Almería,12,Jueves,22,Zona interurbana,Vía urbana,Atropello a ciclista,Buen tiempo,Se desconoce,1,0,0,1
4980,2019,Almería,10,Sábado,11,Zona interurbana,Vía urbana,Atropello a peatón,Buen tiempo,Pleno día,1,0,0,1
4981,2019,Almería,1,Domingo,15,Zona interurbana,Vía urbana,Colisión frontolateral,Buen tiempo,Pleno día,3,2,1,0
4982,2019,Almería,1,Jueves,9,Zona interurbana,Vía urbana,Otro tipo,Buen tiempo,Pleno día,1,0,0,1
4983,2019,Almería,2,Domingo,11,Zona interurbana,Vía urbana,Colisión frontolateral,Buen tiempo,Pleno día,2,0,0,2
4984,2019,Almería,2,Sábado,11,Zona interurbana,Vía urbana,Colisión frontolateral,Buen tiempo,Pleno día,1,0,0,1
4985,2019,Almería,2,Sábado,22,Zona interurbana,Vía urbana,Choque obstáculo mediana,Buen tiempo,Se desconoce,1,0,0,1
4986,2019,Almería,2,Viernes,19,Zona interurbana,Vía urbana,Colisión frontolateral,Buen tiempo,Pleno día,1,0,0,1
4987,2019,Almería,2,Martes,11,Zona interurbana,Vía urbana,Colisión frontolateral,Buen tiempo,Pleno día,1,0,0,1
4988,2019,Almería,4,Martes,17,Zona interurbana,Vía urbana,Atropello a peatón,Buen tiempo,Pleno día,1,0,0,1
4989,2019,Almería,4,Viernes,22,Zona interurbana,Vía urbana,Colisión frontal,Buen tiempo,Se desconoce,1,0,0,1
4990,2019,Almería,5,Miércoles,6,Zona interurbana,Vía urbana,Caída de motociclista,Lluvia,Se desconoce,1,0,0,1
4991,2019,Almería,5,Jueves,8,Zona interurbana,Vía urbana,Colisión por alcance,Buen tiempo,Pleno día,2,0,0,2
4992,2019,Almería,5,Sábado,18,Zona interurbana,Vía urbana,Otro tipo,Buen tiempo,Pleno día,2,0,0,2
4993,2019,Almería,7,Viernes,9,Zona interurbana,Vía urbana,Colisión frontolateral,Buen tiempo,Pleno día,3,0,1,2
4994,2019,Almería,7,Lunes,18,Zona interurbana,Calle,Colisión frontolateral,Buen tiempo,Pleno día,1,0,0,1
4995,2019,Almería,8,Martes,3,Zona interurbana,Vía urbana,Choque obstáculo mediana,Buen tiempo,Se desconoce,3,1,1,1
4996,2019,Almería,8,Domingo,15,Zona interurbana,Calle,Vuelco en calzada,Buen tiempo,Pleno día,2,1,0,1
4997,2019,Almería,8,Viernes,0,Zona interurbana,Vía urbana,Choque obstáculo lateral,Buen tiempo,Se desconoce,1,0,0,1
4998,2019,Almería,8,Jueves,19,Zona interurbana,Vía urbana,Caída de motociclista,Buen tiempo,Pleno día,1,0,0,1
4999,2019,Almería,8,Viernes,12,Zona interurbana,Vía urbana,Colisión frontal,Buen tiempo,Pleno día,1,0,0,1
5000,2019,Almería,9,Miércoles,19,Zona interurbana,Vía urbana,Colisión frontal,Buen tiempo,Pleno día,3,0,0,3